case_id,event_time
SYN-00001,2025-11-09
SYN-00001,2025-12-22
SYN-00001,2025-12-22
SYN-00002,2025-11-13
SYN-00002,2026-03-26
SYN-00002,2026-03-26
SYN-00003,2026-07-06
SYN-00003,2026-07-06
SYN-00003,2026-09-06
SYN-00003,2026-09-06
SYN-00004,2026-07-28
SYN-00004,2026-11-10
SYN-00004,2026-11-10
SYN-00005,2026-07-02
SYN-00005,2027-01-11
SYN-00005,2027-01-11
SYN-00006,2026-02-21
SYN-00006,2026-06-15
SYN-00006,2026-06-15
SYN-00007,2025-12-30
SYN-00007,2026-03-22
SYN-00007,2026-03-22
SYN-00008,2026-07-11
SYN-00008,2026-10-12
SYN-00008,2026-10-12
SYN-00009,2026-06-29
SYN-00009,2026-08-03
SYN-00009,2026-08-03
SYN-00010,2026-06-09
SYN-00010,2026-10-25
SYN-00010,2026-10-25
SYN-00011,2026-05-19
SYN-00011,2026-07-05
SYN-00011,2026-07-05
SYN-00012,2026-01-26
SYN-00012,2026-07-29
SYN-00012,2026-07-29
SYN-00013,2025-11-03
SYN-00013,2025-12-28
SYN-00013,2025-12-28
SYN-00014,2026-04-18
SYN-00014,2026-10-23
SYN-00014,2026-10-23
SYN-00015,2025-12-05
SYN-00015,2026-03-07
SYN-00015,2026-03-07
SYN-00016,2025-11-02
SYN-00016,2026-01-26
SYN-00016,2026-01-26
SYN-00017,2025-11-14
SYN-00017,2026-03-29
SYN-00017,2026-03-29
SYN-00018,2026-05-12
SYN-00018,2026-08-02
SYN-00018,2026-08-02
SYN-00019,2026-07-07
SYN-00019,2026-09-01
SYN-00019,2026-09-01
SYN-00020,2026-08-21
SYN-00020,2026-12-05
SYN-00020,2026-12-05
SYN-00021,2026-05-03
SYN-00021,2026-09-13
SYN-00021,2026-09-13
SYN-00022,2026-01-24
SYN-00022,2026-04-17
SYN-00022,2026-04-17
SYN-00023,2026-01-01
SYN-00023,2026-03-20
SYN-00023,2026-03-20
SYN-00024,2026-01-22
SYN-00024,2026-07-19
SYN-00024,2026-07-19
SYN-00025,2025-12-01
SYN-00025,2026-04-18
SYN-00025,2026-04-18
SYN-00026,2026-07-20
SYN-00026,2026-10-02
SYN-00026,2026-10-02
SYN-00027,2026-01-16
SYN-00027,2026-05-01
SYN-00027,2026-05-01
SYN-00028,2026-01-31
SYN-00028,2026-08-08
SYN-00028,2026-08-08
SYN-00029,2026-08-17
SYN-00030,2025-10-30
SYN-00030,2026-04-16
SYN-00030,2026-04-16
SYN-00031,2026-08-24
SYN-00032,2026-02-15
SYN-00032,2026-08-26
SYN-00032,2026-08-26
SYN-00032,2026-08-26
SYN-00033,2026-04-30
SYN-00033,2026-08-25
SYN-00033,2026-08-25
SYN-00034,2026-02-16
SYN-00034,2026-06-24
SYN-00034,2026-06-24
SYN-00035,2025-10-27
SYN-00035,2026-01-31
SYN-00035,2026-01-31
SYN-00035,2026-01-31
SYN-00036,2026-04-22
SYN-00036,2026-08-29
SYN-00036,2026-08-29
SYN-00037,2026-08-09
SYN-00037,2026-11-10
SYN-00037,2026-11-10
SYN-00038,2026-07-06
SYN-00038,2026-12-10
SYN-00038,2026-12-10
SYN-00039,2026-01-01
SYN-00039,2026-04-08
SYN-00039,2026-04-08
SYN-00040,2026-06-10
SYN-00040,2026-11-12
SYN-00040,2026-11-12
SYN-00041,2026-02-07
SYN-00041,2026-05-02
SYN-00041,2026-05-02
SYN-00042,2026-02-16
SYN-00042,2026-08-11
SYN-00042,2026-08-11
SYN-00043,2026-08-11
SYN-00044,2025-10-22
SYN-00044,2025-12-23
SYN-00044,2025-12-23
SYN-00044,2025-12-23
SYN-00045,2026-02-02
SYN-00045,2026-07-04
SYN-00045,2026-07-04
SYN-00046,2026-02-03
SYN-00046,2026-08-19
SYN-00046,2026-08-19
SYN-00047,2025-11-01
SYN-00047,2025-12-11
SYN-00047,2025-12-11
SYN-00048,2026-01-21
SYN-00048,2026-02-21
SYN-00048,2026-02-21
SYN-00049,2026-07-05
SYN-00049,2026-10-30
SYN-00049,2026-10-30
SYN-00050,2026-03-05
SYN-00050,2026-05-10
SYN-00050,2026-05-10
SYN-00051,2026-08-20
SYN-00051,2026-09-25
SYN-00051,2026-09-25
SYN-00052,2025-11-21
SYN-00052,2026-03-20
SYN-00052,2026-03-20
SYN-00053,2025-12-31
SYN-00053,2026-02-26
SYN-00053,2026-02-26
SYN-00054,2025-10-25
SYN-00054,2026-01-17
SYN-00054,2026-01-17
SYN-00055,2025-09-27
SYN-00055,2025-12-01
SYN-00055,2025-12-01
SYN-00056,2026-05-22
SYN-00056,2026-09-03
SYN-00056,2026-09-03
SYN-00057,2026-06-16
SYN-00057,2026-08-09
SYN-00057,2026-08-09
SYN-00058,2026-05-30
SYN-00058,2026-06-29
SYN-00058,2026-06-29
SYN-00059,2025-11-27
SYN-00059,2026-05-23
SYN-00059,2026-05-23
SYN-00060,2026-03-30
SYN-00060,2026-07-27
SYN-00060,2026-07-27
SYN-00061,2026-05-26
SYN-00061,2026-12-02
SYN-00061,2026-12-02
SYN-00062,2025-12-18
SYN-00062,2026-04-26
SYN-00062,2026-04-26
SYN-00063,2026-06-13
SYN-00063,2026-07-21
SYN-00063,2026-07-21
SYN-00064,2026-02-07
SYN-00064,2026-04-27
SYN-00064,2026-04-27
SYN-00065,2026-01-18
SYN-00065,2026-05-29
SYN-00065,2026-05-29
SYN-00066,2026-02-19
SYN-00066,2026-08-16
SYN-00066,2026-08-16
SYN-00067,2026-07-19
SYN-00067,2026-12-19
SYN-00067,2026-12-19
SYN-00068,2025-12-09
SYN-00068,2026-02-21
SYN-00068,2026-02-21
SYN-00069,2026-01-02
SYN-00069,2026-02-18
SYN-00069,2026-02-18
SYN-00070,2026-05-22
SYN-00070,2026-08-22
SYN-00070,2026-08-22
SYN-00071,2026-07-20
SYN-00071,2026-09-20
SYN-00071,2026-09-20
SYN-00072,2025-10-06
SYN-00072,2026-02-25
SYN-00072,2026-02-25
SYN-00073,2026-08-09
SYN-00073,2026-11-09
SYN-00073,2026-11-09
SYN-00073,2026-11-09
SYN-00074,2026-05-16
SYN-00074,2026-11-07
SYN-00074,2026-11-07
SYN-00075,2026-05-09
SYN-00075,2026-11-13
SYN-00075,2026-11-13
SYN-00076,2026-05-02
SYN-00076,2026-08-14
SYN-00076,2026-08-14
SYN-00077,2026-08-19
SYN-00077,2026-12-12
SYN-00077,2026-12-12
SYN-00078,2025-10-14
SYN-00078,2025-11-19
SYN-00078,2025-11-19
SYN-00079,2026-02-11
SYN-00079,2026-04-11
SYN-00079,2026-04-11
SYN-00080,2025-09-09
SYN-00080,2025-12-29
SYN-00080,2025-12-29
SYN-00081,2025-12-20
SYN-00081,2026-01-28
SYN-00081,2026-01-28
SYN-00082,2026-07-19
SYN-00082,2026-07-19
SYN-00082,2026-11-16
SYN-00082,2026-11-16
SYN-00083,2025-11-25
SYN-00083,2026-03-19
SYN-00083,2026-03-19
SYN-00084,2026-06-12
SYN-00084,2026-08-12
SYN-00084,2026-08-12
SYN-00085,2026-07-23
SYN-00085,2026-07-23
SYN-00085,2026-12-27
SYN-00085,2026-12-27
SYN-00086,2026-02-13
SYN-00086,2026-07-31
SYN-00086,2026-07-31
SYN-00087,2026-04-06
SYN-00087,2026-09-17
SYN-00087,2026-09-17
SYN-00087,2026-09-17
SYN-00088,2026-08-21
SYN-00089,2026-07-23
SYN-00089,2026-12-02
SYN-00089,2026-12-02
SYN-00090,2026-07-18
SYN-00090,2026-09-17
SYN-00090,2026-09-17
SYN-00091,2026-04-22
SYN-00091,2026-08-03
SYN-00091,2026-08-03
SYN-00092,2026-05-20
SYN-00092,2026-09-20
SYN-00092,2026-09-20
SYN-00092,2026-09-20
SYN-00093,2025-09-10
SYN-00093,2026-03-17
SYN-00093,2026-03-17
SYN-00094,2026-06-18
SYN-00094,2027-01-02
SYN-00094,2027-01-02
SYN-00095,2026-05-23
SYN-00095,2026-11-25
SYN-00095,2026-11-25
SYN-00096,2026-03-22
SYN-00096,2026-08-09
SYN-00096,2026-08-09
SYN-00097,2026-08-15
SYN-00098,2026-03-09
SYN-00098,2026-04-11
SYN-00098,2026-04-11
SYN-00099,2025-12-18
SYN-00099,2025-12-18
SYN-00099,2026-02-21
SYN-00099,2026-02-21
SYN-00100,2025-10-19
SYN-00100,2026-02-13
SYN-00100,2026-02-13
SYN-00101,2026-08-12
SYN-00101,2026-12-08
SYN-00101,2026-12-08
SYN-00102,2026-04-09
SYN-00102,2026-09-08
SYN-00102,2026-09-08
SYN-00103,2026-01-31
SYN-00103,2026-06-07
SYN-00103,2026-06-07
SYN-00104,2026-08-03
SYN-00105,2025-11-21
SYN-00105,2026-02-17
SYN-00105,2026-02-17
SYN-00106,2026-03-31
SYN-00106,2026-09-04
SYN-00106,2026-09-04
SYN-00107,2025-09-03
SYN-00107,2025-10-08
SYN-00107,2025-10-08
SYN-00108,2025-10-08
SYN-00108,2026-03-09
SYN-00108,2026-03-09
SYN-00109,2025-10-25
SYN-00109,2025-11-24
SYN-00109,2025-11-24
SYN-00110,2026-04-15
SYN-00110,2026-09-21
SYN-00110,2026-09-21
SYN-00111,2026-06-09
SYN-00111,2026-10-21
SYN-00111,2026-10-21
SYN-00112,2026-07-16
SYN-00112,2026-12-28
SYN-00112,2026-12-28
SYN-00113,2025-12-17
SYN-00113,2026-05-04
SYN-00113,2026-05-04
SYN-00114,2025-11-06
SYN-00114,2026-05-01
SYN-00114,2026-05-01
SYN-00115,2026-06-09
SYN-00115,2026-07-27
SYN-00115,2026-07-27
SYN-00116,2026-01-26
SYN-00116,2026-03-22
SYN-00116,2026-03-22
SYN-00117,2026-08-10
SYN-00117,2026-11-26
SYN-00117,2026-11-26
SYN-00118,2025-09-13
SYN-00118,2025-11-22
SYN-00118,2025-11-22
SYN-00119,2026-03-23
SYN-00119,2026-07-17
SYN-00119,2026-07-17
SYN-00120,2026-05-15
SYN-00120,2026-06-26
SYN-00120,2026-06-26
SYN-00121,2026-03-02
SYN-00121,2026-05-03
SYN-00121,2026-05-03
SYN-00122,2025-11-18
SYN-00122,2025-11-18
SYN-00122,2026-01-21
SYN-00122,2026-01-21
SYN-00123,2026-06-09
SYN-00123,2026-10-30
SYN-00123,2026-10-30
SYN-00124,2025-11-13
SYN-00124,2025-11-13
SYN-00124,2026-01-24
SYN-00124,2026-01-24
SYN-00125,2025-10-22
SYN-00125,2026-02-23
SYN-00125,2026-02-23
SYN-00126,2025-10-17
SYN-00126,2026-01-18
SYN-00126,2026-01-18
SYN-00127,2026-02-26
SYN-00127,2026-06-28
SYN-00127,2026-06-28
SYN-00128,2026-06-20
SYN-00128,2026-09-04
SYN-00128,2026-09-04
SYN-00129,2025-12-26
SYN-00129,2026-05-29
SYN-00129,2026-05-29
SYN-00130,2026-07-04
SYN-00130,2026-09-25
SYN-00130,2026-09-25
SYN-00131,2026-04-03
SYN-00131,2026-08-25
SYN-00131,2026-08-25
SYN-00132,2026-05-18
SYN-00132,2026-07-03
SYN-00132,2026-07-03
SYN-00133,2026-07-29
SYN-00133,2026-12-20
SYN-00133,2026-12-20
SYN-00134,2026-06-22
SYN-00134,2026-10-11
SYN-00134,2026-10-11
SYN-00135,2026-05-31
SYN-00135,2026-07-02
SYN-00135,2026-07-02
SYN-00136,2026-02-28
SYN-00136,2026-08-17
SYN-00136,2026-08-17
SYN-00137,2026-05-22
SYN-00137,2026-08-27
SYN-00137,2026-08-27
SYN-00138,2025-10-27
SYN-00138,2026-01-15
SYN-00138,2026-01-15
SYN-00138,2026-01-15
SYN-00139,2026-06-10
SYN-00139,2026-07-25
SYN-00139,2026-07-25
SYN-00140,2026-05-11
SYN-00140,2026-10-23
SYN-00140,2026-10-23
SYN-00141,2025-10-12
SYN-00141,2026-03-09
SYN-00141,2026-03-09
SYN-00142,2025-12-15
SYN-00142,2026-02-19
SYN-00142,2026-02-19
SYN-00143,2025-11-09
SYN-00143,2026-01-13
SYN-00143,2026-01-13
SYN-00143,2026-01-13
SYN-00144,2026-05-17
SYN-00144,2026-05-17
SYN-00144,2026-09-29
SYN-00144,2026-09-29
SYN-00145,2026-08-04
SYN-00145,2026-09-18
SYN-00145,2026-09-18
SYN-00146,2026-08-21
SYN-00147,2026-01-30
SYN-00147,2026-01-30
SYN-00147,2026-05-14
SYN-00147,2026-05-14
SYN-00148,2026-05-26
SYN-00148,2026-08-09
SYN-00148,2026-08-09
SYN-00149,2026-07-05
SYN-00149,2026-09-11
SYN-00149,2026-09-11
SYN-00150,2025-12-30
SYN-00150,2026-07-02
SYN-00150,2026-07-02
SYN-00151,2026-07-27
SYN-00151,2026-12-01
SYN-00151,2026-12-01
SYN-00152,2025-12-01
SYN-00152,2026-02-10
SYN-00152,2026-02-10
SYN-00153,2026-07-19
SYN-00153,2026-11-11
SYN-00153,2026-11-11
SYN-00154,2025-12-13
SYN-00154,2026-04-10
SYN-00154,2026-04-10
SYN-00155,2026-01-24
SYN-00155,2026-06-02
SYN-00155,2026-06-02
SYN-00156,2026-02-11
SYN-00156,2026-04-01
SYN-00156,2026-04-01
SYN-00157,2025-11-05
SYN-00157,2025-12-25
SYN-00157,2025-12-25
SYN-00158,2026-02-27
SYN-00158,2026-07-18
SYN-00158,2026-07-18
SYN-00159,2025-09-02
SYN-00159,2025-10-12
SYN-00159,2025-10-12
SYN-00160,2026-06-03
SYN-00160,2026-08-18
SYN-00160,2026-08-18
SYN-00161,2026-01-13
SYN-00161,2026-07-04
SYN-00161,2026-07-04
SYN-00162,2026-06-08
SYN-00162,2026-08-18
SYN-00162,2026-08-18
SYN-00163,2026-08-26
SYN-00164,2025-11-27
SYN-00164,2026-01-09
SYN-00164,2026-01-09
SYN-00165,2026-06-15
SYN-00165,2026-10-28
SYN-00165,2026-10-28
SYN-00166,2025-11-19
SYN-00166,2026-01-12
SYN-00166,2026-01-12
SYN-00167,2026-06-16
SYN-00167,2026-09-27
SYN-00167,2026-09-27
SYN-00168,2026-06-19
SYN-00168,2026-08-10
SYN-00168,2026-08-10
SYN-00169,2026-03-25
SYN-00169,2026-09-30
SYN-00169,2026-09-30
SYN-00169,2026-09-30
SYN-00170,2026-01-15
SYN-00170,2026-05-25
SYN-00170,2026-05-25
SYN-00171,2026-02-22
SYN-00171,2026-05-28
SYN-00171,2026-05-28
SYN-00172,2025-11-23
SYN-00172,2025-11-23
SYN-00172,2026-03-18
SYN-00172,2026-03-18
SYN-00173,2026-03-11
SYN-00173,2026-06-18
SYN-00173,2026-06-18
SYN-00174,2025-12-12
SYN-00174,2026-06-16
SYN-00174,2026-06-16
SYN-00175,2025-09-28
SYN-00175,2025-12-19
SYN-00175,2025-12-19
SYN-00176,2025-10-12
SYN-00176,2026-04-26
SYN-00176,2026-04-26
SYN-00177,2026-07-20
SYN-00178,2026-05-28
SYN-00178,2026-05-28
SYN-00178,2026-10-01
SYN-00178,2026-10-01
SYN-00179,2026-06-12
SYN-00179,2026-11-16
SYN-00179,2026-11-16
SYN-00180,2025-12-31
SYN-00180,2026-05-16
SYN-00180,2026-05-16
SYN-00181,2025-10-06
SYN-00181,2025-12-02
SYN-00181,2025-12-02
SYN-00181,2025-12-02
SYN-00182,2026-02-17
SYN-00182,2026-07-27
SYN-00182,2026-07-27
SYN-00183,2025-10-17
SYN-00183,2025-12-30
SYN-00183,2025-12-30
SYN-00184,2026-01-27
SYN-00184,2026-01-27
SYN-00184,2026-03-20
SYN-00184,2026-03-20
SYN-00185,2025-11-29
SYN-00185,2026-03-03
SYN-00185,2026-03-03
SYN-00186,2026-04-01
SYN-00186,2026-09-10
SYN-00186,2026-09-10
SYN-00187,2026-07-08
SYN-00187,2026-12-19
SYN-00187,2026-12-19
SYN-00188,2026-06-21
SYN-00188,2026-09-26
SYN-00188,2026-09-26
SYN-00189,2025-11-10
SYN-00189,2025-12-19
SYN-00189,2025-12-19
SYN-00190,2026-01-02
SYN-00190,2026-02-12
SYN-00190,2026-02-12
SYN-00190,2026-02-12
SYN-00191,2026-01-05
SYN-00191,2026-06-08
SYN-00191,2026-06-08
SYN-00192,2026-01-12
SYN-00192,2026-07-11
SYN-00192,2026-07-11
SYN-00193,2025-12-01
SYN-00193,2026-03-05
SYN-00193,2026-03-05
SYN-00194,2026-05-05
SYN-00194,2026-08-21
SYN-00194,2026-08-21
SYN-00194,2026-08-21
SYN-00195,2026-01-15
SYN-00195,2026-07-31
SYN-00195,2026-07-31
SYN-00196,2025-12-07
SYN-00196,2026-01-16
SYN-00196,2026-01-16
SYN-00197,2026-02-18
SYN-00197,2026-06-04
SYN-00197,2026-06-04
SYN-00198,2025-11-17
SYN-00198,2026-03-08
SYN-00198,2026-03-08
SYN-00199,2026-01-27
SYN-00199,2026-04-14
SYN-00199,2026-04-14
SYN-00200,2026-06-18
SYN-00200,2026-07-18
SYN-00200,2026-07-18
SYN-00201,2026-06-08
SYN-00201,2026-10-24
SYN-00201,2026-10-24
SYN-00202,2026-04-30
SYN-00202,2026-07-20
SYN-00202,2026-07-20
SYN-00203,2026-04-17
SYN-00203,2026-06-25
SYN-00203,2026-06-25
SYN-00204,2025-12-24
SYN-00204,2026-03-20
SYN-00204,2026-03-20
SYN-00204,2026-03-20
SYN-00205,2025-10-04
SYN-00205,2026-01-05
SYN-00205,2026-01-05
SYN-00206,2026-06-12
SYN-00206,2026-08-10
SYN-00206,2026-08-10
SYN-00207,2026-04-12
SYN-00207,2026-08-31
SYN-00207,2026-08-31
SYN-00208,2026-07-19
SYN-00208,2026-12-11
SYN-00208,2026-12-11
SYN-00209,2026-07-18
SYN-00209,2026-12-01
SYN-00209,2026-12-01
SYN-00210,2026-06-17
SYN-00210,2026-12-04
SYN-00210,2026-12-04
SYN-00211,2026-06-07
SYN-00211,2026-07-14
SYN-00211,2026-07-14
SYN-00212,2026-08-12
SYN-00213,2026-06-13
SYN-00213,2026-08-11
SYN-00213,2026-08-11
SYN-00214,2026-08-17
SYN-00215,2025-09-22
SYN-00215,2025-12-08
SYN-00215,2025-12-08
SYN-00216,2026-07-03
SYN-00216,2026-09-19
SYN-00216,2026-09-19
SYN-00217,2026-03-31
SYN-00217,2026-06-03
SYN-00217,2026-06-03
SYN-00218,2026-03-30
SYN-00218,2026-07-08
SYN-00218,2026-07-08
SYN-00219,2026-05-29
SYN-00219,2026-09-23
SYN-00219,2026-09-23
SYN-00220,2026-03-19
SYN-00220,2026-09-12
SYN-00220,2026-09-12
SYN-00221,2025-12-13
SYN-00221,2026-05-23
SYN-00221,2026-05-23
SYN-00222,2026-08-24
SYN-00222,2026-12-01
SYN-00222,2026-12-01
SYN-00223,2026-07-16
SYN-00223,2026-10-05
SYN-00223,2026-10-05
SYN-00223,2026-10-05
SYN-00224,2026-05-15
SYN-00224,2026-08-28
SYN-00224,2026-08-28
SYN-00225,2026-08-21
SYN-00226,2026-03-15
SYN-00226,2026-08-13
SYN-00226,2026-08-13
SYN-00227,2026-03-18
SYN-00227,2026-07-13
SYN-00227,2026-07-13
SYN-00227,2026-07-13
SYN-00228,2026-05-23
SYN-00228,2026-08-29
SYN-00228,2026-08-29
SYN-00229,2025-10-31
SYN-00229,2025-12-09
SYN-00229,2025-12-09
SYN-00230,2026-08-09
SYN-00230,2026-12-04
SYN-00230,2026-12-04
SYN-00231,2026-02-10
SYN-00231,2026-05-12
SYN-00231,2026-05-12
SYN-00232,2026-04-20
SYN-00232,2026-07-25
SYN-00232,2026-07-25
SYN-00233,2026-02-13
SYN-00233,2026-05-16
SYN-00233,2026-05-16
SYN-00234,2026-08-08
SYN-00235,2025-10-03
SYN-00235,2025-12-13
SYN-00235,2025-12-13
SYN-00236,2026-03-19
SYN-00236,2026-06-09
SYN-00236,2026-06-09
SYN-00237,2025-09-06
SYN-00237,2025-11-09
SYN-00237,2025-11-09
SYN-00238,2026-06-18
SYN-00238,2026-11-16
SYN-00238,2026-11-16
SYN-00239,2025-10-09
SYN-00239,2025-11-22
SYN-00239,2025-11-22
SYN-00240,2025-12-14
SYN-00240,2026-03-12
SYN-00240,2026-03-12
SYN-00241,2026-01-25
SYN-00241,2026-07-19
SYN-00241,2026-07-19
SYN-00242,2026-02-13
SYN-00242,2026-08-09
SYN-00242,2026-08-09
SYN-00243,2026-06-06
SYN-00243,2026-08-29
SYN-00243,2026-08-29
SYN-00244,2026-05-17
SYN-00244,2026-08-07
SYN-00244,2026-08-07
SYN-00245,2025-11-02
SYN-00245,2026-04-29
SYN-00245,2026-04-29
SYN-00245,2026-04-29
SYN-00246,2026-01-10
SYN-00246,2026-04-04
SYN-00246,2026-04-04
SYN-00247,2026-08-01
SYN-00247,2026-10-08
SYN-00247,2026-10-08
SYN-00248,2025-09-26
SYN-00248,2026-01-12
SYN-00248,2026-01-12
SYN-00249,2025-10-01
SYN-00249,2025-12-03
SYN-00249,2025-12-03
SYN-00250,2026-05-02
SYN-00250,2026-10-08
SYN-00250,2026-10-08
SYN-00251,2025-12-02
SYN-00251,2026-02-12
SYN-00251,2026-02-12
SYN-00252,2026-01-27
SYN-00252,2026-06-06
SYN-00252,2026-06-06
SYN-00252,2026-06-06
SYN-00253,2025-09-25
SYN-00253,2026-02-27
SYN-00253,2026-02-27
SYN-00254,2026-08-20
SYN-00254,2026-11-28
SYN-00254,2026-11-28
SYN-00255,2026-03-17
SYN-00255,2026-09-18
SYN-00255,2026-09-18
SYN-00256,2026-06-14
SYN-00256,2026-10-29
SYN-00256,2026-10-29
SYN-00257,2025-09-25
SYN-00257,2025-11-30
SYN-00257,2025-11-30
SYN-00258,2025-12-15
SYN-00258,2026-06-08
SYN-00258,2026-06-08
SYN-00259,2026-05-03
SYN-00259,2026-08-17
SYN-00259,2026-08-17
SYN-00260,2026-01-31
SYN-00260,2026-04-17
SYN-00260,2026-04-17
SYN-00261,2026-01-07
SYN-00261,2026-05-23
SYN-00261,2026-05-23
SYN-00262,2026-01-20
SYN-00262,2026-05-18
SYN-00262,2026-05-18
SYN-00263,2026-01-30
SYN-00263,2026-05-01
SYN-00263,2026-05-01
SYN-00264,2026-04-02
SYN-00264,2026-05-11
SYN-00264,2026-05-11
SYN-00265,2026-08-04
SYN-00265,2026-09-13
SYN-00265,2026-09-13
SYN-00266,2026-07-05
SYN-00266,2026-09-20
SYN-00266,2026-09-20
SYN-00267,2026-03-20
SYN-00267,2026-09-03
SYN-00267,2026-09-03
SYN-00268,2025-09-30
SYN-00268,2026-02-04
SYN-00268,2026-02-04
SYN-00269,2025-09-28
SYN-00269,2025-11-21
SYN-00269,2025-11-21
SYN-00270,2026-07-07
SYN-00270,2026-12-27
SYN-00270,2026-12-27
SYN-00271,2025-09-11
SYN-00271,2026-03-19
SYN-00271,2026-03-19
SYN-00272,2026-01-05
SYN-00272,2026-03-08
SYN-00272,2026-03-08
SYN-00273,2026-03-01
SYN-00273,2026-09-02
SYN-00273,2026-09-02
SYN-00274,2025-11-11
SYN-00274,2025-12-17
SYN-00274,2025-12-17
SYN-00274,2025-12-17
SYN-00275,2026-03-29
SYN-00275,2026-09-09
SYN-00275,2026-09-09
SYN-00276,2026-06-02
SYN-00276,2026-07-08
SYN-00276,2026-07-08
SYN-00277,2026-04-23
SYN-00277,2026-06-06
SYN-00277,2026-06-06
SYN-00278,2025-12-15
SYN-00278,2026-06-01
SYN-00278,2026-06-01
SYN-00279,2025-09-01
SYN-00279,2026-02-13
SYN-00279,2026-02-13
SYN-00279,2026-02-13
SYN-00280,2026-03-09
SYN-00280,2026-05-12
SYN-00280,2026-05-12
SYN-00281,2025-12-21
SYN-00281,2026-06-08
SYN-00281,2026-06-08
SYN-00282,2026-07-09
SYN-00282,2026-10-17
SYN-00282,2026-10-17
SYN-00283,2026-01-27
SYN-00283,2026-05-26
SYN-00283,2026-05-26
SYN-00284,2025-09-24
SYN-00284,2026-04-11
SYN-00284,2026-04-11
SYN-00285,2025-10-26
SYN-00285,2025-12-30
SYN-00285,2025-12-30
SYN-00286,2026-03-04
SYN-00286,2026-06-08
SYN-00286,2026-06-08
SYN-00287,2026-07-13
SYN-00287,2026-10-13
SYN-00287,2026-10-13
SYN-00288,2025-11-25
SYN-00288,2026-05-25
SYN-00288,2026-05-25
SYN-00289,2025-10-27
SYN-00289,2026-01-27
SYN-00289,2026-01-27
SYN-00290,2026-05-24
SYN-00290,2026-10-17
SYN-00290,2026-10-17
SYN-00291,2025-09-29
SYN-00291,2025-11-26
SYN-00291,2025-11-26
SYN-00292,2026-04-09
SYN-00292,2026-04-09
SYN-00292,2026-08-19
SYN-00292,2026-08-19
SYN-00293,2026-04-28
SYN-00293,2026-10-06
SYN-00293,2026-10-06
SYN-00294,2026-02-08
SYN-00294,2026-03-26
SYN-00294,2026-03-26
SYN-00295,2025-12-17
SYN-00295,2026-06-11
SYN-00295,2026-06-11
SYN-00296,2026-03-28
SYN-00296,2026-04-29
SYN-00296,2026-04-29
SYN-00297,2025-12-31
SYN-00297,2026-05-07
SYN-00297,2026-05-07
SYN-00298,2025-10-26
SYN-00298,2026-04-14
SYN-00298,2026-04-14
SYN-00299,2026-04-01
SYN-00299,2026-05-11
SYN-00299,2026-05-11
SYN-00300,2026-02-27
SYN-00300,2026-04-06
SYN-00300,2026-04-06
SYN-00301,2026-01-13
SYN-00301,2026-07-26
SYN-00301,2026-07-26
SYN-00302,2026-01-05
SYN-00302,2026-03-18
SYN-00302,2026-03-18
SYN-00303,2026-08-11
SYN-00304,2025-12-25
SYN-00304,2026-04-16
SYN-00304,2026-04-16
SYN-00305,2026-07-24
SYN-00306,2025-12-17
SYN-00306,2026-03-19
SYN-00306,2026-03-19
SYN-00307,2026-03-27
SYN-00307,2026-09-17
SYN-00307,2026-09-17
SYN-00308,2026-06-05
SYN-00308,2026-07-31
SYN-00308,2026-07-31
SYN-00309,2026-03-20
SYN-00309,2026-06-29
SYN-00309,2026-06-29
SYN-00310,2026-07-27
SYN-00310,2026-09-26
SYN-00310,2026-09-26
SYN-00311,2026-06-12
SYN-00311,2026-12-28
SYN-00311,2026-12-28
SYN-00312,2025-11-22
SYN-00312,2026-03-10
SYN-00312,2026-03-10
SYN-00313,2025-11-20
SYN-00313,2026-01-09
SYN-00313,2026-01-09
SYN-00314,2026-01-26
SYN-00314,2026-03-11
SYN-00314,2026-03-11
SYN-00315,2026-03-07
SYN-00315,2026-06-11
SYN-00315,2026-06-11
SYN-00316,2025-12-05
SYN-00316,2026-05-28
SYN-00316,2026-05-28
SYN-00317,2026-05-27
SYN-00317,2026-08-02
SYN-00317,2026-08-02
SYN-00318,2025-12-17
SYN-00318,2026-05-03
SYN-00318,2026-05-03
SYN-00319,2026-08-19
SYN-00319,2026-10-31
SYN-00319,2026-10-31
SYN-00320,2026-02-12
SYN-00320,2026-07-10
SYN-00320,2026-07-10
SYN-00321,2026-05-02
SYN-00321,2026-06-28
SYN-00321,2026-06-28
SYN-00322,2026-01-24
SYN-00322,2026-01-24
SYN-00322,2026-05-06
SYN-00322,2026-05-06
SYN-00323,2026-02-20
SYN-00323,2026-08-05
SYN-00323,2026-08-05
SYN-00324,2025-09-08
SYN-00324,2025-11-19
SYN-00324,2025-11-19
SYN-00325,2026-01-13
SYN-00325,2026-05-20
SYN-00325,2026-05-20
SYN-00326,2026-03-27
SYN-00326,2026-08-28
SYN-00326,2026-08-28
SYN-00327,2026-06-20
SYN-00327,2026-09-15
SYN-00327,2026-09-15
SYN-00328,2026-02-20
SYN-00328,2026-07-18
SYN-00328,2026-07-18
SYN-00329,2026-04-16
SYN-00329,2026-06-21
SYN-00329,2026-06-21
SYN-00330,2026-03-17
SYN-00330,2026-09-06
SYN-00330,2026-09-06
SYN-00331,2026-03-01
SYN-00331,2026-08-10
SYN-00331,2026-08-10
SYN-00332,2026-03-26
SYN-00332,2026-09-26
SYN-00332,2026-09-26
SYN-00333,2026-03-10
SYN-00333,2026-06-13
SYN-00333,2026-06-13
SYN-00334,2026-04-03
SYN-00334,2026-09-27
SYN-00334,2026-09-27
SYN-00335,2026-02-22
SYN-00335,2026-05-30
SYN-00335,2026-05-30
SYN-00336,2026-01-11
SYN-00336,2026-05-18
SYN-00336,2026-05-18
SYN-00337,2026-01-18
SYN-00337,2026-02-23
SYN-00337,2026-02-23
SYN-00338,2026-05-14
SYN-00338,2026-07-23
SYN-00338,2026-07-23
SYN-00339,2026-03-18
SYN-00339,2026-08-12
SYN-00339,2026-08-12
SYN-00339,2026-08-12
SYN-00340,2026-08-04
SYN-00340,2026-09-22
SYN-00340,2026-09-22
SYN-00341,2026-06-23
SYN-00341,2026-10-23
SYN-00341,2026-10-23
SYN-00342,2026-05-12
SYN-00342,2026-09-18
SYN-00342,2026-09-18
SYN-00343,2025-10-29
SYN-00343,2026-01-15
SYN-00343,2026-01-15
SYN-00344,2026-06-16
SYN-00344,2026-11-05
SYN-00344,2026-11-05
SYN-00345,2026-04-12
SYN-00345,2026-09-02
SYN-00345,2026-09-02
SYN-00346,2025-09-01
SYN-00346,2025-12-13
SYN-00346,2025-12-13
SYN-00347,2025-11-06
SYN-00347,2026-05-07
SYN-00347,2026-05-07
SYN-00348,2026-03-13
SYN-00348,2026-09-04
SYN-00348,2026-09-04
SYN-00349,2026-02-13
SYN-00349,2026-06-14
SYN-00349,2026-06-14
SYN-00350,2026-05-25
SYN-00350,2026-06-29
SYN-00350,2026-06-29
SYN-00351,2026-04-26
SYN-00351,2026-07-19
SYN-00351,2026-07-19
SYN-00352,2026-06-21
SYN-00352,2026-10-12
SYN-00352,2026-10-12
SYN-00353,2026-06-23
SYN-00353,2026-09-12
SYN-00353,2026-09-12
SYN-00354,2025-12-24
SYN-00354,2026-05-18
SYN-00354,2026-05-18
SYN-00355,2026-08-04
SYN-00355,2026-12-27
SYN-00355,2026-12-27
SYN-00356,2025-10-13
SYN-00356,2026-04-04
SYN-00356,2026-04-04
SYN-00357,2025-11-01
SYN-00357,2026-04-20
SYN-00357,2026-04-20
SYN-00358,2026-07-17
SYN-00358,2026-10-24
SYN-00358,2026-10-24
SYN-00359,2026-08-01
SYN-00360,2026-04-16
SYN-00360,2026-08-04
SYN-00360,2026-08-04
SYN-00361,2026-02-26
SYN-00361,2026-09-11
SYN-00361,2026-09-11
SYN-00362,2026-02-21
SYN-00362,2026-08-03
SYN-00362,2026-08-03
SYN-00363,2026-06-22
SYN-00363,2026-07-27
SYN-00363,2026-07-27
SYN-00364,2026-02-25
SYN-00364,2026-04-12
SYN-00364,2026-04-12
SYN-00365,2026-05-25
SYN-00365,2026-09-12
SYN-00365,2026-09-12
SYN-00366,2026-07-11
SYN-00366,2026-08-19
SYN-00366,2026-08-19
SYN-00367,2026-02-19
SYN-00367,2026-02-19
SYN-00367,2026-04-12
SYN-00367,2026-04-12
SYN-00368,2026-04-01
SYN-00368,2026-04-01
SYN-00368,2026-09-26
SYN-00368,2026-09-26
SYN-00369,2026-05-31
SYN-00369,2026-11-18
SYN-00369,2026-11-18
SYN-00370,2025-10-12
SYN-00370,2025-10-12
SYN-00370,2026-01-21
SYN-00370,2026-01-21
SYN-00371,2025-10-23
SYN-00371,2026-02-10
SYN-00371,2026-02-10
SYN-00372,2025-09-10
SYN-00372,2025-12-21
SYN-00372,2025-12-21
SYN-00373,2026-03-06
SYN-00373,2026-09-20
SYN-00373,2026-09-20
SYN-00374,2025-11-28
SYN-00374,2026-05-18
SYN-00374,2026-05-18
SYN-00375,2026-06-12
SYN-00375,2026-12-01
SYN-00375,2026-12-01
SYN-00376,2026-02-05
SYN-00376,2026-02-05
SYN-00376,2026-07-18
SYN-00376,2026-07-18
SYN-00377,2026-05-17
SYN-00377,2026-07-24
SYN-00377,2026-07-24
SYN-00378,2026-07-06
SYN-00378,2026-11-07
SYN-00378,2026-11-07
SYN-00379,2026-08-13
SYN-00380,2025-10-04
SYN-00380,2026-02-11
SYN-00380,2026-02-11
SYN-00381,2025-10-31
SYN-00381,2026-04-19
SYN-00381,2026-04-19
SYN-00382,2025-11-30
SYN-00382,2026-05-30
SYN-00382,2026-05-30
SYN-00383,2026-01-27
SYN-00383,2026-08-13
SYN-00383,2026-08-13
SYN-00384,2025-11-03
SYN-00384,2026-05-11
SYN-00384,2026-05-11
SYN-00385,2026-06-26
SYN-00385,2026-08-23
SYN-00385,2026-08-23
SYN-00386,2026-07-12
SYN-00386,2026-10-17
SYN-00386,2026-10-17
SYN-00387,2026-08-26
SYN-00388,2026-06-16
SYN-00388,2026-12-16
SYN-00388,2026-12-16
SYN-00389,2026-01-22
SYN-00389,2026-07-18
SYN-00389,2026-07-18
SYN-00390,2025-12-02
SYN-00390,2026-02-17
SYN-00390,2026-02-17
SYN-00391,2026-04-15
SYN-00391,2026-04-15
SYN-00391,2026-06-16
SYN-00391,2026-06-16
SYN-00391,2026-06-16
SYN-00392,2025-09-30
SYN-00392,2026-01-10
SYN-00392,2026-01-10
SYN-00393,2026-05-04
SYN-00393,2026-10-17
SYN-00393,2026-10-17
SYN-00394,2026-05-09
SYN-00394,2026-10-21
SYN-00394,2026-10-21
SYN-00395,2026-04-17
SYN-00395,2026-08-20
SYN-00395,2026-08-20
SYN-00396,2026-06-17
SYN-00396,2026-08-25
SYN-00396,2026-08-25
SYN-00396,2026-08-25
SYN-00397,2025-09-09
SYN-00397,2026-01-09
SYN-00397,2026-01-09
SYN-00398,2025-12-29
SYN-00398,2026-04-21
SYN-00398,2026-04-21
SYN-00399,2025-12-23
SYN-00399,2026-04-03
SYN-00399,2026-04-03
SYN-00400,2025-11-22
SYN-00400,2026-05-18
SYN-00400,2026-05-18
SYN-00401,2026-07-13
SYN-00401,2026-09-14
SYN-00401,2026-09-14
SYN-00402,2026-03-15
SYN-00402,2026-08-12
SYN-00402,2026-08-12
SYN-00403,2026-08-01
SYN-00403,2026-11-13
SYN-00403,2026-11-13
SYN-00404,2025-10-11
SYN-00404,2026-03-03
SYN-00404,2026-03-03
SYN-00405,2026-08-02
SYN-00405,2026-08-02
SYN-00405,2026-10-30
SYN-00405,2026-10-30
SYN-00406,2026-03-15
SYN-00406,2026-09-25
SYN-00406,2026-09-25
SYN-00407,2026-01-13
SYN-00407,2026-04-24
SYN-00407,2026-04-24
SYN-00408,2026-03-31
SYN-00408,2026-06-18
SYN-00408,2026-06-18
SYN-00409,2025-12-04
SYN-00409,2026-03-03
SYN-00409,2026-03-03
SYN-00410,2025-09-10
SYN-00410,2025-12-13
SYN-00410,2025-12-13
SYN-00410,2025-12-13
SYN-00411,2025-10-26
SYN-00411,2025-12-01
SYN-00411,2025-12-01
SYN-00412,2026-01-13
SYN-00412,2026-04-01
SYN-00412,2026-04-01
SYN-00413,2026-08-14
SYN-00413,2026-10-17
SYN-00413,2026-10-17
SYN-00414,2025-12-13
SYN-00414,2026-04-19
SYN-00414,2026-04-19
SYN-00414,2026-04-19
SYN-00415,2025-10-09
SYN-00415,2026-03-09
SYN-00415,2026-03-09
SYN-00416,2026-01-14
SYN-00416,2026-06-27
SYN-00416,2026-06-27
SYN-00417,2025-09-03
SYN-00417,2025-10-28
SYN-00417,2025-10-28
SYN-00418,2025-11-03
SYN-00418,2026-01-09
SYN-00418,2026-01-09
SYN-00419,2026-01-07
SYN-00419,2026-04-20
SYN-00419,2026-04-20
SYN-00420,2026-05-30
SYN-00420,2026-08-10
SYN-00420,2026-08-10
SYN-00421,2026-06-03
SYN-00421,2026-08-16
SYN-00421,2026-08-16
SYN-00421,2026-08-16
SYN-00422,2025-11-21
SYN-00422,2026-06-02
SYN-00422,2026-06-02
SYN-00423,2025-12-10
SYN-00423,2026-04-29
SYN-00423,2026-04-29
SYN-00424,2025-11-03
SYN-00424,2025-12-19
SYN-00424,2025-12-19
SYN-00425,2026-06-27
SYN-00425,2027-01-05
SYN-00425,2027-01-05
SYN-00426,2026-07-26
SYN-00426,2026-10-11
SYN-00426,2026-10-11
SYN-00427,2026-05-02
SYN-00427,2026-07-24
SYN-00427,2026-07-24
SYN-00428,2026-07-10
SYN-00428,2027-01-11
SYN-00428,2027-01-11
SYN-00429,2025-09-10
SYN-00429,2026-03-28
SYN-00429,2026-03-28
SYN-00430,2025-11-18
SYN-00430,2026-03-20
SYN-00430,2026-03-20
SYN-00431,2025-11-21
SYN-00431,2026-04-04
SYN-00431,2026-04-04
SYN-00432,2026-02-15
SYN-00432,2026-08-20
SYN-00432,2026-08-20
SYN-00432,2026-08-20
SYN-00433,2026-08-20
SYN-00433,2026-10-11
SYN-00433,2026-10-11
SYN-00434,2026-04-26
SYN-00434,2026-09-03
SYN-00434,2026-09-03
SYN-00435,2026-05-11
SYN-00435,2026-11-16
SYN-00435,2026-11-16
SYN-00436,2025-11-18
SYN-00436,2026-01-08
SYN-00436,2026-01-08
SYN-00437,2025-09-23
SYN-00437,2026-03-21
SYN-00437,2026-03-21
SYN-00438,2025-10-16
SYN-00438,2025-11-24
SYN-00438,2025-11-24
SYN-00439,2026-05-30
SYN-00439,2026-10-12
SYN-00439,2026-10-12
SYN-00440,2025-09-11
SYN-00440,2025-10-22
SYN-00440,2025-10-22
SYN-00441,2026-04-23
SYN-00441,2026-06-26
SYN-00441,2026-06-26
SYN-00442,2026-03-22
SYN-00442,2026-06-24
SYN-00442,2026-06-24
SYN-00443,2025-10-21
SYN-00443,2026-01-15
SYN-00443,2026-01-15
SYN-00444,2025-12-31
SYN-00444,2026-05-08
SYN-00444,2026-05-08
SYN-00445,2026-04-13
SYN-00445,2026-09-13
SYN-00445,2026-09-13
SYN-00446,2026-04-20
SYN-00446,2026-08-15
SYN-00446,2026-08-15
SYN-00447,2026-02-23
SYN-00447,2026-06-14
SYN-00447,2026-06-14
SYN-00448,2025-09-14
SYN-00448,2025-11-16
SYN-00448,2025-11-16
SYN-00449,2025-12-22
SYN-00449,2026-03-13
SYN-00449,2026-03-13
SYN-00449,2026-03-13
SYN-00450,2026-03-25
SYN-00450,2026-09-29
SYN-00450,2026-09-29
SYN-00451,2026-07-17
SYN-00452,2026-07-15
SYN-00452,2026-12-10
SYN-00452,2026-12-10
SYN-00453,2026-07-16
SYN-00453,2026-07-16
SYN-00453,2026-12-21
SYN-00453,2026-12-21
SYN-00454,2026-08-05
SYN-00454,2026-09-05
SYN-00454,2026-09-05
SYN-00455,2025-12-29
SYN-00455,2026-06-17
SYN-00455,2026-06-17
SYN-00456,2025-11-23
SYN-00456,2026-05-22
SYN-00456,2026-05-22
SYN-00457,2025-12-05
SYN-00457,2026-06-21
SYN-00457,2026-06-21
SYN-00458,2026-01-14
SYN-00458,2026-03-04
SYN-00458,2026-03-04
SYN-00459,2025-10-18
SYN-00459,2026-01-06
SYN-00459,2026-01-06
SYN-00460,2026-07-25
SYN-00460,2026-11-18
SYN-00460,2026-11-18
SYN-00461,2025-09-07
SYN-00461,2026-01-24
SYN-00461,2026-01-24
SYN-00462,2026-01-26
SYN-00462,2026-03-06
SYN-00462,2026-03-06
SYN-00463,2025-10-21
SYN-00463,2026-03-23
SYN-00463,2026-03-23
SYN-00464,2026-06-25
SYN-00464,2026-12-27
SYN-00464,2026-12-27
SYN-00465,2025-09-08
SYN-00465,2025-11-30
SYN-00465,2025-11-30
SYN-00466,2026-08-26
SYN-00466,2026-12-22
SYN-00466,2026-12-22
SYN-00467,2025-11-11
SYN-00467,2026-04-03
SYN-00467,2026-04-03
SYN-00468,2026-07-25
SYN-00468,2026-10-03
SYN-00468,2026-10-03
SYN-00469,2026-04-12
SYN-00469,2026-10-03
SYN-00469,2026-10-03
SYN-00470,2026-07-14
SYN-00470,2027-01-03
SYN-00470,2027-01-03
SYN-00471,2026-02-04
SYN-00471,2026-03-23
SYN-00471,2026-03-23
SYN-00472,2026-01-20
SYN-00472,2026-01-20
SYN-00472,2026-03-30
SYN-00472,2026-03-30
SYN-00473,2026-06-10
SYN-00473,2026-08-20
SYN-00473,2026-08-20
SYN-00474,2026-03-08
SYN-00474,2026-06-22
SYN-00474,2026-06-22
SYN-00475,2026-06-11
SYN-00475,2026-09-26
SYN-00475,2026-09-26
SYN-00476,2026-02-23
SYN-00476,2026-06-04
SYN-00476,2026-06-04
SYN-00477,2025-09-15
SYN-00477,2026-01-19
SYN-00477,2026-01-19
SYN-00478,2026-01-27
SYN-00478,2026-06-26
SYN-00478,2026-06-26
SYN-00479,2026-02-07
SYN-00479,2026-07-03
SYN-00479,2026-07-03
SYN-00480,2025-11-13
SYN-00480,2026-04-01
SYN-00480,2026-04-01
SYN-00481,2026-01-25
SYN-00481,2026-03-18
SYN-00481,2026-03-18
SYN-00482,2025-10-23
SYN-00482,2026-05-07
SYN-00482,2026-05-07
SYN-00483,2025-10-19
SYN-00483,2026-02-02
SYN-00483,2026-02-02
SYN-00484,2025-10-01
SYN-00484,2025-12-28
SYN-00484,2025-12-28
SYN-00484,2025-12-28
SYN-00485,2026-07-27
SYN-00485,2027-01-02
SYN-00485,2027-01-02
SYN-00486,2026-03-19
SYN-00486,2026-09-21
SYN-00486,2026-09-21
SYN-00487,2026-03-02
SYN-00487,2026-08-25
SYN-00487,2026-08-25
SYN-00488,2025-11-01
SYN-00488,2026-01-13
SYN-00488,2026-01-13
SYN-00489,2026-05-01
SYN-00489,2026-07-29
SYN-00489,2026-07-29
SYN-00490,2025-10-14
SYN-00490,2026-02-10
SYN-00490,2026-02-10
SYN-00490,2026-02-10
SYN-00491,2025-09-23
SYN-00491,2026-03-05
SYN-00491,2026-03-05
SYN-00492,2026-08-25
SYN-00492,2026-12-02
SYN-00492,2026-12-02
SYN-00493,2025-12-01
SYN-00493,2026-03-07
SYN-00493,2026-03-07
SYN-00494,2025-12-08
SYN-00494,2026-06-05
SYN-00494,2026-06-05
SYN-00495,2025-12-16
SYN-00495,2026-06-05
SYN-00495,2026-06-05
SYN-00496,2026-04-09
SYN-00496,2026-10-18
SYN-00496,2026-10-18
SYN-00497,2026-02-17
SYN-00497,2026-06-10
SYN-00497,2026-06-10
SYN-00498,2026-03-25
SYN-00498,2026-09-08
SYN-00498,2026-09-08
SYN-00499,2026-02-04
SYN-00499,2026-02-04
SYN-00499,2026-04-13
SYN-00499,2026-04-13
SYN-00500,2025-10-16
SYN-00500,2025-12-19
SYN-00500,2025-12-19
SYN-00501,2026-07-24
SYN-00501,2026-10-25
SYN-00501,2026-10-25
SYN-00502,2025-12-23
SYN-00502,2026-05-23
SYN-00502,2026-05-23
SYN-00503,2026-06-26
SYN-00503,2027-01-02
SYN-00503,2027-01-02
SYN-00504,2026-05-22
SYN-00504,2026-10-21
SYN-00504,2026-10-21
SYN-00505,2026-08-17
SYN-00505,2026-12-17
SYN-00505,2026-12-17
SYN-00506,2026-07-09
SYN-00506,2026-12-06
SYN-00506,2026-12-06
SYN-00507,2025-09-25
SYN-00507,2025-11-23
SYN-00507,2025-11-23
SYN-00508,2025-12-14
SYN-00508,2026-05-01
SYN-00508,2026-05-01
SYN-00509,2025-09-21
SYN-00509,2025-11-16
SYN-00509,2025-11-16
SYN-00510,2025-09-20
SYN-00510,2026-02-04
SYN-00510,2026-02-04
SYN-00511,2025-09-14
SYN-00511,2025-09-14
SYN-00511,2026-01-11
SYN-00511,2026-01-11
SYN-00512,2025-10-19
SYN-00512,2026-05-02
SYN-00512,2026-05-02
SYN-00513,2026-01-21
SYN-00513,2026-05-07
SYN-00513,2026-05-07
SYN-00514,2026-01-12
SYN-00514,2026-03-09
SYN-00514,2026-03-09
SYN-00515,2026-03-28
SYN-00515,2026-07-08
SYN-00515,2026-07-08
SYN-00515,2026-07-08
SYN-00516,2025-09-02
SYN-00516,2025-11-15
SYN-00516,2025-11-15
SYN-00517,2025-10-05
SYN-00517,2026-03-28
SYN-00517,2026-03-28
SYN-00518,2026-07-12
SYN-00519,2026-02-27
SYN-00519,2026-06-30
SYN-00519,2026-06-30
SYN-00520,2026-08-08
SYN-00520,2026-11-16
SYN-00520,2026-11-16
SYN-00521,2026-01-08
SYN-00521,2026-07-26
SYN-00521,2026-07-26
SYN-00522,2026-07-16
SYN-00522,2026-07-16
SYN-00522,2026-10-03
SYN-00522,2026-10-03
SYN-00523,2025-12-27
SYN-00523,2026-04-21
SYN-00523,2026-04-21
SYN-00524,2025-09-18
SYN-00524,2025-12-10
SYN-00524,2025-12-10
SYN-00525,2026-04-12
SYN-00525,2026-08-15
SYN-00525,2026-08-15
SYN-00526,2026-01-18
SYN-00526,2026-07-11
SYN-00526,2026-07-11
SYN-00527,2026-04-30
SYN-00527,2026-11-03
SYN-00527,2026-11-03
SYN-00528,2026-01-03
SYN-00528,2026-04-13
SYN-00528,2026-04-13
SYN-00529,2026-05-20
SYN-00529,2026-08-22
SYN-00529,2026-08-22
SYN-00530,2026-05-02
SYN-00530,2026-11-10
SYN-00530,2026-11-10
SYN-00531,2025-12-05
SYN-00531,2026-04-12
SYN-00531,2026-04-12
SYN-00532,2025-09-27
SYN-00532,2026-02-17
SYN-00532,2026-02-17
SYN-00533,2026-04-27
SYN-00533,2026-06-25
SYN-00533,2026-06-25
SYN-00534,2026-06-11
SYN-00534,2026-08-22
SYN-00534,2026-08-22
SYN-00535,2025-11-30
SYN-00535,2026-03-09
SYN-00535,2026-03-09
SYN-00536,2026-03-26
SYN-00536,2026-09-04
SYN-00536,2026-09-04
SYN-00537,2026-02-08
SYN-00537,2026-07-09
SYN-00537,2026-07-09
SYN-00538,2026-07-03
SYN-00538,2026-12-24
SYN-00538,2026-12-24
SYN-00539,2026-01-23
SYN-00539,2026-07-11
SYN-00539,2026-07-11
SYN-00540,2026-04-22
SYN-00540,2026-06-20
SYN-00540,2026-06-20
SYN-00541,2026-01-03
SYN-00541,2026-03-13
SYN-00541,2026-03-13
SYN-00542,2026-04-01
SYN-00542,2026-07-31
SYN-00542,2026-07-31
SYN-00543,2026-02-07
SYN-00543,2026-07-14
SYN-00543,2026-07-14
SYN-00544,2026-08-23
SYN-00545,2026-03-31
SYN-00545,2026-08-02
SYN-00545,2026-08-02
SYN-00546,2025-10-02
SYN-00546,2026-01-07
SYN-00546,2026-01-07
SYN-00547,2026-04-12
SYN-00547,2026-05-21
SYN-00547,2026-05-21
SYN-00548,2026-08-13
SYN-00548,2026-11-04
SYN-00548,2026-11-04
SYN-00549,2025-09-23
SYN-00549,2026-02-09
SYN-00549,2026-02-09
SYN-00550,2026-03-22
SYN-00550,2026-08-06
SYN-00550,2026-08-06
SYN-00551,2026-06-10
SYN-00551,2026-09-26
SYN-00551,2026-09-26
SYN-00552,2025-10-03
SYN-00552,2025-10-03
SYN-00552,2026-02-25
SYN-00552,2026-02-25
SYN-00553,2026-04-07
SYN-00553,2026-05-13
SYN-00553,2026-05-13
SYN-00554,2026-07-09
SYN-00554,2026-11-08
SYN-00554,2026-11-08
SYN-00555,2026-01-12
SYN-00555,2026-02-25
SYN-00555,2026-02-25
SYN-00556,2025-12-27
SYN-00556,2026-03-10
SYN-00556,2026-03-10
SYN-00557,2026-03-26
SYN-00557,2026-06-27
SYN-00557,2026-06-27
SYN-00558,2025-11-30
SYN-00558,2026-06-02
SYN-00558,2026-06-02
SYN-00559,2026-05-04
SYN-00559,2026-10-18
SYN-00559,2026-10-18
SYN-00560,2026-06-17
SYN-00560,2026-08-11
SYN-00560,2026-08-11
SYN-00561,2025-10-17
SYN-00561,2026-03-09
SYN-00561,2026-03-09
SYN-00562,2026-03-28
SYN-00562,2026-06-06
SYN-00562,2026-06-06
SYN-00563,2026-03-30
SYN-00563,2026-06-12
SYN-00563,2026-06-12
SYN-00564,2026-08-25
SYN-00564,2026-08-25
SYN-00564,2027-01-11
SYN-00564,2027-01-11
SYN-00565,2026-06-25
SYN-00565,2026-08-27
SYN-00565,2026-08-27
SYN-00566,2026-01-27
SYN-00566,2026-06-10
SYN-00566,2026-06-10
SYN-00567,2026-07-14
SYN-00567,2026-10-17
SYN-00567,2026-10-17
SYN-00568,2026-02-02
SYN-00568,2026-04-22
SYN-00568,2026-04-22
SYN-00569,2026-03-27
SYN-00569,2026-08-26
SYN-00569,2026-08-26
SYN-00570,2026-02-16
SYN-00570,2026-06-12
SYN-00570,2026-06-12
SYN-00571,2026-05-20
SYN-00571,2026-06-26
SYN-00571,2026-06-26
SYN-00572,2026-02-17
SYN-00572,2026-06-30
SYN-00572,2026-06-30
SYN-00573,2026-01-31
SYN-00573,2026-05-20
SYN-00573,2026-05-20
SYN-00573,2026-05-20
SYN-00574,2026-06-06
SYN-00574,2026-06-06
SYN-00574,2026-08-18
SYN-00574,2026-08-18
SYN-00575,2026-05-01
SYN-00575,2026-08-26
SYN-00575,2026-08-26
SYN-00576,2026-02-01
SYN-00576,2026-06-05
SYN-00576,2026-06-05
SYN-00576,2026-06-05
SYN-00577,2025-10-22
SYN-00577,2026-02-27
SYN-00577,2026-02-27
SYN-00578,2026-01-18
SYN-00578,2026-05-13
SYN-00578,2026-05-13
SYN-00579,2026-01-06
SYN-00579,2026-07-12
SYN-00579,2026-07-12
SYN-00580,2025-12-14
SYN-00580,2026-04-29
SYN-00580,2026-04-29
SYN-00581,2025-12-20
SYN-00581,2026-06-07
SYN-00581,2026-06-07
SYN-00582,2026-08-16
SYN-00582,2026-10-29
SYN-00582,2026-10-29
SYN-00583,2025-12-19
SYN-00583,2026-04-01
SYN-00583,2026-04-01
SYN-00584,2026-06-02
SYN-00584,2026-06-02
SYN-00584,2026-11-11
SYN-00584,2026-11-11
SYN-00585,2026-08-16
SYN-00585,2026-12-02
SYN-00585,2026-12-02
SYN-00586,2026-03-29
SYN-00586,2026-07-25
SYN-00586,2026-07-25
SYN-00587,2025-10-04
SYN-00587,2026-03-28
SYN-00587,2026-03-28
SYN-00588,2026-03-23
SYN-00588,2026-08-08
SYN-00588,2026-08-08
SYN-00589,2025-10-27
SYN-00589,2026-05-14
SYN-00589,2026-05-14
SYN-00590,2026-06-03
SYN-00590,2026-08-02
SYN-00590,2026-08-02
SYN-00591,2025-12-07
SYN-00591,2026-06-09
SYN-00591,2026-06-09
SYN-00592,2025-11-05
SYN-00592,2026-05-19
SYN-00592,2026-05-19
SYN-00593,2026-03-04
SYN-00593,2026-08-15
SYN-00593,2026-08-15
SYN-00594,2026-03-08
SYN-00594,2026-05-06
SYN-00594,2026-05-06
SYN-00595,2025-10-03
SYN-00595,2026-02-18
SYN-00595,2026-02-18
SYN-00596,2026-05-17
SYN-00596,2026-11-19
SYN-00596,2026-11-19
SYN-00597,2026-02-14
SYN-00597,2026-08-09
SYN-00597,2026-08-09
SYN-00598,2026-08-23
SYN-00598,2026-10-26
SYN-00598,2026-10-26
SYN-00599,2026-03-23
SYN-00599,2026-06-01
SYN-00599,2026-06-01
SYN-00600,2025-09-11
SYN-00600,2025-11-01
SYN-00600,2025-11-01
SYN-00601,2025-11-09
SYN-00601,2025-12-31
SYN-00601,2025-12-31
SYN-00602,2026-08-14
SYN-00602,2026-11-28
SYN-00602,2026-11-28
SYN-00603,2026-05-27
SYN-00603,2026-10-07
SYN-00603,2026-10-07
SYN-00604,2026-03-29
SYN-00604,2026-10-08
SYN-00604,2026-10-08
SYN-00605,2026-01-28
SYN-00605,2026-08-03
SYN-00605,2026-08-03
SYN-00606,2026-07-03
SYN-00606,2027-01-09
SYN-00606,2027-01-09
SYN-00607,2026-02-16
SYN-00607,2026-07-19
SYN-00607,2026-07-19
SYN-00608,2026-07-21
SYN-00608,2026-12-09
SYN-00608,2026-12-09
SYN-00609,2026-03-01
SYN-00609,2026-05-17
SYN-00609,2026-05-17
SYN-00610,2026-06-19
SYN-00610,2026-10-21
SYN-00610,2026-10-21
SYN-00611,2026-02-01
SYN-00611,2026-08-09
SYN-00611,2026-08-09
SYN-00612,2026-03-20
SYN-00612,2026-06-26
SYN-00612,2026-06-26
SYN-00613,2025-10-30
SYN-00613,2026-02-13
SYN-00613,2026-02-13
SYN-00614,2026-04-27
SYN-00614,2026-06-03
SYN-00614,2026-06-03
SYN-00615,2026-06-23
SYN-00615,2026-10-07
SYN-00615,2026-10-07
SYN-00616,2025-09-23
SYN-00616,2026-01-04
SYN-00616,2026-01-04
SYN-00617,2026-04-22
SYN-00617,2026-10-12
SYN-00617,2026-10-12
SYN-00618,2026-06-03
SYN-00618,2026-07-11
SYN-00618,2026-07-11
SYN-00619,2026-02-10
SYN-00619,2026-02-10
SYN-00619,2026-04-06
SYN-00619,2026-04-06
SYN-00620,2026-06-24
SYN-00620,2027-01-01
SYN-00620,2027-01-01
SYN-00621,2026-08-25
SYN-00621,2026-11-10
SYN-00621,2026-11-10
SYN-00622,2025-11-12
SYN-00622,2026-04-08
SYN-00622,2026-04-08
SYN-00623,2025-09-30
SYN-00623,2026-04-07
SYN-00623,2026-04-07
SYN-00623,2026-04-07
SYN-00624,2026-04-08
SYN-00624,2026-08-18
SYN-00624,2026-08-18
SYN-00625,2025-10-16
SYN-00625,2026-04-23
SYN-00625,2026-04-23
SYN-00626,2026-03-02
SYN-00626,2026-08-19
SYN-00626,2026-08-19
SYN-00627,2025-09-03
SYN-00627,2026-03-19
SYN-00627,2026-03-19
SYN-00628,2026-01-05
SYN-00628,2026-06-11
SYN-00628,2026-06-11
SYN-00629,2026-06-26
SYN-00629,2026-12-23
SYN-00629,2026-12-23
SYN-00629,2026-12-23
SYN-00630,2026-04-22
SYN-00630,2026-08-31
SYN-00630,2026-08-31
SYN-00631,2026-06-15
SYN-00631,2026-11-28
SYN-00631,2026-11-28
SYN-00632,2026-04-03
SYN-00632,2026-10-19
SYN-00632,2026-10-19
SYN-00633,2026-04-04
SYN-00633,2026-06-29
SYN-00633,2026-06-29
SYN-00634,2026-07-01
SYN-00635,2026-07-01
SYN-00635,2026-10-21
SYN-00635,2026-10-21
SYN-00636,2026-08-18
SYN-00636,2026-12-28
SYN-00636,2026-12-28
SYN-00637,2026-05-17
SYN-00637,2026-10-24
SYN-00637,2026-10-24
SYN-00638,2026-04-28
SYN-00638,2026-07-08
SYN-00638,2026-07-08
SYN-00639,2025-09-08
SYN-00639,2025-10-11
SYN-00639,2025-10-11
SYN-00640,2026-03-26
SYN-00640,2026-07-16
SYN-00640,2026-07-16
SYN-00641,2026-02-24
SYN-00641,2026-06-04
SYN-00641,2026-06-04
SYN-00642,2026-05-26
SYN-00642,2026-11-26
SYN-00642,2026-11-26
SYN-00643,2025-12-04
SYN-00643,2026-04-23
SYN-00643,2026-04-23
SYN-00644,2025-10-01
SYN-00644,2026-02-16
SYN-00644,2026-02-16
SYN-00645,2026-03-22
SYN-00645,2026-03-22
SYN-00645,2026-08-02
SYN-00645,2026-08-02
SYN-00646,2025-12-28
SYN-00646,2026-06-29
SYN-00646,2026-06-29
SYN-00647,2025-11-27
SYN-00647,2026-05-30
SYN-00647,2026-05-30
SYN-00648,2026-01-13
SYN-00648,2026-04-14
SYN-00648,2026-04-14
SYN-00649,2026-08-26
SYN-00649,2026-10-15
SYN-00649,2026-10-15
SYN-00650,2026-08-03
SYN-00650,2026-09-05
SYN-00650,2026-09-05
SYN-00651,2026-04-17
SYN-00651,2026-10-01
SYN-00651,2026-10-01
SYN-00652,2026-08-21
SYN-00652,2027-01-05
SYN-00652,2027-01-05
SYN-00653,2026-01-09
SYN-00653,2026-07-16
SYN-00653,2026-07-16
SYN-00654,2026-02-03
SYN-00654,2026-06-02
SYN-00654,2026-06-02
SYN-00655,2025-11-14
SYN-00655,2026-03-07
SYN-00655,2026-03-07
SYN-00656,2026-05-11
SYN-00656,2026-05-11
SYN-00656,2026-08-21
SYN-00656,2026-08-21
SYN-00657,2026-06-03
SYN-00657,2026-10-08
SYN-00657,2026-10-08
SYN-00658,2026-03-17
SYN-00658,2026-05-23
SYN-00658,2026-05-23
SYN-00659,2026-01-11
SYN-00659,2026-03-20
SYN-00659,2026-03-20
SYN-00660,2026-01-11
SYN-00660,2026-05-19
SYN-00660,2026-05-19
SYN-00661,2026-02-19
SYN-00661,2026-04-06
SYN-00661,2026-04-06
SYN-00662,2026-04-19
SYN-00662,2026-07-07
SYN-00662,2026-07-07
SYN-00663,2026-05-11
SYN-00663,2026-06-30
SYN-00663,2026-06-30
SYN-00664,2025-11-02
SYN-00664,2026-02-19
SYN-00664,2026-02-19
SYN-00665,2025-09-30
SYN-00665,2025-12-09
SYN-00665,2025-12-09
SYN-00666,2026-01-22
SYN-00666,2026-07-07
SYN-00666,2026-07-07
SYN-00667,2026-06-14
SYN-00667,2026-08-26
SYN-00667,2026-08-26
SYN-00668,2026-03-19
SYN-00668,2026-09-15
SYN-00668,2026-09-15
SYN-00669,2026-03-15
SYN-00669,2026-05-20
SYN-00669,2026-05-20
SYN-00670,2025-12-31
SYN-00670,2026-03-13
SYN-00670,2026-03-13
SYN-00671,2026-03-30
SYN-00671,2026-07-26
SYN-00671,2026-07-26
SYN-00672,2026-01-29
SYN-00672,2026-07-18
SYN-00672,2026-07-18
SYN-00673,2025-09-30
SYN-00673,2026-02-24
SYN-00673,2026-02-24
SYN-00674,2026-07-12
SYN-00674,2026-10-05
SYN-00674,2026-10-05
SYN-00675,2026-06-01
SYN-00675,2026-09-11
SYN-00675,2026-09-11
SYN-00676,2026-02-15
SYN-00676,2026-08-10
SYN-00676,2026-08-10
SYN-00677,2026-02-21
SYN-00677,2026-07-23
SYN-00677,2026-07-23
SYN-00677,2026-07-23
SYN-00678,2026-07-04
SYN-00678,2026-10-10
SYN-00678,2026-10-10
SYN-00679,2026-08-01
SYN-00679,2026-09-06
SYN-00679,2026-09-06
SYN-00680,2025-09-25
SYN-00680,2025-11-01
SYN-00680,2025-11-01
SYN-00681,2026-02-06
SYN-00681,2026-08-11
SYN-00681,2026-08-11
SYN-00682,2026-05-14
SYN-00682,2026-10-24
SYN-00682,2026-10-24
SYN-00683,2025-11-03
SYN-00683,2026-03-12
SYN-00683,2026-03-12
SYN-00684,2026-03-02
SYN-00684,2026-06-01
SYN-00684,2026-06-01
SYN-00685,2026-03-07
SYN-00685,2026-07-18
SYN-00685,2026-07-18
SYN-00686,2026-04-08
SYN-00686,2026-09-01
SYN-00686,2026-09-01
SYN-00687,2026-07-02
SYN-00687,2026-08-09
SYN-00687,2026-08-09
SYN-00688,2025-12-04
SYN-00688,2026-04-12
SYN-00688,2026-04-12
SYN-00689,2025-11-30
SYN-00689,2026-02-16
SYN-00689,2026-02-16
SYN-00690,2026-03-25
SYN-00690,2026-08-20
SYN-00690,2026-08-20
SYN-00691,2026-02-09
SYN-00691,2026-08-16
SYN-00691,2026-08-16
SYN-00692,2026-04-01
SYN-00692,2026-07-05
SYN-00692,2026-07-05
SYN-00693,2026-08-02
SYN-00693,2026-12-01
SYN-00693,2026-12-01
SYN-00694,2026-04-18
SYN-00694,2026-10-07
SYN-00694,2026-10-07
SYN-00695,2025-10-30
SYN-00695,2026-04-14
SYN-00695,2026-04-14
SYN-00696,2026-08-10
SYN-00696,2026-09-21
SYN-00696,2026-09-21
SYN-00697,2026-07-25
SYN-00697,2026-11-04
SYN-00697,2026-11-04
SYN-00698,2026-01-25
SYN-00698,2026-03-20
SYN-00698,2026-03-20
SYN-00699,2026-08-12
SYN-00699,2026-11-09
SYN-00699,2026-11-09
SYN-00700,2026-07-16
SYN-00701,2026-04-15
SYN-00701,2026-10-19
SYN-00701,2026-10-19
SYN-00702,2026-03-04
SYN-00702,2026-06-25
SYN-00702,2026-06-25
SYN-00703,2026-07-28
SYN-00703,2026-09-29
SYN-00703,2026-09-29
SYN-00704,2026-06-25
SYN-00704,2026-10-29
SYN-00704,2026-10-29
SYN-00704,2026-10-29
SYN-00705,2026-01-02
SYN-00705,2026-01-02
SYN-00705,2026-05-31
SYN-00705,2026-05-31
SYN-00706,2025-09-10
SYN-00706,2026-01-22
SYN-00706,2026-01-22
SYN-00707,2026-01-27
SYN-00707,2026-01-27
SYN-00707,2026-03-02
SYN-00707,2026-03-02
SYN-00708,2026-04-15
SYN-00708,2026-10-31
SYN-00708,2026-10-31
SYN-00709,2026-03-30
SYN-00709,2026-06-20
SYN-00709,2026-06-20
SYN-00710,2025-12-17
SYN-00710,2026-06-19
SYN-00710,2026-06-19
SYN-00711,2026-08-21
SYN-00711,2026-11-28
SYN-00711,2026-11-28
SYN-00712,2025-12-16
SYN-00712,2026-02-07
SYN-00712,2026-02-07
SYN-00713,2025-09-23
SYN-00713,2026-04-09
SYN-00713,2026-04-09
SYN-00713,2026-04-09
SYN-00714,2025-10-27
SYN-00714,2026-05-02
SYN-00714,2026-05-02
SYN-00715,2026-06-25
SYN-00715,2026-07-29
SYN-00715,2026-07-29
SYN-00716,2025-12-11
SYN-00716,2026-06-15
SYN-00716,2026-06-15
SYN-00717,2025-12-07
SYN-00717,2026-04-26
SYN-00717,2026-04-26
SYN-00718,2026-04-25
SYN-00718,2026-10-08
SYN-00718,2026-10-08
SYN-00719,2026-07-06
SYN-00719,2026-10-17
SYN-00719,2026-10-17
SYN-00720,2026-07-31
SYN-00720,2026-10-17
SYN-00720,2026-10-17
SYN-00721,2025-09-27
SYN-00721,2026-03-14
SYN-00721,2026-03-14
SYN-00722,2026-02-05
SYN-00722,2026-06-24
SYN-00722,2026-06-24
SYN-00723,2026-07-08
SYN-00723,2027-01-14
SYN-00723,2027-01-14
SYN-00724,2026-01-04
SYN-00724,2026-04-24
SYN-00724,2026-04-24
SYN-00725,2026-05-04
SYN-00725,2026-08-08
SYN-00725,2026-08-08
SYN-00726,2026-03-15
SYN-00726,2026-05-04
SYN-00726,2026-05-04
SYN-00727,2026-05-16
SYN-00727,2026-11-06
SYN-00727,2026-11-06
SYN-00728,2026-03-25
SYN-00728,2026-07-23
SYN-00728,2026-07-23
SYN-00728,2026-07-23
SYN-00729,2026-01-17
SYN-00729,2026-03-20
SYN-00729,2026-03-20
SYN-00730,2025-09-20
SYN-00730,2026-04-03
SYN-00730,2026-04-03
SYN-00731,2025-09-07
SYN-00731,2025-12-06
SYN-00731,2025-12-06
SYN-00732,2026-08-07
SYN-00733,2025-09-20
SYN-00733,2026-02-03
SYN-00733,2026-02-03
SYN-00734,2026-03-11
SYN-00734,2026-06-20
SYN-00734,2026-06-20
SYN-00735,2025-11-13
SYN-00735,2025-12-25
SYN-00735,2025-12-25
SYN-00736,2026-02-01
SYN-00736,2026-02-01
SYN-00736,2026-03-15
SYN-00736,2026-03-15
SYN-00737,2026-03-09
SYN-00737,2026-06-19
SYN-00737,2026-06-19
SYN-00738,2026-07-19
SYN-00738,2026-08-27
SYN-00738,2026-08-27
SYN-00739,2026-06-06
SYN-00739,2026-12-12
SYN-00739,2026-12-12
SYN-00740,2025-11-14
SYN-00740,2026-04-08
SYN-00740,2026-04-08
SYN-00741,2025-10-13
SYN-00741,2026-01-25
SYN-00741,2026-01-25
SYN-00742,2025-12-23
SYN-00742,2026-03-29
SYN-00742,2026-03-29
SYN-00743,2026-08-10
SYN-00743,2026-10-21
SYN-00743,2026-10-21
SYN-00744,2025-12-06
SYN-00744,2025-12-06
SYN-00744,2026-06-13
SYN-00744,2026-06-13
SYN-00745,2025-09-22
SYN-00745,2025-10-24
SYN-00745,2025-10-24
SYN-00746,2025-10-20
SYN-00746,2026-02-22
SYN-00746,2026-02-22
SYN-00747,2025-11-11
SYN-00747,2025-12-12
SYN-00747,2025-12-12
SYN-00748,2025-10-17
SYN-00748,2026-01-14
SYN-00748,2026-01-14
SYN-00749,2025-11-29
SYN-00749,2026-04-11
SYN-00749,2026-04-11
SYN-00750,2026-06-10
SYN-00750,2026-10-28
SYN-00750,2026-10-28
SYN-00751,2026-04-21
SYN-00751,2026-10-12
SYN-00751,2026-10-12
SYN-00752,2026-03-15
SYN-00752,2026-09-29
SYN-00752,2026-09-29
SYN-00753,2026-04-01
SYN-00753,2026-05-08
SYN-00753,2026-05-08
SYN-00754,2026-03-17
SYN-00754,2026-07-11
SYN-00754,2026-07-11
SYN-00755,2026-04-10
SYN-00755,2026-07-31
SYN-00755,2026-07-31
SYN-00755,2026-07-31
SYN-00756,2026-01-25
SYN-00756,2026-06-22
SYN-00756,2026-06-22
SYN-00757,2026-03-15
SYN-00757,2026-04-19
SYN-00757,2026-04-19
SYN-00758,2025-11-16
SYN-00758,2025-12-31
SYN-00758,2025-12-31
SYN-00759,2026-07-15
SYN-00759,2026-11-21
SYN-00759,2026-11-21
SYN-00760,2026-04-08
SYN-00760,2026-09-22
SYN-00760,2026-09-22
SYN-00761,2026-04-11
SYN-00761,2026-09-07
SYN-00761,2026-09-07
SYN-00762,2026-02-23
SYN-00762,2026-04-14
SYN-00762,2026-04-14
SYN-00763,2026-06-24
SYN-00763,2026-06-24
SYN-00763,2026-12-10
SYN-00763,2026-12-10
SYN-00764,2026-05-31
SYN-00764,2026-08-10
SYN-00764,2026-08-10
SYN-00765,2026-05-17
SYN-00765,2026-07-27
SYN-00765,2026-07-27
SYN-00766,2026-03-13
SYN-00766,2026-09-14
SYN-00766,2026-09-14
SYN-00767,2026-06-26
SYN-00767,2026-10-18
SYN-00767,2026-10-18
SYN-00768,2026-03-01
SYN-00768,2026-07-15
SYN-00768,2026-07-15
SYN-00769,2026-05-18
SYN-00769,2026-07-08
SYN-00769,2026-07-08
SYN-00769,2026-07-08
SYN-00770,2026-01-13
SYN-00770,2026-04-18
SYN-00770,2026-04-18
SYN-00771,2026-07-28
SYN-00771,2026-11-24
SYN-00771,2026-11-24
SYN-00772,2026-03-10
SYN-00772,2026-09-19
SYN-00772,2026-09-19
SYN-00773,2026-03-31
SYN-00773,2026-06-29
SYN-00773,2026-06-29
SYN-00774,2026-04-13
SYN-00774,2026-10-05
SYN-00774,2026-10-05
SYN-00775,2025-09-20
SYN-00775,2025-12-26
SYN-00775,2025-12-26
SYN-00775,2025-12-26
SYN-00776,2026-06-22
SYN-00776,2026-12-04
SYN-00776,2026-12-04
SYN-00777,2025-12-30
SYN-00777,2026-06-25
SYN-00777,2026-06-25
SYN-00778,2026-04-11
SYN-00778,2026-06-29
SYN-00778,2026-06-29
SYN-00779,2026-08-06
SYN-00779,2026-09-22
SYN-00779,2026-09-22
SYN-00780,2026-03-28
SYN-00780,2026-09-13
SYN-00780,2026-09-13
SYN-00781,2026-01-29
SYN-00781,2026-03-04
SYN-00781,2026-03-04
SYN-00782,2026-04-19
SYN-00782,2026-08-24
SYN-00782,2026-08-24
SYN-00783,2026-06-08
SYN-00783,2026-11-17
SYN-00783,2026-11-17
SYN-00784,2025-12-16
SYN-00784,2026-06-15
SYN-00784,2026-06-15
SYN-00785,2026-05-12
SYN-00785,2026-07-28
SYN-00785,2026-07-28
SYN-00786,2026-07-05
SYN-00786,2026-08-11
SYN-00786,2026-08-11
SYN-00787,2026-04-15
SYN-00787,2026-07-28
SYN-00787,2026-07-28
SYN-00788,2026-03-21
SYN-00788,2026-08-31
SYN-00788,2026-08-31
SYN-00789,2026-03-01
SYN-00789,2026-04-29
SYN-00789,2026-04-29
SYN-00790,2025-09-09
SYN-00790,2025-11-09
SYN-00790,2025-11-09
SYN-00791,2026-08-21
SYN-00791,2026-12-17
SYN-00791,2026-12-17
SYN-00792,2025-10-10
SYN-00792,2025-11-12
SYN-00792,2025-11-12
SYN-00793,2026-06-17
SYN-00793,2026-12-07
SYN-00793,2026-12-07
SYN-00793,2026-12-07
SYN-00794,2025-11-13
SYN-00794,2026-05-06
SYN-00794,2026-05-06
SYN-00795,2026-08-11
SYN-00796,2025-12-08
SYN-00796,2026-06-21
SYN-00796,2026-06-21
SYN-00797,2026-03-04
SYN-00797,2026-06-30
SYN-00797,2026-06-30
SYN-00798,2026-02-08
SYN-00798,2026-06-06
SYN-00798,2026-06-06
SYN-00799,2026-01-23
SYN-00799,2026-07-17
SYN-00799,2026-07-17
SYN-00800,2026-06-05
SYN-00800,2026-08-02
SYN-00800,2026-08-02
SYN-00801,2025-12-22
SYN-00801,2026-04-01
SYN-00801,2026-04-01
SYN-00802,2025-09-21
SYN-00802,2026-03-03
SYN-00802,2026-03-03
SYN-00803,2026-03-02
SYN-00803,2026-07-11
SYN-00803,2026-07-11
SYN-00804,2025-10-16
SYN-00804,2026-03-26
SYN-00804,2026-03-26
SYN-00805,2026-07-28
SYN-00805,2026-09-06
SYN-00805,2026-09-06
SYN-00806,2026-05-10
SYN-00806,2026-07-13
SYN-00806,2026-07-13
SYN-00807,2025-11-25
SYN-00807,2026-03-26
SYN-00807,2026-03-26
SYN-00808,2025-10-30
SYN-00808,2026-01-11
SYN-00808,2026-01-11
SYN-00809,2025-12-16
SYN-00809,2026-01-19
SYN-00809,2026-01-19
SYN-00810,2026-03-16
SYN-00810,2026-09-11
SYN-00810,2026-09-11
SYN-00811,2026-08-02
SYN-00811,2026-11-14
SYN-00811,2026-11-14
SYN-00812,2026-02-25
SYN-00812,2026-03-27
SYN-00812,2026-03-27
SYN-00813,2025-12-08
SYN-00813,2026-01-17
SYN-00813,2026-01-17
SYN-00814,2026-05-15
SYN-00814,2026-11-03
SYN-00814,2026-11-03
SYN-00815,2025-11-07
SYN-00815,2025-12-11
SYN-00815,2025-12-11
SYN-00816,2025-11-30
SYN-00816,2026-02-16
SYN-00816,2026-02-16
SYN-00817,2026-07-25
SYN-00818,2026-07-16
SYN-00818,2026-08-15
SYN-00818,2026-08-15
SYN-00819,2026-01-31
SYN-00819,2026-05-04
SYN-00819,2026-05-04
SYN-00820,2026-02-01
SYN-00820,2026-03-10
SYN-00820,2026-03-10
SYN-00821,2026-05-05
SYN-00821,2026-05-05
SYN-00821,2026-07-31
SYN-00821,2026-07-31
SYN-00822,2025-09-26
SYN-00822,2026-04-12
SYN-00822,2026-04-12
SYN-00823,2026-05-18
SYN-00823,2026-09-13
SYN-00823,2026-09-13
SYN-00824,2026-02-10
SYN-00824,2026-05-28
SYN-00824,2026-05-28
SYN-00825,2026-06-26
SYN-00825,2026-07-30
SYN-00825,2026-07-30
SYN-00826,2025-11-02
SYN-00826,2025-12-13
SYN-00826,2025-12-13
SYN-00826,2025-12-13
SYN-00827,2026-07-23
SYN-00827,2026-09-21
SYN-00827,2026-09-21
SYN-00828,2025-09-07
SYN-00828,2025-10-24
SYN-00828,2025-10-24
SYN-00829,2026-04-27
SYN-00829,2026-08-13
SYN-00829,2026-08-13
SYN-00830,2026-05-06
SYN-00830,2026-09-17
SYN-00830,2026-09-17
SYN-00831,2026-02-05
SYN-00831,2026-06-11
SYN-00831,2026-06-11
SYN-00832,2026-01-27
SYN-00832,2026-04-15
SYN-00832,2026-04-15
SYN-00833,2025-10-05
SYN-00833,2026-02-21
SYN-00833,2026-02-21
SYN-00834,2026-08-10
SYN-00834,2026-09-23
SYN-00834,2026-09-23
SYN-00835,2025-09-02
SYN-00835,2026-01-10
SYN-00835,2026-01-10
SYN-00835,2026-01-10
SYN-00836,2026-06-20
SYN-00836,2026-12-11
SYN-00836,2026-12-11
SYN-00837,2025-12-10
SYN-00837,2026-04-01
SYN-00837,2026-04-01
SYN-00838,2025-11-13
SYN-00838,2026-01-16
SYN-00838,2026-01-16
SYN-00839,2025-10-09
SYN-00839,2026-02-03
SYN-00839,2026-02-03
SYN-00840,2026-06-14
SYN-00840,2026-06-14
SYN-00840,2026-10-19
SYN-00840,2026-10-19
SYN-00841,2025-11-17
SYN-00841,2026-01-13
SYN-00841,2026-01-13
SYN-00842,2026-04-23
SYN-00842,2026-06-20
SYN-00842,2026-06-20
SYN-00843,2025-09-24
SYN-00843,2026-01-16
SYN-00843,2026-01-16
SYN-00844,2025-11-13
SYN-00844,2026-01-05
SYN-00844,2026-01-05
SYN-00845,2026-06-03
SYN-00845,2026-10-11
SYN-00845,2026-10-11
SYN-00846,2026-07-01
SYN-00846,2026-08-29
SYN-00846,2026-08-29
SYN-00847,2026-02-21
SYN-00847,2026-05-02
SYN-00847,2026-05-02
SYN-00848,2026-05-10
SYN-00848,2026-06-10
SYN-00848,2026-06-10
SYN-00849,2025-11-29
SYN-00849,2026-02-13
SYN-00849,2026-02-13
SYN-00850,2026-08-21
SYN-00850,2026-10-11
SYN-00850,2026-10-11
SYN-00851,2026-08-11
SYN-00851,2027-01-05
SYN-00851,2027-01-05
SYN-00852,2026-07-18
SYN-00852,2026-11-24
SYN-00852,2026-11-24
SYN-00853,2025-11-13
SYN-00853,2026-05-20
SYN-00853,2026-05-20
SYN-00854,2025-09-27
SYN-00854,2026-01-28
SYN-00854,2026-01-28
SYN-00855,2025-12-26
SYN-00855,2026-03-22
SYN-00855,2026-03-22
SYN-00856,2025-09-03
SYN-00856,2026-03-16
SYN-00856,2026-03-16
SYN-00857,2026-06-07
SYN-00857,2026-10-06
SYN-00857,2026-10-06
SYN-00858,2025-11-08
SYN-00858,2026-05-20
SYN-00858,2026-05-20
SYN-00859,2026-03-21
SYN-00859,2026-05-22
SYN-00859,2026-05-22
SYN-00860,2025-11-05
SYN-00860,2026-02-12
SYN-00860,2026-02-12
SYN-00861,2025-09-03
SYN-00861,2026-03-12
SYN-00861,2026-03-12
SYN-00862,2026-05-27
SYN-00862,2026-09-10
SYN-00862,2026-09-10
SYN-00863,2026-01-13
SYN-00863,2026-03-07
SYN-00863,2026-03-07
SYN-00864,2026-04-20
SYN-00864,2026-08-23
SYN-00864,2026-08-23
SYN-00865,2025-12-04
SYN-00865,2026-03-15
SYN-00865,2026-03-15
SYN-00866,2026-04-14
SYN-00866,2026-10-18
SYN-00866,2026-10-18
SYN-00867,2026-05-26
SYN-00867,2026-11-11
SYN-00867,2026-11-11
SYN-00868,2026-06-04
SYN-00868,2026-09-20
SYN-00868,2026-09-20
SYN-00869,2026-03-16
SYN-00869,2026-08-07
SYN-00869,2026-08-07
SYN-00870,2025-10-25
SYN-00870,2026-05-10
SYN-00870,2026-05-10
SYN-00871,2026-02-09
SYN-00871,2026-08-24
SYN-00871,2026-08-24
SYN-00872,2025-09-10
SYN-00872,2026-03-28
SYN-00872,2026-03-28
SYN-00873,2026-08-15
SYN-00873,2026-12-07
SYN-00873,2026-12-07
SYN-00874,2026-04-24
SYN-00874,2026-09-10
SYN-00874,2026-09-10
SYN-00875,2026-03-07
SYN-00875,2026-08-25
SYN-00875,2026-08-25
SYN-00876,2026-01-01
SYN-00876,2026-04-10
SYN-00876,2026-04-10
SYN-00877,2025-09-10
SYN-00877,2025-12-22
SYN-00877,2025-12-22
SYN-00878,2025-10-08
SYN-00878,2026-01-16
SYN-00878,2026-01-16
SYN-00879,2025-10-24
SYN-00879,2026-05-03
SYN-00879,2026-05-03
SYN-00880,2026-01-25
SYN-00880,2026-07-04
SYN-00880,2026-07-04
SYN-00881,2026-02-02
SYN-00881,2026-07-19
SYN-00881,2026-07-19
SYN-00882,2026-07-26
SYN-00882,2026-11-13
SYN-00882,2026-11-13
SYN-00883,2026-02-15
SYN-00883,2026-05-21
SYN-00883,2026-05-21
SYN-00884,2026-01-04
SYN-00884,2026-02-27
SYN-00884,2026-02-27
SYN-00885,2026-01-09
SYN-00885,2026-06-27
SYN-00885,2026-06-27
SYN-00886,2025-10-11
SYN-00886,2025-12-01
SYN-00886,2025-12-01
SYN-00887,2026-01-16
SYN-00887,2026-03-25
SYN-00887,2026-03-25
SYN-00888,2025-09-04
SYN-00888,2025-12-24
SYN-00888,2025-12-24
SYN-00889,2026-04-01
SYN-00889,2026-08-04
SYN-00889,2026-08-04
SYN-00890,2026-07-22
SYN-00890,2026-09-16
SYN-00890,2026-09-16
SYN-00891,2026-01-15
SYN-00891,2026-06-07
SYN-00891,2026-06-07
SYN-00892,2026-05-18
SYN-00892,2026-07-26
SYN-00892,2026-07-26
SYN-00893,2025-10-05
SYN-00893,2026-03-02
SYN-00893,2026-03-02
SYN-00894,2026-05-07
SYN-00894,2026-05-07
SYN-00894,2026-09-14
SYN-00894,2026-09-14
SYN-00895,2025-09-20
SYN-00895,2026-02-13
SYN-00895,2026-02-13
SYN-00896,2026-07-02
SYN-00896,2026-10-26
SYN-00896,2026-10-26
SYN-00897,2026-04-22
SYN-00897,2026-10-09
SYN-00897,2026-10-09
SYN-00898,2025-10-23
SYN-00898,2026-03-17
SYN-00898,2026-03-17
SYN-00899,2026-06-07
SYN-00899,2026-10-29
SYN-00899,2026-10-29
SYN-00899,2026-10-29
SYN-00900,2026-07-21
SYN-00901,2026-03-29
SYN-00901,2026-08-29
SYN-00901,2026-08-29
SYN-00901,2026-08-29
SYN-00902,2026-02-03
SYN-00902,2026-08-11
SYN-00902,2026-08-11
SYN-00903,2026-06-23
SYN-00903,2026-12-03
SYN-00903,2026-12-03
SYN-00904,2025-10-23
SYN-00904,2026-03-01
SYN-00904,2026-03-01
SYN-00905,2026-01-20
SYN-00905,2026-05-01
SYN-00905,2026-05-01
SYN-00906,2025-11-28
SYN-00906,2026-03-12
SYN-00906,2026-03-12
SYN-00907,2026-05-09
SYN-00907,2026-08-25
SYN-00907,2026-08-25
SYN-00908,2026-04-10
SYN-00908,2026-04-10
SYN-00908,2026-07-30
SYN-00908,2026-07-30
SYN-00909,2026-05-16
SYN-00909,2026-09-12
SYN-00909,2026-09-12
SYN-00910,2025-10-27
SYN-00910,2026-01-15
SYN-00910,2026-01-15
SYN-00910,2026-01-15
SYN-00911,2026-03-16
SYN-00911,2026-04-23
SYN-00911,2026-04-23
SYN-00912,2025-12-03
SYN-00912,2026-01-16
SYN-00912,2026-01-16
SYN-00913,2025-11-17
SYN-00913,2026-04-16
SYN-00913,2026-04-16
SYN-00914,2026-06-07
SYN-00914,2026-08-30
SYN-00914,2026-08-30
SYN-00915,2025-09-30
SYN-00915,2026-02-22
SYN-00915,2026-02-22
SYN-00916,2026-04-09
SYN-00916,2026-06-18
SYN-00916,2026-06-18
SYN-00917,2025-09-06
SYN-00917,2026-02-01
SYN-00917,2026-02-01
SYN-00918,2025-09-04
SYN-00918,2026-01-07
SYN-00918,2026-01-07
SYN-00919,2026-06-22
SYN-00919,2026-09-30
SYN-00919,2026-09-30
SYN-00920,2025-11-15
SYN-00920,2026-02-24
SYN-00920,2026-02-24
SYN-00921,2025-09-14
SYN-00921,2026-03-29
SYN-00921,2026-03-29
SYN-00921,2026-03-29
SYN-00922,2026-04-26
SYN-00922,2026-09-05
SYN-00922,2026-09-05
SYN-00923,2026-03-15
SYN-00923,2026-05-27
SYN-00923,2026-05-27
SYN-00924,2025-09-14
SYN-00924,2026-02-19
SYN-00924,2026-02-19
SYN-00925,2025-09-17
SYN-00925,2026-01-28
SYN-00925,2026-01-28
SYN-00926,2026-03-27
SYN-00926,2026-05-26
SYN-00926,2026-05-26
SYN-00927,2025-10-20
SYN-00927,2026-04-24
SYN-00927,2026-04-24
SYN-00928,2025-10-21
SYN-00928,2026-01-25
SYN-00928,2026-01-25
SYN-00929,2025-12-06
SYN-00929,2026-02-12
SYN-00929,2026-02-12
SYN-00930,2025-09-15
SYN-00930,2025-11-22
SYN-00930,2025-11-22
SYN-00931,2025-10-23
SYN-00931,2026-03-02
SYN-00931,2026-03-02
SYN-00932,2026-01-30
SYN-00932,2026-05-04
SYN-00932,2026-05-04
SYN-00933,2025-10-24
SYN-00933,2026-01-06
SYN-00933,2026-01-06
SYN-00934,2026-07-06
SYN-00934,2026-11-09
SYN-00934,2026-11-09
SYN-00935,2025-09-01
SYN-00935,2026-02-04
SYN-00935,2026-02-04
SYN-00936,2025-12-01
SYN-00936,2026-06-03
SYN-00936,2026-06-03
SYN-00937,2026-01-01
SYN-00937,2026-03-13
SYN-00937,2026-03-13
SYN-00938,2026-08-16
SYN-00938,2026-12-27
SYN-00938,2026-12-27
SYN-00939,2026-05-15
SYN-00939,2026-10-23
SYN-00939,2026-10-23
SYN-00940,2026-08-13
SYN-00940,2026-10-30
SYN-00940,2026-10-30
SYN-00941,2026-02-15
SYN-00941,2026-03-30
SYN-00941,2026-03-30
SYN-00942,2026-08-13
SYN-00942,2026-11-03
SYN-00942,2026-11-03
SYN-00943,2025-09-15
SYN-00943,2026-02-09
SYN-00943,2026-02-09
SYN-00944,2026-03-29
SYN-00944,2026-10-12
SYN-00944,2026-10-12
SYN-00945,2025-12-14
SYN-00945,2026-05-27
SYN-00945,2026-05-27
SYN-00946,2026-03-07
SYN-00946,2026-08-04
SYN-00946,2026-08-04
SYN-00947,2026-02-11
SYN-00947,2026-08-24
SYN-00947,2026-08-24
SYN-00948,2025-12-29
SYN-00948,2026-06-16
SYN-00948,2026-06-16
SYN-00949,2025-10-08
SYN-00949,2025-11-09
SYN-00949,2025-11-09
SYN-00950,2026-04-01
SYN-00950,2026-09-27
SYN-00950,2026-09-27
SYN-00951,2026-08-02
SYN-00951,2026-09-20
SYN-00951,2026-09-20
SYN-00952,2025-09-13
SYN-00952,2026-02-14
SYN-00952,2026-02-14
SYN-00953,2026-06-16
SYN-00953,2026-08-06
SYN-00953,2026-08-06
SYN-00954,2026-02-09
SYN-00954,2026-06-12
SYN-00954,2026-06-12
SYN-00955,2025-09-06
SYN-00955,2026-01-12
SYN-00955,2026-01-12
SYN-00956,2026-02-18
SYN-00956,2026-04-03
SYN-00956,2026-04-03
SYN-00957,2026-04-21
SYN-00957,2026-10-05
SYN-00957,2026-10-05
SYN-00958,2026-03-02
SYN-00958,2026-04-12
SYN-00958,2026-04-12
SYN-00959,2026-02-22
SYN-00959,2026-04-02
SYN-00959,2026-04-02
SYN-00960,2025-10-30
SYN-00960,2026-03-28
SYN-00960,2026-03-28
SYN-00961,2025-11-05
SYN-00961,2026-04-02
SYN-00961,2026-04-02
SYN-00962,2025-12-01
SYN-00962,2026-02-09
SYN-00962,2026-02-09
SYN-00963,2026-02-11
SYN-00963,2026-08-27
SYN-00963,2026-08-27
SYN-00964,2026-06-01
SYN-00964,2026-08-21
SYN-00964,2026-08-21
SYN-00965,2025-09-30
SYN-00965,2025-11-28
SYN-00965,2025-11-28
SYN-00966,2026-03-11
SYN-00966,2026-09-05
SYN-00966,2026-09-05
SYN-00967,2025-09-16
SYN-00967,2025-11-08
SYN-00967,2025-11-08
SYN-00968,2026-03-13
SYN-00968,2026-07-04
SYN-00968,2026-07-04
SYN-00969,2025-11-19
SYN-00969,2026-04-01
SYN-00969,2026-04-01
SYN-00970,2025-11-28
SYN-00970,2026-02-16
SYN-00970,2026-02-16
SYN-00971,2026-03-21
SYN-00971,2026-07-29
SYN-00971,2026-07-29
SYN-00972,2026-01-24
SYN-00972,2026-07-24
SYN-00972,2026-07-24
SYN-00973,2026-07-24
SYN-00974,2026-05-31
SYN-00974,2026-12-11
SYN-00974,2026-12-11
SYN-00975,2025-09-13
SYN-00975,2026-03-15
SYN-00975,2026-03-15
SYN-00976,2026-02-18
SYN-00976,2026-09-02
SYN-00976,2026-09-02
SYN-00977,2026-07-04
SYN-00977,2026-10-13
SYN-00977,2026-10-13
SYN-00978,2026-02-27
SYN-00978,2026-04-29
SYN-00978,2026-04-29
SYN-00978,2026-04-29
SYN-00979,2026-08-23
SYN-00979,2026-08-23
SYN-00979,2026-12-27
SYN-00979,2026-12-27
SYN-00980,2025-11-21
SYN-00980,2026-02-20
SYN-00980,2026-02-20
SYN-00981,2026-02-15
SYN-00981,2026-02-15
SYN-00981,2026-03-22
SYN-00981,2026-03-22
SYN-00982,2026-07-03
SYN-00982,2026-08-10
SYN-00982,2026-08-10
SYN-00983,2026-08-06
SYN-00984,2026-03-24
SYN-00984,2026-05-09
SYN-00984,2026-05-09
SYN-00985,2026-06-25
SYN-00985,2026-12-28
SYN-00985,2026-12-28
SYN-00986,2025-09-25
SYN-00986,2025-11-14
SYN-00986,2025-11-14
SYN-00986,2025-11-14
SYN-00987,2025-09-14
SYN-00987,2025-12-11
SYN-00987,2025-12-11
SYN-00988,2026-05-06
SYN-00988,2026-10-17
SYN-00988,2026-10-17
SYN-00989,2025-09-22
SYN-00989,2026-01-19
SYN-00989,2026-01-19
SYN-00990,2025-11-01
SYN-00990,2026-05-07
SYN-00990,2026-05-07
SYN-00991,2025-09-17
SYN-00991,2026-03-10
SYN-00991,2026-03-10
SYN-00992,2025-10-01
SYN-00992,2026-02-05
SYN-00992,2026-02-05
SYN-00993,2026-07-12
SYN-00993,2026-10-21
SYN-00993,2026-10-21
SYN-00994,2025-12-03
SYN-00994,2026-01-15
SYN-00994,2026-01-15
SYN-00994,2026-01-15
SYN-00995,2025-12-30
SYN-00995,2026-05-11
SYN-00995,2026-05-11
SYN-00996,2026-02-01
SYN-00996,2026-07-16
SYN-00996,2026-07-16
SYN-00997,2025-11-17
SYN-00997,2026-03-02
SYN-00997,2026-03-02
SYN-00998,2026-07-25
SYN-00998,2026-10-21
SYN-00998,2026-10-21
SYN-00999,2026-05-18
SYN-00999,2026-10-14
SYN-00999,2026-10-14
SYN-01000,2026-07-16
SYN-01000,2026-09-01
SYN-01000,2026-09-01
SYN-01001,2025-10-16
SYN-01001,2026-04-25
SYN-01001,2026-04-25
SYN-01002,2026-01-13
SYN-01002,2026-06-19
SYN-01002,2026-06-19
SYN-01003,2026-08-13
SYN-01003,2026-09-26
SYN-01003,2026-09-26
SYN-01004,2026-05-29
SYN-01004,2026-11-06
SYN-01004,2026-11-06
SYN-01005,2026-07-24
SYN-01005,2026-09-15
SYN-01005,2026-09-15
SYN-01006,2025-11-01
SYN-01006,2025-12-06
SYN-01006,2025-12-06
SYN-01007,2025-09-03
SYN-01007,2026-03-19
SYN-01007,2026-03-19
SYN-01008,2025-10-05
SYN-01008,2026-04-22
SYN-01008,2026-04-22
SYN-01009,2026-04-04
SYN-01009,2026-05-29
SYN-01009,2026-05-29
SYN-01010,2026-05-07
SYN-01010,2026-09-05
SYN-01010,2026-09-05
SYN-01011,2026-05-21
SYN-01011,2026-09-06
SYN-01011,2026-09-06
SYN-01012,2025-10-16
SYN-01012,2026-04-05
SYN-01012,2026-04-05
SYN-01013,2026-01-13
SYN-01013,2026-05-07
SYN-01013,2026-05-07
SYN-01014,2026-01-07
SYN-01014,2026-02-14
SYN-01014,2026-02-14
SYN-01014,2026-02-14
SYN-01015,2026-07-02
SYN-01015,2026-11-08
SYN-01015,2026-11-08
SYN-01016,2026-07-23
SYN-01016,2026-09-04
SYN-01016,2026-09-04
SYN-01017,2026-06-17
SYN-01017,2026-08-06
SYN-01017,2026-08-06
SYN-01018,2025-09-15
SYN-01018,2026-01-03
SYN-01018,2026-01-03
SYN-01019,2025-12-14
SYN-01019,2026-02-07
SYN-01019,2026-02-07
SYN-01019,2026-02-07
SYN-01020,2026-02-20
SYN-01020,2026-05-23
SYN-01020,2026-05-23
SYN-01021,2025-11-30
SYN-01021,2026-05-26
SYN-01021,2026-05-26
SYN-01022,2025-10-12
SYN-01022,2025-12-17
SYN-01022,2025-12-17
SYN-01023,2026-05-05
SYN-01023,2026-07-16
SYN-01023,2026-07-16
SYN-01024,2026-08-12
SYN-01024,2026-09-21
SYN-01024,2026-09-21
SYN-01025,2026-01-17
SYN-01025,2026-05-08
SYN-01025,2026-05-08
SYN-01026,2025-11-19
SYN-01026,2026-01-08
SYN-01026,2026-01-08
SYN-01027,2026-07-08
SYN-01027,2026-09-24
SYN-01027,2026-09-24
SYN-01028,2026-02-04
SYN-01028,2026-06-10
SYN-01028,2026-06-10
SYN-01029,2026-01-16
SYN-01029,2026-07-17
SYN-01029,2026-07-17
SYN-01030,2026-04-13
SYN-01030,2026-04-13
SYN-01030,2026-08-24
SYN-01030,2026-08-24
SYN-01031,2026-05-14
SYN-01031,2026-10-13
SYN-01031,2026-10-13
SYN-01032,2026-03-05
SYN-01032,2026-06-13
SYN-01032,2026-06-13
SYN-01033,2026-05-25
SYN-01033,2026-10-31
SYN-01033,2026-10-31
SYN-01034,2026-02-18
SYN-01034,2026-06-06
SYN-01034,2026-06-06
SYN-01035,2026-01-11
SYN-01035,2026-05-01
SYN-01035,2026-05-01
SYN-01036,2026-06-05
SYN-01036,2026-10-19
SYN-01036,2026-10-19
SYN-01037,2025-10-10
SYN-01037,2026-04-16
SYN-01037,2026-04-16
SYN-01038,2025-10-05
SYN-01038,2026-01-08
SYN-01038,2026-01-08
SYN-01039,2026-05-27
SYN-01039,2026-07-14
SYN-01039,2026-07-14
SYN-01040,2026-06-26
SYN-01040,2026-10-09
SYN-01040,2026-10-09
SYN-01041,2025-11-03
SYN-01041,2026-04-01
SYN-01041,2026-04-01
SYN-01042,2026-03-28
SYN-01042,2026-06-22
SYN-01042,2026-06-22
SYN-01043,2026-03-17
SYN-01043,2026-06-17
SYN-01043,2026-06-17
SYN-01044,2026-01-15
SYN-01044,2026-04-28
SYN-01044,2026-04-28
SYN-01045,2025-10-20
SYN-01045,2026-04-29
SYN-01045,2026-04-29
SYN-01046,2025-09-08
SYN-01046,2026-01-30
SYN-01046,2026-01-30
SYN-01046,2026-01-30
SYN-01047,2025-11-14
SYN-01047,2025-11-14
SYN-01047,2026-04-13
SYN-01047,2026-04-13
SYN-01047,2026-04-13
SYN-01048,2026-04-29
SYN-01048,2026-08-31
SYN-01048,2026-08-31
SYN-01049,2025-09-14
SYN-01049,2026-03-20
SYN-01049,2026-03-20
SYN-01050,2025-10-12
SYN-01050,2026-02-23
SYN-01050,2026-02-23
SYN-01051,2026-03-09
SYN-01051,2026-05-05
SYN-01051,2026-05-05
SYN-01052,2025-10-31
SYN-01052,2026-05-13
SYN-01052,2026-05-13
SYN-01053,2025-10-24
SYN-01053,2026-02-16
SYN-01053,2026-02-16
SYN-01054,2025-09-02
SYN-01054,2025-12-06
SYN-01054,2025-12-06
SYN-01055,2025-09-15
SYN-01055,2026-02-06
SYN-01055,2026-02-06
SYN-01056,2026-05-10
SYN-01056,2026-09-10
SYN-01056,2026-09-10
SYN-01057,2025-11-29
SYN-01057,2026-01-21
SYN-01057,2026-01-21
SYN-01058,2025-11-01
SYN-01058,2026-03-09
SYN-01058,2026-03-09
SYN-01059,2026-01-14
SYN-01059,2026-04-05
SYN-01059,2026-04-05
SYN-01060,2026-04-15
SYN-01060,2026-09-03
SYN-01060,2026-09-03
SYN-01061,2026-04-20
SYN-01061,2026-09-29
SYN-01061,2026-09-29
SYN-01062,2026-01-28
SYN-01062,2026-07-29
SYN-01062,2026-07-29
SYN-01063,2026-01-13
SYN-01063,2026-04-25
SYN-01063,2026-04-25
SYN-01064,2025-10-16
SYN-01064,2026-04-04
SYN-01064,2026-04-04
SYN-01065,2026-07-16
SYN-01065,2026-07-16
SYN-01065,2026-09-23
SYN-01065,2026-09-23
SYN-01066,2026-03-05
SYN-01066,2026-08-07
SYN-01066,2026-08-07
SYN-01067,2026-02-10
SYN-01067,2026-08-03
SYN-01067,2026-08-03
SYN-01068,2026-04-30
SYN-01068,2026-09-10
SYN-01068,2026-09-10
SYN-01069,2026-07-02
SYN-01069,2026-08-08
SYN-01069,2026-08-08
SYN-01070,2026-03-15
SYN-01070,2026-05-15
SYN-01070,2026-05-15
SYN-01071,2025-12-15
SYN-01071,2026-03-16
SYN-01071,2026-03-16
SYN-01072,2026-03-01
SYN-01072,2026-04-30
SYN-01072,2026-04-30
SYN-01073,2026-01-06
SYN-01073,2026-07-10
SYN-01073,2026-07-10
SYN-01074,2026-06-19
SYN-01074,2026-09-02
SYN-01074,2026-09-02
SYN-01074,2026-09-02
SYN-01075,2026-07-14
SYN-01075,2026-12-26
SYN-01075,2026-12-26
SYN-01076,2025-12-27
SYN-01076,2026-04-25
SYN-01076,2026-04-25
SYN-01077,2026-03-06
SYN-01077,2026-08-28
SYN-01077,2026-08-28
SYN-01078,2026-04-21
SYN-01078,2026-09-28
SYN-01078,2026-09-28
SYN-01079,2026-08-01
SYN-01079,2026-10-19
SYN-01079,2026-10-19
SYN-01079,2026-10-19
SYN-01080,2025-10-06
SYN-01080,2026-04-15
SYN-01080,2026-04-15
SYN-01081,2026-01-29
SYN-01081,2026-08-11
SYN-01081,2026-08-11
SYN-01081,2026-08-11
SYN-01082,2025-12-17
SYN-01082,2026-02-20
SYN-01082,2026-02-20
SYN-01083,2026-07-01
SYN-01083,2026-10-23
SYN-01083,2026-10-23
SYN-01084,2025-10-29
SYN-01084,2026-04-19
SYN-01084,2026-04-19
SYN-01085,2026-06-04
SYN-01085,2026-09-17
SYN-01085,2026-09-17
SYN-01086,2025-12-25
SYN-01086,2026-07-01
SYN-01086,2026-07-01
SYN-01087,2026-02-28
SYN-01087,2026-02-28
SYN-01087,2026-07-02
SYN-01087,2026-07-02
SYN-01088,2026-03-21
SYN-01088,2026-08-18
SYN-01088,2026-08-18
SYN-01089,2026-02-15
SYN-01089,2026-05-24
SYN-01089,2026-05-24
SYN-01090,2026-02-23
SYN-01090,2026-06-04
SYN-01090,2026-06-04
SYN-01091,2026-07-27
SYN-01091,2026-09-28
SYN-01091,2026-09-28
SYN-01092,2026-05-04
SYN-01092,2026-09-01
SYN-01092,2026-09-01
SYN-01093,2026-08-25
SYN-01093,2026-10-20
SYN-01093,2026-10-20
SYN-01094,2026-07-12
SYN-01094,2026-09-10
SYN-01094,2026-09-10
SYN-01095,2026-03-05
SYN-01095,2026-05-04
SYN-01095,2026-05-04
SYN-01096,2026-02-18
SYN-01096,2026-08-31
SYN-01096,2026-08-31
SYN-01097,2026-05-05
SYN-01097,2026-11-18
SYN-01097,2026-11-18
SYN-01098,2026-08-03
SYN-01098,2026-09-29
SYN-01098,2026-09-29
SYN-01099,2026-07-14
SYN-01099,2026-08-28
SYN-01099,2026-08-28
SYN-01100,2026-06-27
SYN-01100,2026-08-13
SYN-01100,2026-08-13
SYN-01101,2025-10-08
SYN-01101,2025-11-24
SYN-01101,2025-11-24
SYN-01102,2026-06-26
SYN-01102,2026-11-22
SYN-01102,2026-11-22
SYN-01103,2026-07-29
SYN-01103,2026-12-03
SYN-01103,2026-12-03
SYN-01103,2026-12-03
SYN-01104,2026-05-08
SYN-01104,2026-07-10
SYN-01104,2026-07-10
SYN-01105,2025-10-13
SYN-01105,2026-03-29
SYN-01105,2026-03-29
SYN-01106,2026-05-20
SYN-01106,2026-09-22
SYN-01106,2026-09-22
SYN-01107,2025-11-24
SYN-01107,2026-02-13
SYN-01107,2026-02-13
SYN-01108,2026-06-22
SYN-01108,2027-01-07
SYN-01108,2027-01-07
SYN-01109,2026-02-11
SYN-01109,2026-03-29
SYN-01109,2026-03-29
SYN-01110,2025-12-04
SYN-01110,2026-02-08
SYN-01110,2026-02-08
SYN-01111,2026-04-27
SYN-01111,2026-06-25
SYN-01111,2026-06-25
SYN-01112,2026-03-15
SYN-01112,2026-09-05
SYN-01112,2026-09-05
SYN-01113,2025-11-25
SYN-01113,2026-05-31
SYN-01113,2026-05-31
SYN-01114,2026-02-24
SYN-01114,2026-08-10
SYN-01114,2026-08-10
SYN-01114,2026-08-10
SYN-01115,2026-04-07
SYN-01115,2026-08-30
SYN-01115,2026-08-30
SYN-01116,2026-08-24
SYN-01116,2027-01-09
SYN-01116,2027-01-09
SYN-01117,2025-10-02
SYN-01117,2026-02-26
SYN-01117,2026-02-26
SYN-01118,2025-09-27
SYN-01118,2026-01-11
SYN-01118,2026-01-11
SYN-01119,2026-01-10
SYN-01119,2026-06-26
SYN-01119,2026-06-26
SYN-01120,2026-02-16
SYN-01120,2026-03-20
SYN-01120,2026-03-20
SYN-01121,2026-07-19
SYN-01121,2026-11-09
SYN-01121,2026-11-09
SYN-01122,2026-01-24
SYN-01122,2026-03-19
SYN-01122,2026-03-19
SYN-01123,2026-05-29
SYN-01123,2026-07-20
SYN-01123,2026-07-20
SYN-01124,2026-03-22
SYN-01124,2026-06-14
SYN-01124,2026-06-14
SYN-01125,2026-04-05
SYN-01125,2026-09-27
SYN-01125,2026-09-27
SYN-01126,2026-05-08
SYN-01126,2026-11-06
SYN-01126,2026-11-06
SYN-01127,2026-06-21
SYN-01127,2026-10-12
SYN-01127,2026-10-12
SYN-01128,2026-04-02
SYN-01128,2026-06-24
SYN-01128,2026-06-24
SYN-01129,2026-01-25
SYN-01129,2026-05-09
SYN-01129,2026-05-09
SYN-01130,2025-09-26
SYN-01130,2026-03-20
SYN-01130,2026-03-20
SYN-01130,2026-03-20
SYN-01131,2026-03-20
SYN-01131,2026-06-01
SYN-01131,2026-06-01
SYN-01132,2026-04-24
SYN-01132,2026-10-21
SYN-01132,2026-10-21
SYN-01133,2026-04-21
SYN-01133,2026-10-25
SYN-01133,2026-10-25
SYN-01134,2026-01-05
SYN-01134,2026-05-26
SYN-01134,2026-05-26
SYN-01135,2026-04-23
SYN-01135,2026-09-03
SYN-01135,2026-09-03
SYN-01135,2026-09-03
SYN-01136,2026-05-25
SYN-01136,2026-07-09
SYN-01136,2026-07-09
SYN-01137,2025-09-06
SYN-01137,2025-11-16
SYN-01137,2025-11-16
SYN-01138,2025-11-01
SYN-01138,2025-12-11
SYN-01138,2025-12-11
SYN-01139,2025-10-21
SYN-01139,2026-03-01
SYN-01139,2026-03-01
SYN-01140,2026-02-13
SYN-01140,2026-08-15
SYN-01140,2026-08-15
SYN-01141,2025-12-30
SYN-01141,2026-04-02
SYN-01141,2026-04-02
SYN-01142,2026-06-07
SYN-01142,2026-10-25
SYN-01142,2026-10-25
SYN-01143,2026-05-24
SYN-01143,2026-07-11
SYN-01143,2026-07-11
SYN-01144,2026-07-20
SYN-01144,2026-12-08
SYN-01144,2026-12-08
SYN-01145,2026-02-22
SYN-01145,2026-06-01
SYN-01145,2026-06-01
SYN-01146,2026-04-11
SYN-01146,2026-10-15
SYN-01146,2026-10-15
SYN-01147,2026-05-09
SYN-01147,2026-06-20
SYN-01147,2026-06-20
SYN-01148,2025-11-04
SYN-01148,2026-03-19
SYN-01148,2026-03-19
SYN-01149,2026-03-08
SYN-01149,2026-07-25
SYN-01149,2026-07-25
SYN-01150,2025-10-18
SYN-01150,2025-12-23
SYN-01150,2025-12-23
SYN-01151,2025-10-12
SYN-01151,2026-01-17
SYN-01151,2026-01-17
SYN-01152,2026-08-01
SYN-01152,2026-09-15
SYN-01152,2026-09-15
SYN-01153,2026-05-04
SYN-01153,2026-07-13
SYN-01153,2026-07-13
SYN-01154,2026-07-21
SYN-01155,2026-01-15
SYN-01155,2026-03-11
SYN-01155,2026-03-11
SYN-01156,2026-03-25
SYN-01156,2026-07-18
SYN-01156,2026-07-18
SYN-01157,2026-07-18
SYN-01157,2026-10-21
SYN-01157,2026-10-21
SYN-01158,2026-08-24
SYN-01159,2026-01-31
SYN-01159,2026-01-31
SYN-01159,2026-05-29
SYN-01159,2026-05-29
SYN-01160,2026-04-25
SYN-01160,2026-09-15
SYN-01160,2026-09-15
SYN-01161,2026-06-16
SYN-01161,2026-09-23
SYN-01161,2026-09-23
SYN-01162,2025-11-11
SYN-01162,2026-04-17
SYN-01162,2026-04-17
SYN-01163,2026-03-21
SYN-01163,2026-06-19
SYN-01163,2026-06-19
SYN-01164,2025-12-03
SYN-01164,2026-02-22
SYN-01164,2026-02-22
SYN-01165,2025-10-28
SYN-01165,2026-01-05
SYN-01165,2026-01-05
SYN-01166,2025-09-28
SYN-01166,2026-04-03
SYN-01166,2026-04-03
SYN-01167,2025-11-13
SYN-01167,2025-12-14
SYN-01167,2025-12-14
SYN-01168,2025-09-22
SYN-01168,2026-04-03
SYN-01168,2026-04-03
SYN-01169,2025-11-13
SYN-01169,2026-04-24
SYN-01169,2026-04-24
SYN-01170,2026-05-15
SYN-01170,2026-08-15
SYN-01170,2026-08-15
SYN-01171,2026-05-10
SYN-01171,2026-09-18
SYN-01171,2026-09-18
SYN-01172,2026-04-07
SYN-01172,2026-08-21
SYN-01172,2026-08-21
SYN-01173,2026-03-14
SYN-01173,2026-08-22
SYN-01173,2026-08-22
SYN-01174,2025-09-05
SYN-01174,2026-01-16
SYN-01174,2026-01-16
SYN-01175,2026-05-11
SYN-01175,2026-06-17
SYN-01175,2026-06-17
SYN-01176,2026-02-14
SYN-01176,2026-06-15
SYN-01176,2026-06-15
SYN-01177,2025-12-13
SYN-01177,2026-04-06
SYN-01177,2026-04-06
SYN-01178,2026-03-17
SYN-01178,2026-09-08
SYN-01178,2026-09-08
SYN-01179,2025-12-24
SYN-01179,2026-02-26
SYN-01179,2026-02-26
SYN-01180,2026-07-06
SYN-01180,2026-11-13
SYN-01180,2026-11-13
SYN-01181,2025-11-16
SYN-01181,2026-05-28
SYN-01181,2026-05-28
SYN-01182,2025-10-14
SYN-01182,2026-03-16
SYN-01182,2026-03-16
SYN-01183,2026-07-03
SYN-01183,2026-10-21
SYN-01183,2026-10-21
SYN-01184,2025-09-15
SYN-01184,2025-12-12
SYN-01184,2025-12-12
SYN-01185,2025-10-03
SYN-01185,2026-01-09
SYN-01185,2026-01-09
SYN-01186,2026-03-17
SYN-01186,2026-09-10
SYN-01186,2026-09-10
SYN-01187,2025-10-30
SYN-01187,2025-12-17
SYN-01187,2025-12-17
SYN-01188,2026-03-16
SYN-01188,2026-05-10
SYN-01188,2026-05-10
SYN-01189,2025-12-17
SYN-01189,2026-03-06
SYN-01189,2026-03-06
SYN-01190,2025-11-26
SYN-01190,2025-11-26
SYN-01190,2026-06-01
SYN-01190,2026-06-01
SYN-01191,2026-03-27
SYN-01191,2026-05-09
SYN-01191,2026-05-09
SYN-01192,2026-05-07
SYN-01192,2026-09-02
SYN-01192,2026-09-02
SYN-01192,2026-09-02
SYN-01193,2026-05-14
SYN-01193,2026-08-04
SYN-01193,2026-08-04
SYN-01194,2026-05-06
SYN-01194,2026-10-23
SYN-01194,2026-10-23
SYN-01195,2026-02-19
SYN-01195,2026-05-11
SYN-01195,2026-05-11
SYN-01196,2026-05-06
SYN-01196,2026-06-27
SYN-01196,2026-06-27
SYN-01197,2026-08-16
SYN-01197,2026-10-20
SYN-01197,2026-10-20
SYN-01198,2025-09-05
SYN-01198,2026-02-06
SYN-01198,2026-02-06
SYN-01199,2026-07-25
SYN-01199,2026-12-02
SYN-01199,2026-12-02
SYN-01200,2025-11-25
SYN-01200,2026-04-15
SYN-01200,2026-04-15
SYN-01201,2026-01-25
SYN-01201,2026-07-08
SYN-01201,2026-07-08
SYN-01202,2025-12-15
SYN-01202,2026-06-09
SYN-01202,2026-06-09
SYN-01203,2026-03-29
SYN-01203,2026-06-03
SYN-01203,2026-06-03
SYN-01204,2026-03-28
SYN-01204,2026-08-03
SYN-01204,2026-08-03
SYN-01205,2026-02-05
SYN-01205,2026-08-03
SYN-01205,2026-08-03
SYN-01206,2026-02-24
SYN-01206,2026-05-02
SYN-01206,2026-05-02
SYN-01207,2026-01-10
SYN-01207,2026-06-05
SYN-01207,2026-06-05
SYN-01208,2025-12-14
SYN-01208,2026-02-20
SYN-01208,2026-02-20
SYN-01209,2025-10-04
SYN-01209,2026-04-20
SYN-01209,2026-04-20
SYN-01210,2025-12-28
SYN-01210,2026-02-01
SYN-01210,2026-02-01
SYN-01211,2026-05-14
SYN-01211,2026-11-12
SYN-01211,2026-11-12
SYN-01212,2026-06-06
SYN-01212,2026-11-24
SYN-01212,2026-11-24
SYN-01213,2025-10-17
SYN-01213,2026-04-01
SYN-01213,2026-04-01
SYN-01214,2026-07-31
SYN-01215,2026-03-30
SYN-01215,2026-05-30
SYN-01215,2026-05-30
SYN-01216,2026-04-12
SYN-01216,2026-09-29
SYN-01216,2026-09-29
SYN-01217,2026-05-06
SYN-01217,2026-05-06
SYN-01217,2026-07-22
SYN-01217,2026-07-22
SYN-01218,2026-01-26
SYN-01218,2026-03-12
SYN-01218,2026-03-12
SYN-01219,2026-01-31
SYN-01219,2026-04-06
SYN-01219,2026-04-06
SYN-01220,2026-02-03
SYN-01220,2026-05-13
SYN-01220,2026-05-13
SYN-01221,2026-02-21
SYN-01221,2026-03-31
SYN-01221,2026-03-31
SYN-01222,2026-04-03
SYN-01222,2026-09-02
SYN-01222,2026-09-02
SYN-01223,2026-04-24
SYN-01223,2026-07-17
SYN-01223,2026-07-17
SYN-01224,2026-06-04
SYN-01224,2026-08-08
SYN-01224,2026-08-08
SYN-01225,2025-11-11
SYN-01225,2026-03-21
SYN-01225,2026-03-21
SYN-01226,2025-09-12
SYN-01226,2026-01-07
SYN-01226,2026-01-07
SYN-01227,2025-09-17
SYN-01227,2026-03-31
SYN-01227,2026-03-31
SYN-01228,2026-02-22
SYN-01228,2026-08-20
SYN-01228,2026-08-20
SYN-01229,2026-02-15
SYN-01229,2026-03-31
SYN-01229,2026-03-31
SYN-01230,2026-01-16
SYN-01230,2026-08-02
SYN-01230,2026-08-02
SYN-01231,2026-08-12
SYN-01232,2026-04-22
SYN-01232,2026-06-24
SYN-01232,2026-06-24
SYN-01233,2026-01-14
SYN-01233,2026-05-09
SYN-01233,2026-05-09
SYN-01234,2025-09-05
SYN-01234,2026-01-05
SYN-01234,2026-01-05
SYN-01234,2026-01-05
SYN-01235,2025-09-09
SYN-01235,2026-02-17
SYN-01235,2026-02-17
SYN-01236,2025-12-06
SYN-01236,2026-03-29
SYN-01236,2026-03-29
SYN-01237,2026-03-06
SYN-01237,2026-04-17
SYN-01237,2026-04-17
SYN-01238,2026-04-19
SYN-01238,2026-08-30
SYN-01238,2026-08-30
SYN-01239,2026-05-10
SYN-01239,2026-07-10
SYN-01239,2026-07-10
SYN-01240,2025-12-08
SYN-01240,2026-03-29
SYN-01240,2026-03-29
SYN-01241,2026-06-21
SYN-01241,2026-12-22
SYN-01241,2026-12-22
SYN-01242,2026-01-13
SYN-01242,2026-03-08
SYN-01242,2026-03-08
SYN-01243,2025-09-09
SYN-01243,2026-02-14
SYN-01243,2026-02-14
SYN-01244,2026-05-29
SYN-01244,2026-08-08
SYN-01244,2026-08-08
SYN-01245,2026-08-25
SYN-01246,2026-04-09
SYN-01246,2026-10-24
SYN-01246,2026-10-24
SYN-01247,2025-12-16
SYN-01247,2026-01-30
SYN-01247,2026-01-30
SYN-01248,2026-03-04
SYN-01248,2026-07-31
SYN-01248,2026-07-31
SYN-01249,2025-09-11
SYN-01249,2025-11-17
SYN-01249,2025-11-17
SYN-01250,2026-01-21
SYN-01250,2026-05-31
SYN-01250,2026-05-31
SYN-01251,2025-11-13
SYN-01251,2026-05-01
SYN-01251,2026-05-01
SYN-01252,2025-11-01
SYN-01252,2025-12-31
SYN-01252,2025-12-31
SYN-01253,2026-01-16
SYN-01253,2026-04-29
SYN-01253,2026-04-29
SYN-01254,2026-02-08
SYN-01254,2026-04-28
SYN-01254,2026-04-28
SYN-01255,2025-09-16
SYN-01255,2025-12-26
SYN-01255,2025-12-26
SYN-01256,2025-12-27
SYN-01256,2026-02-25
SYN-01256,2026-02-25
SYN-01257,2026-08-19
SYN-01258,2026-02-19
SYN-01258,2026-04-25
SYN-01258,2026-04-25
SYN-01258,2026-04-25
SYN-01259,2026-05-02
SYN-01259,2026-10-05
SYN-01259,2026-10-05
SYN-01260,2026-03-07
SYN-01260,2026-07-22
SYN-01260,2026-07-22
SYN-01261,2026-04-26
SYN-01261,2026-09-19
SYN-01261,2026-09-19
SYN-01262,2026-04-06
SYN-01262,2026-07-23
SYN-01262,2026-07-23
SYN-01263,2026-06-24
SYN-01263,2026-12-03
SYN-01263,2026-12-03
SYN-01264,2026-04-24
SYN-01264,2026-08-29
SYN-01264,2026-08-29
SYN-01265,2026-02-28
SYN-01265,2026-04-06
SYN-01265,2026-04-06
SYN-01265,2026-04-06
SYN-01266,2026-04-14
SYN-01266,2026-08-30
SYN-01266,2026-08-30
SYN-01267,2025-12-18
SYN-01267,2026-03-16
SYN-01267,2026-03-16
SYN-01268,2025-12-16
SYN-01268,2026-02-15
SYN-01268,2026-02-15
SYN-01269,2025-11-06
SYN-01269,2025-12-27
SYN-01269,2025-12-27
SYN-01270,2026-02-13
SYN-01270,2026-07-23
SYN-01270,2026-07-23
SYN-01270,2026-07-23
SYN-01271,2025-11-12
SYN-01271,2026-04-10
SYN-01271,2026-04-10
SYN-01272,2025-11-03
SYN-01272,2026-05-10
SYN-01272,2026-05-10
SYN-01273,2026-02-28
SYN-01273,2026-05-29
SYN-01273,2026-05-29
SYN-01274,2026-03-25
SYN-01274,2026-05-09
SYN-01274,2026-05-09
SYN-01275,2026-07-06
SYN-01275,2026-11-20
SYN-01275,2026-11-20
SYN-01276,2026-03-05
SYN-01276,2026-04-05
SYN-01276,2026-04-05
SYN-01277,2026-05-28
SYN-01277,2026-10-31
SYN-01277,2026-10-31
SYN-01278,2026-03-18
SYN-01278,2026-06-02
SYN-01278,2026-06-02
SYN-01279,2026-03-25
SYN-01279,2026-06-03
SYN-01279,2026-06-03
SYN-01280,2026-05-13
SYN-01280,2026-07-24
SYN-01280,2026-07-24
SYN-01281,2026-05-17
SYN-01281,2026-10-01
SYN-01281,2026-10-01
SYN-01282,2026-04-22
SYN-01282,2026-08-31
SYN-01282,2026-08-31
SYN-01283,2025-09-24
SYN-01283,2026-03-22
SYN-01283,2026-03-22
SYN-01283,2026-03-22
SYN-01284,2026-07-23
SYN-01284,2026-10-11
SYN-01284,2026-10-11
SYN-01285,2026-05-14
SYN-01285,2026-07-19
SYN-01285,2026-07-19
SYN-01286,2025-11-11
SYN-01286,2026-04-23
SYN-01286,2026-04-23
SYN-01287,2026-02-22
SYN-01287,2026-05-31
SYN-01287,2026-05-31
SYN-01288,2026-05-25
SYN-01288,2026-10-01
SYN-01288,2026-10-01
SYN-01289,2026-06-01
SYN-01289,2026-08-18
SYN-01289,2026-08-18
SYN-01290,2026-01-26
SYN-01290,2026-02-26
SYN-01290,2026-02-26
SYN-01291,2026-08-24
SYN-01291,2026-12-07
SYN-01291,2026-12-07
SYN-01292,2026-05-04
SYN-01292,2026-10-29
SYN-01292,2026-10-29
SYN-01293,2026-03-07
SYN-01293,2026-05-29
SYN-01293,2026-05-29
SYN-01294,2026-06-06
SYN-01294,2026-07-06
SYN-01294,2026-07-06
SYN-01295,2026-02-17
SYN-01295,2026-08-28
SYN-01295,2026-08-28
SYN-01296,2026-03-18
SYN-01296,2026-05-18
SYN-01296,2026-05-18
SYN-01297,2026-06-02
SYN-01297,2026-07-03
SYN-01297,2026-07-03
SYN-01298,2026-06-09
SYN-01298,2026-11-06
SYN-01298,2026-11-06
SYN-01299,2025-09-13
SYN-01299,2025-11-20
SYN-01299,2025-11-20
SYN-01300,2026-06-25
SYN-01300,2027-01-10
SYN-01300,2027-01-10
SYN-01301,2026-04-27
SYN-01301,2026-08-21
SYN-01301,2026-08-21
SYN-01302,2026-01-15
SYN-01302,2026-03-27
SYN-01302,2026-03-27
SYN-01303,2025-11-07
SYN-01303,2026-05-21
SYN-01303,2026-05-21
SYN-01304,2026-05-04
SYN-01304,2026-06-09
SYN-01304,2026-06-09
SYN-01304,2026-06-09
SYN-01305,2026-04-01
SYN-01305,2026-06-11
SYN-01305,2026-06-11
SYN-01306,2026-08-17
SYN-01306,2026-12-26
SYN-01306,2026-12-26
SYN-01307,2026-02-22
SYN-01307,2026-08-01
SYN-01307,2026-08-01
SYN-01308,2026-07-03
SYN-01308,2026-12-22
SYN-01308,2026-12-22
SYN-01309,2026-01-09
SYN-01309,2026-03-04
SYN-01309,2026-03-04
SYN-01310,2026-05-23
SYN-01310,2026-11-04
SYN-01310,2026-11-04
SYN-01311,2025-09-28
SYN-01311,2026-02-04
SYN-01311,2026-02-04
SYN-01312,2025-10-26
SYN-01312,2026-03-22
SYN-01312,2026-03-22
SYN-01313,2026-04-09
SYN-01313,2026-06-11
SYN-01313,2026-06-11
SYN-01314,2026-05-26
SYN-01314,2026-09-22
SYN-01314,2026-09-22
SYN-01315,2025-12-14
SYN-01315,2026-04-26
SYN-01315,2026-04-26
SYN-01316,2026-07-11
SYN-01316,2026-09-19
SYN-01316,2026-09-19
SYN-01317,2025-09-21
SYN-01317,2025-12-08
SYN-01317,2025-12-08
SYN-01318,2026-02-05
SYN-01318,2026-05-19
SYN-01318,2026-05-19
SYN-01319,2025-12-17
SYN-01319,2026-06-22
SYN-01319,2026-06-22
SYN-01320,2025-12-04
SYN-01320,2026-02-03
SYN-01320,2026-02-03
SYN-01320,2026-02-03
SYN-01321,2025-10-04
SYN-01321,2025-11-03
SYN-01321,2025-11-03
SYN-01322,2026-05-20
SYN-01322,2026-11-13
SYN-01322,2026-11-13
SYN-01323,2025-11-16
SYN-01323,2026-06-02
SYN-01323,2026-06-02
SYN-01324,2026-08-01
SYN-01324,2026-11-30
SYN-01324,2026-11-30
SYN-01325,2025-12-14
SYN-01325,2026-02-02
SYN-01325,2026-02-02
SYN-01326,2025-11-23
SYN-01326,2026-04-13
SYN-01326,2026-04-13
SYN-01327,2026-04-30
SYN-01327,2026-05-30
SYN-01327,2026-05-30
SYN-01328,2025-09-11
SYN-01328,2026-03-13
SYN-01328,2026-03-13
SYN-01329,2026-06-15
SYN-01329,2026-11-09
SYN-01329,2026-11-09
SYN-01330,2026-05-04
SYN-01330,2026-11-06
SYN-01330,2026-11-06
SYN-01331,2026-05-15
SYN-01331,2026-07-28
SYN-01331,2026-07-28
SYN-01332,2026-04-23
SYN-01332,2026-10-06
SYN-01332,2026-10-06
SYN-01333,2026-07-02
SYN-01333,2026-12-02
SYN-01333,2026-12-02
SYN-01334,2025-12-26
SYN-01334,2026-05-05
SYN-01334,2026-05-05
SYN-01335,2026-08-20
SYN-01335,2026-11-11
SYN-01335,2026-11-11
SYN-01336,2026-02-02
SYN-01336,2026-03-11
SYN-01336,2026-03-11
SYN-01337,2025-09-21
SYN-01337,2026-01-10
SYN-01337,2026-01-10
SYN-01338,2025-10-22
SYN-01338,2025-12-28
SYN-01338,2025-12-28
SYN-01339,2026-06-29
SYN-01339,2026-12-06
SYN-01339,2026-12-06
SYN-01339,2026-12-06
SYN-01340,2026-04-19
SYN-01340,2026-10-07
SYN-01340,2026-10-07
SYN-01341,2026-05-11
SYN-01341,2026-08-04
SYN-01341,2026-08-04
SYN-01342,2025-09-28
SYN-01342,2026-02-02
SYN-01342,2026-02-02
SYN-01343,2025-11-25
SYN-01343,2026-03-19
SYN-01343,2026-03-19
SYN-01344,2026-03-21
SYN-01344,2026-05-30
SYN-01344,2026-05-30
SYN-01345,2026-05-17
SYN-01345,2026-11-28
SYN-01345,2026-11-28
SYN-01346,2026-08-21
SYN-01347,2026-07-17
SYN-01348,2026-07-15
SYN-01348,2026-10-26
SYN-01348,2026-10-26
SYN-01349,2026-07-08
SYN-01349,2027-01-07
SYN-01349,2027-01-07
SYN-01350,2025-11-01
SYN-01350,2026-04-04
SYN-01350,2026-04-04
SYN-01351,2026-01-26
SYN-01351,2026-07-21
SYN-01351,2026-07-21
SYN-01352,2026-01-11
SYN-01352,2026-03-05
SYN-01352,2026-03-05
SYN-01353,2025-10-21
SYN-01353,2025-12-12
SYN-01353,2025-12-12
SYN-01354,2025-10-21
SYN-01354,2026-02-12
SYN-01354,2026-02-12
SYN-01355,2026-04-05
SYN-01355,2026-08-31
SYN-01355,2026-08-31
SYN-01356,2025-10-21
SYN-01356,2025-12-24
SYN-01356,2025-12-24
SYN-01357,2026-04-25
SYN-01357,2026-10-30
SYN-01357,2026-10-30
SYN-01358,2026-06-30
SYN-01358,2026-10-26
SYN-01358,2026-10-26
SYN-01359,2025-09-03
SYN-01359,2025-12-20
SYN-01359,2025-12-20
SYN-01360,2025-09-11
SYN-01360,2025-12-31
SYN-01360,2025-12-31
SYN-01361,2026-01-22
SYN-01361,2026-04-08
SYN-01361,2026-04-08
SYN-01362,2026-03-08
SYN-01362,2026-04-19
SYN-01362,2026-04-19
SYN-01362,2026-04-19
SYN-01363,2025-11-22
SYN-01363,2026-01-12
SYN-01363,2026-01-12
SYN-01364,2026-07-24
SYN-01365,2026-06-24
SYN-01365,2026-11-29
SYN-01365,2026-11-29
SYN-01366,2026-08-10
SYN-01366,2026-10-02
SYN-01366,2026-10-02
SYN-01367,2026-02-09
SYN-01367,2026-02-09
SYN-01367,2026-03-27
SYN-01367,2026-03-27
SYN-01368,2026-02-24
SYN-01368,2026-04-27
SYN-01368,2026-04-27
SYN-01369,2026-03-30
SYN-01369,2026-09-04
SYN-01369,2026-09-04
SYN-01370,2026-05-17
SYN-01370,2026-11-01
SYN-01370,2026-11-01
SYN-01371,2025-12-18
SYN-01371,2026-03-05
SYN-01371,2026-03-05
SYN-01372,2026-08-04
SYN-01372,2026-11-25
SYN-01372,2026-11-25
SYN-01373,2025-11-22
SYN-01373,2026-06-07
SYN-01373,2026-06-07
SYN-01374,2025-12-10
SYN-01374,2026-06-04
SYN-01374,2026-06-04
SYN-01375,2025-09-29
SYN-01375,2025-11-19
SYN-01375,2025-11-19
SYN-01376,2026-08-06
SYN-01376,2026-12-13
SYN-01376,2026-12-13
SYN-01377,2026-06-21
SYN-01377,2026-10-30
SYN-01377,2026-10-30
SYN-01378,2026-08-04
SYN-01378,2027-01-01
SYN-01378,2027-01-01
SYN-01379,2025-11-21
SYN-01379,2026-04-01
SYN-01379,2026-04-01
SYN-01379,2026-04-01
SYN-01380,2026-03-03
SYN-01380,2026-09-18
SYN-01380,2026-09-18
SYN-01381,2026-01-02
SYN-01381,2026-06-01
SYN-01381,2026-06-01
SYN-01382,2026-07-20
SYN-01382,2026-10-08
SYN-01382,2026-10-08
SYN-01383,2026-02-20
SYN-01383,2026-05-29
SYN-01383,2026-05-29
SYN-01384,2026-02-02
SYN-01384,2026-07-01
SYN-01384,2026-07-01
SYN-01385,2026-06-05
SYN-01385,2026-09-26
SYN-01385,2026-09-26
SYN-01386,2026-07-04
SYN-01386,2027-01-13
SYN-01386,2027-01-13
SYN-01386,2027-01-13
SYN-01387,2026-03-10
SYN-01387,2026-08-01
SYN-01387,2026-08-01
SYN-01388,2025-11-01
SYN-01388,2026-03-29
SYN-01388,2026-03-29
SYN-01389,2026-03-06
SYN-01389,2026-05-08
SYN-01389,2026-05-08
SYN-01390,2026-05-26
SYN-01390,2026-05-26
SYN-01390,2026-08-19
SYN-01390,2026-08-19
SYN-01391,2026-06-23
SYN-01391,2026-09-24
SYN-01391,2026-09-24
SYN-01392,2026-08-02
SYN-01392,2026-12-22
SYN-01392,2026-12-22
SYN-01393,2026-05-07
SYN-01393,2026-10-24
SYN-01393,2026-10-24
SYN-01394,2026-05-26
SYN-01394,2026-10-02
SYN-01394,2026-10-02
SYN-01395,2025-10-18
SYN-01395,2026-04-05
SYN-01395,2026-04-05
SYN-01396,2026-05-03
SYN-01396,2026-07-01
SYN-01396,2026-07-01
SYN-01397,2026-04-26
SYN-01397,2026-04-26
SYN-01397,2026-07-16
SYN-01397,2026-07-16
SYN-01398,2026-05-28
SYN-01398,2026-11-08
SYN-01398,2026-11-08
SYN-01399,2026-08-14
SYN-01399,2026-10-25
SYN-01399,2026-10-25
SYN-01400,2025-12-03
SYN-01400,2026-06-10
SYN-01400,2026-06-10
SYN-01401,2026-03-30
SYN-01401,2026-09-28
SYN-01401,2026-09-28
SYN-01402,2025-12-23
SYN-01402,2026-01-25
SYN-01402,2026-01-25
SYN-01403,2025-09-14
SYN-01403,2025-10-18
SYN-01403,2025-10-18
SYN-01404,2025-09-20
SYN-01404,2026-01-12
SYN-01404,2026-01-12
SYN-01405,2026-04-14
SYN-01405,2026-06-23
SYN-01405,2026-06-23
SYN-01406,2026-03-10
SYN-01406,2026-09-02
SYN-01406,2026-09-02
SYN-01407,2025-10-03
SYN-01407,2026-03-18
SYN-01407,2026-03-18
SYN-01408,2026-04-21
SYN-01408,2026-05-27
SYN-01408,2026-05-27
SYN-01409,2026-06-29
SYN-01409,2026-12-08
SYN-01409,2026-12-08
SYN-01410,2025-12-07
SYN-01410,2026-04-07
SYN-01410,2026-04-07
SYN-01411,2026-02-27
SYN-01411,2026-07-20
SYN-01411,2026-07-20
SYN-01412,2026-07-13
SYN-01412,2027-01-06
SYN-01412,2027-01-06
SYN-01413,2026-08-03
SYN-01413,2026-10-20
SYN-01413,2026-10-20
SYN-01414,2026-07-03
SYN-01414,2026-11-26
SYN-01414,2026-11-26
SYN-01415,2026-08-07
SYN-01415,2026-12-16
SYN-01415,2026-12-16
SYN-01416,2025-10-26
SYN-01416,2026-03-29
SYN-01416,2026-03-29
SYN-01417,2025-12-20
SYN-01417,2026-03-08
SYN-01417,2026-03-08
SYN-01417,2026-03-08
SYN-01418,2025-12-09
SYN-01418,2026-05-24
SYN-01418,2026-05-24
SYN-01418,2026-05-24
SYN-01419,2026-07-21
SYN-01419,2026-10-19
SYN-01419,2026-10-19
SYN-01420,2026-04-10
SYN-01420,2026-06-27
SYN-01420,2026-06-27
SYN-01421,2026-07-03
SYN-01421,2026-11-05
SYN-01421,2026-11-05
SYN-01422,2026-05-20
SYN-01422,2026-11-12
SYN-01422,2026-11-12
SYN-01422,2026-11-12
SYN-01423,2026-02-08
SYN-01423,2026-04-22
SYN-01423,2026-04-22
SYN-01424,2026-08-24
SYN-01425,2025-09-27
SYN-01425,2026-04-03
SYN-01425,2026-04-03
SYN-01426,2026-06-21
SYN-01426,2026-06-21
SYN-01426,2026-09-20
SYN-01426,2026-09-20
SYN-01427,2026-03-21
SYN-01427,2026-08-04
SYN-01427,2026-08-04
SYN-01428,2026-02-12
SYN-01428,2026-03-17
SYN-01428,2026-03-17
SYN-01429,2025-10-09
SYN-01429,2026-01-15
SYN-01429,2026-01-15
SYN-01430,2026-04-27
SYN-01430,2026-09-18
SYN-01430,2026-09-18
SYN-01431,2025-10-02
SYN-01431,2026-03-31
SYN-01431,2026-03-31
SYN-01432,2026-01-19
SYN-01432,2026-05-10
SYN-01432,2026-05-10
SYN-01433,2026-04-08
SYN-01433,2026-07-07
SYN-01433,2026-07-07
SYN-01434,2026-03-04
SYN-01434,2026-08-24
SYN-01434,2026-08-24
SYN-01435,2026-01-07
SYN-01435,2026-04-12
SYN-01435,2026-04-12
SYN-01436,2026-03-09
SYN-01436,2026-08-11
SYN-01436,2026-08-11
SYN-01437,2026-01-22
SYN-01437,2026-06-07
SYN-01437,2026-06-07
SYN-01438,2026-06-11
SYN-01438,2026-10-12
SYN-01438,2026-10-12
SYN-01439,2026-06-29
SYN-01439,2026-08-02
SYN-01439,2026-08-02
SYN-01440,2025-10-01
SYN-01440,2025-12-19
SYN-01440,2025-12-19
SYN-01441,2026-05-10
SYN-01441,2026-07-08
SYN-01441,2026-07-08
SYN-01442,2026-04-07
SYN-01442,2026-07-01
SYN-01442,2026-07-01
SYN-01443,2026-04-21
SYN-01443,2026-10-18
SYN-01443,2026-10-18
SYN-01444,2025-12-01
SYN-01444,2026-01-25
SYN-01444,2026-01-25
SYN-01445,2026-05-06
SYN-01445,2026-09-07
SYN-01445,2026-09-07
SYN-01446,2025-11-06
SYN-01446,2025-12-27
SYN-01446,2025-12-27
SYN-01447,2026-08-26
SYN-01448,2025-12-02
SYN-01448,2026-03-28
SYN-01448,2026-03-28
SYN-01449,2026-07-13
SYN-01449,2026-12-24
SYN-01449,2026-12-24
SYN-01450,2025-11-06
SYN-01450,2026-01-16
SYN-01450,2026-01-16
SYN-01451,2025-10-15
SYN-01451,2025-11-27
SYN-01451,2025-11-27
SYN-01452,2026-03-13
SYN-01452,2026-09-12
SYN-01452,2026-09-12
SYN-01453,2025-12-04
SYN-01453,2026-03-05
SYN-01453,2026-03-05
SYN-01454,2026-07-02
SYN-01454,2026-08-08
SYN-01454,2026-08-08
SYN-01455,2026-06-26
SYN-01455,2026-10-18
SYN-01455,2026-10-18
SYN-01456,2026-05-11
SYN-01456,2026-08-12
SYN-01456,2026-08-12
SYN-01457,2026-02-03
SYN-01457,2026-07-17
SYN-01457,2026-07-17
SYN-01458,2026-02-13
SYN-01458,2026-06-01
SYN-01458,2026-06-01
SYN-01459,2026-03-30
SYN-01459,2026-06-26
SYN-01459,2026-06-26
SYN-01460,2026-06-17
SYN-01460,2026-10-07
SYN-01460,2026-10-07
SYN-01461,2026-07-01
SYN-01461,2026-09-07
SYN-01461,2026-09-07
SYN-01461,2026-09-07
SYN-01462,2026-06-04
SYN-01462,2026-09-13
SYN-01462,2026-09-13
SYN-01463,2026-07-16
SYN-01463,2026-11-12
SYN-01463,2026-11-12
SYN-01464,2026-04-26
SYN-01464,2026-06-29
SYN-01464,2026-06-29
SYN-01465,2026-04-26
SYN-01465,2026-09-04
SYN-01465,2026-09-04
SYN-01465,2026-09-04
SYN-01466,2025-12-28
SYN-01466,2026-07-12
SYN-01466,2026-07-12
SYN-01467,2025-12-05
SYN-01467,2026-02-09
SYN-01467,2026-02-09
SYN-01468,2026-03-25
SYN-01468,2026-08-09
SYN-01468,2026-08-09
SYN-01469,2025-09-22
SYN-01469,2025-11-03
SYN-01469,2025-11-03
SYN-01470,2025-09-11
SYN-01470,2025-11-10
SYN-01470,2025-11-10
SYN-01471,2026-03-21
SYN-01471,2026-09-21
SYN-01471,2026-09-21
SYN-01471,2026-09-21
SYN-01472,2026-08-24
SYN-01472,2026-10-07
SYN-01472,2026-10-07
SYN-01473,2026-01-03
SYN-01473,2026-02-16
SYN-01473,2026-02-16
SYN-01474,2025-11-27
SYN-01474,2026-03-10
SYN-01474,2026-03-10
SYN-01475,2026-04-14
SYN-01475,2026-10-28
SYN-01475,2026-10-28
SYN-01476,2025-09-12
SYN-01476,2026-03-02
SYN-01476,2026-03-02
SYN-01477,2025-10-21
SYN-01477,2026-04-29
SYN-01477,2026-04-29
SYN-01478,2026-04-28
SYN-01478,2026-10-30
SYN-01478,2026-10-30
SYN-01479,2026-01-25
SYN-01479,2026-07-28
SYN-01479,2026-07-28
SYN-01480,2026-01-07
SYN-01480,2026-04-21
SYN-01480,2026-04-21
SYN-01481,2025-11-05
SYN-01481,2026-01-02
SYN-01481,2026-01-02
SYN-01482,2026-01-29
SYN-01482,2026-04-20
SYN-01482,2026-04-20
SYN-01483,2026-03-08
SYN-01483,2026-06-21
SYN-01483,2026-06-21
SYN-01483,2026-06-21
SYN-01484,2026-02-02
SYN-01484,2026-04-16
SYN-01484,2026-04-16
SYN-01485,2025-11-11
SYN-01485,2026-01-30
SYN-01485,2026-01-30
SYN-01486,2026-03-13
SYN-01486,2026-04-23
SYN-01486,2026-04-23
SYN-01487,2026-05-22
SYN-01487,2026-10-20
SYN-01487,2026-10-20
SYN-01487,2026-10-20
SYN-01488,2025-10-10
SYN-01488,2026-04-23
SYN-01488,2026-04-23
SYN-01489,2025-10-31
SYN-01489,2026-02-07
SYN-01489,2026-02-07
SYN-01490,2026-02-26
SYN-01490,2026-06-30
SYN-01490,2026-06-30
SYN-01491,2025-10-01
SYN-01491,2025-11-02
SYN-01491,2025-11-02
SYN-01492,2026-08-16
SYN-01492,2026-11-12
SYN-01492,2026-11-12
SYN-01493,2025-09-23
SYN-01493,2025-10-24
SYN-01493,2025-10-24
SYN-01493,2025-10-24
SYN-01494,2026-04-29
SYN-01494,2026-11-08
SYN-01494,2026-11-08
SYN-01495,2026-04-18
SYN-01495,2026-07-17
SYN-01495,2026-07-17
SYN-01496,2025-11-13
SYN-01496,2026-03-30
SYN-01496,2026-03-30
SYN-01497,2026-02-06
SYN-01497,2026-07-01
SYN-01497,2026-07-01
SYN-01498,2026-07-22
SYN-01498,2026-10-05
SYN-01498,2026-10-05
SYN-01499,2025-09-11
SYN-01499,2026-01-21
SYN-01499,2026-01-21
SYN-01500,2026-05-10
SYN-01500,2026-07-08
SYN-01500,2026-07-08
SYN-01501,2026-02-13
SYN-01501,2026-05-01
SYN-01501,2026-05-01
SYN-01502,2025-11-11
SYN-01502,2025-11-11
SYN-01502,2026-03-08
SYN-01502,2026-03-08
SYN-01503,2025-11-02
SYN-01503,2026-04-28
SYN-01503,2026-04-28
SYN-01504,2026-01-23
SYN-01504,2026-07-08
SYN-01504,2026-07-08
SYN-01505,2025-10-30
SYN-01505,2025-12-14
SYN-01505,2025-12-14
SYN-01506,2025-11-13
SYN-01506,2026-03-19
SYN-01506,2026-03-19
SYN-01507,2026-04-19
SYN-01507,2026-07-11
SYN-01507,2026-07-11
SYN-01508,2025-12-23
SYN-01508,2026-01-25
SYN-01508,2026-01-25
SYN-01509,2026-03-19
SYN-01509,2026-08-19
SYN-01509,2026-08-19
SYN-01510,2026-04-24
SYN-01510,2026-09-14
SYN-01510,2026-09-14
SYN-01511,2025-09-23
SYN-01511,2026-03-21
SYN-01511,2026-03-21
SYN-01512,2026-02-20
SYN-01512,2026-07-12
SYN-01512,2026-07-12
SYN-01513,2026-04-08
SYN-01513,2026-08-29
SYN-01513,2026-08-29
SYN-01514,2026-03-06
SYN-01514,2026-05-12
SYN-01514,2026-05-12
SYN-01515,2026-01-27
SYN-01515,2026-05-06
SYN-01515,2026-05-06
SYN-01516,2025-09-15
SYN-01516,2026-02-14
SYN-01516,2026-02-14
SYN-01517,2026-04-21
SYN-01517,2026-11-03
SYN-01517,2026-11-03
SYN-01518,2025-10-05
SYN-01518,2026-02-12
SYN-01518,2026-02-12
SYN-01519,2026-05-15
SYN-01519,2026-07-25
SYN-01519,2026-07-25
SYN-01520,2025-10-22
SYN-01520,2026-01-18
SYN-01520,2026-01-18
SYN-01521,2025-11-17
SYN-01521,2026-04-03
SYN-01521,2026-04-03
SYN-01522,2025-09-17
SYN-01522,2026-03-06
SYN-01522,2026-03-06
SYN-01523,2026-02-13
SYN-01523,2026-07-14
SYN-01523,2026-07-14
SYN-01524,2026-06-23
SYN-01524,2026-12-20
SYN-01524,2026-12-20
SYN-01525,2026-06-13
SYN-01525,2026-09-22
SYN-01525,2026-09-22
SYN-01526,2026-02-24
SYN-01526,2026-07-20
SYN-01526,2026-07-20
SYN-01527,2025-09-18
SYN-01527,2025-11-18
SYN-01527,2025-11-18
SYN-01528,2025-09-24
SYN-01528,2025-11-01
SYN-01528,2025-11-01
SYN-01529,2026-07-02
SYN-01529,2026-10-10
SYN-01529,2026-10-10
SYN-01530,2026-01-04
SYN-01530,2026-02-27
SYN-01530,2026-02-27
SYN-01531,2026-08-20
SYN-01531,2026-10-08
SYN-01531,2026-10-08
SYN-01532,2025-09-26
SYN-01532,2026-01-12
SYN-01532,2026-01-12
SYN-01533,2025-09-27
SYN-01533,2025-12-31
SYN-01533,2025-12-31
SYN-01534,2026-06-12
SYN-01534,2026-09-10
SYN-01534,2026-09-10
SYN-01535,2026-01-13
SYN-01535,2026-06-29
SYN-01535,2026-06-29
SYN-01536,2026-08-03
SYN-01536,2027-01-03
SYN-01536,2027-01-03
SYN-01537,2025-11-29
SYN-01537,2026-04-07
SYN-01537,2026-04-07
SYN-01538,2025-09-01
SYN-01538,2025-11-24
SYN-01538,2025-11-24
SYN-01539,2026-05-08
SYN-01539,2026-05-08
SYN-01539,2026-10-03
SYN-01539,2026-10-03
SYN-01540,2026-07-14
SYN-01540,2026-12-28
SYN-01540,2026-12-28
SYN-01541,2025-09-01
SYN-01541,2025-11-28
SYN-01541,2025-11-28
SYN-01542,2025-10-18
SYN-01542,2025-11-30
SYN-01542,2025-11-30
SYN-01542,2025-11-30
SYN-01543,2026-05-29
SYN-01543,2026-11-07
SYN-01543,2026-11-07
SYN-01544,2026-08-24
SYN-01544,2026-10-09
SYN-01544,2026-10-09
SYN-01545,2026-08-26
SYN-01545,2026-08-26
SYN-01545,2026-12-27
SYN-01545,2026-12-27
SYN-01546,2026-06-02
SYN-01546,2026-12-09
SYN-01546,2026-12-09
SYN-01547,2025-11-22
SYN-01547,2025-11-22
SYN-01547,2026-01-24
SYN-01547,2026-01-24
SYN-01548,2025-11-02
SYN-01548,2026-03-19
SYN-01548,2026-03-19
SYN-01549,2026-07-08
SYN-01550,2026-08-24
SYN-01550,2027-01-14
SYN-01550,2027-01-14
SYN-01551,2026-04-03
SYN-01551,2026-10-08
SYN-01551,2026-10-08
SYN-01552,2026-01-27
SYN-01552,2026-06-19
SYN-01552,2026-06-19
SYN-01553,2026-08-22
SYN-01554,2026-05-12
SYN-01554,2026-07-21
SYN-01554,2026-07-21
SYN-01555,2026-06-17
SYN-01555,2026-12-26
SYN-01555,2026-12-26
SYN-01556,2026-07-31
SYN-01556,2026-11-02
SYN-01556,2026-11-02
SYN-01557,2026-05-16
SYN-01557,2026-05-16
SYN-01557,2026-06-27
SYN-01557,2026-06-27
SYN-01558,2026-06-03
SYN-01558,2026-10-15
SYN-01558,2026-10-15
SYN-01559,2026-04-29
SYN-01559,2026-09-09
SYN-01559,2026-09-09
SYN-01560,2026-06-02
SYN-01560,2026-10-03
SYN-01560,2026-10-03
SYN-01561,2025-10-07
SYN-01561,2026-03-13
SYN-01561,2026-03-13
SYN-01562,2025-12-23
SYN-01562,2026-02-14
SYN-01562,2026-02-14
SYN-01563,2025-09-07
SYN-01563,2026-01-04
SYN-01563,2026-01-04
SYN-01564,2026-05-09
SYN-01564,2026-10-02
SYN-01564,2026-10-02
SYN-01565,2025-09-27
SYN-01565,2026-03-18
SYN-01565,2026-03-18
SYN-01566,2026-03-24
SYN-01566,2026-05-13
SYN-01566,2026-05-13
SYN-01567,2026-03-31
SYN-01567,2026-10-12
SYN-01567,2026-10-12
SYN-01568,2026-02-28
SYN-01568,2026-04-11
SYN-01568,2026-04-11
SYN-01569,2026-04-20
SYN-01569,2026-10-02
SYN-01569,2026-10-02
SYN-01570,2026-07-08
SYN-01570,2026-08-15
SYN-01570,2026-08-15
SYN-01571,2026-03-23
SYN-01571,2026-06-04
SYN-01571,2026-06-04
SYN-01572,2026-05-29
SYN-01572,2026-09-27
SYN-01572,2026-09-27
SYN-01573,2026-02-25
SYN-01573,2026-02-25
SYN-01573,2026-09-11
SYN-01573,2026-09-11
SYN-01574,2026-05-24
SYN-01574,2026-08-26
SYN-01574,2026-08-26
SYN-01575,2026-02-05
SYN-01575,2026-03-11
SYN-01575,2026-03-11
SYN-01576,2026-05-13
SYN-01576,2026-10-16
SYN-01576,2026-10-16
SYN-01577,2025-10-07
SYN-01577,2026-04-11
SYN-01577,2026-04-11
SYN-01578,2026-01-12
SYN-01578,2026-04-15
SYN-01578,2026-04-15
SYN-01579,2026-01-07
SYN-01579,2026-05-20
SYN-01579,2026-05-20
SYN-01580,2026-07-19
SYN-01580,2026-07-19
SYN-01580,2026-09-08
SYN-01580,2026-09-08
SYN-01581,2025-09-29
SYN-01581,2025-11-28
SYN-01581,2025-11-28
SYN-01581,2025-11-28
SYN-01582,2026-08-19
SYN-01582,2027-01-08
SYN-01582,2027-01-08
SYN-01583,2026-06-25
SYN-01583,2026-08-26
SYN-01583,2026-08-26
SYN-01584,2026-04-13
SYN-01584,2026-07-25
SYN-01584,2026-07-25
SYN-01585,2026-08-03
SYN-01585,2026-10-11
SYN-01585,2026-10-11
SYN-01586,2025-09-03
SYN-01586,2026-03-11
SYN-01586,2026-03-11
SYN-01586,2026-03-11
SYN-01587,2026-06-11
SYN-01587,2026-12-02
SYN-01587,2026-12-02
SYN-01588,2026-08-06
SYN-01589,2026-02-21
SYN-01589,2026-09-07
SYN-01589,2026-09-07
SYN-01590,2025-10-26
SYN-01590,2025-12-13
SYN-01590,2025-12-13
SYN-01591,2026-04-25
SYN-01591,2026-04-25
SYN-01591,2026-10-22
SYN-01591,2026-10-22
SYN-01592,2026-06-23
SYN-01592,2026-09-30
SYN-01592,2026-09-30
SYN-01593,2026-06-17
SYN-01593,2026-08-03
SYN-01593,2026-08-03
SYN-01594,2026-03-18
SYN-01594,2026-09-05
SYN-01594,2026-09-05
SYN-01595,2026-01-26
SYN-01595,2026-08-03
SYN-01595,2026-08-03
SYN-01596,2026-06-06
SYN-01596,2026-07-06
SYN-01596,2026-07-06
SYN-01597,2026-03-19
SYN-01597,2026-08-17
SYN-01597,2026-08-17
SYN-01598,2026-06-20
SYN-01598,2026-08-15
SYN-01598,2026-08-15
SYN-01599,2026-01-24
SYN-01599,2026-04-25
SYN-01599,2026-04-25
SYN-01600,2025-11-22
SYN-01600,2026-02-01
SYN-01600,2026-02-01
SYN-01601,2025-11-08
SYN-01601,2026-05-06
SYN-01601,2026-05-06
SYN-01602,2026-07-05
SYN-01602,2026-08-06
SYN-01602,2026-08-06
SYN-01602,2026-08-06
SYN-01603,2025-09-13
SYN-01603,2026-02-24
SYN-01603,2026-02-24
SYN-01604,2025-11-10
SYN-01604,2026-05-21
SYN-01604,2026-05-21
SYN-01605,2026-01-31
SYN-01605,2026-03-10
SYN-01605,2026-03-10
SYN-01606,2026-08-10
SYN-01606,2026-10-19
SYN-01606,2026-10-19
SYN-01607,2025-10-04
SYN-01607,2026-01-02
SYN-01607,2026-01-02
SYN-01608,2026-01-29
SYN-01608,2026-04-23
SYN-01608,2026-04-23
SYN-01609,2026-04-22
SYN-01609,2026-08-14
SYN-01609,2026-08-14
SYN-01610,2026-06-22
SYN-01610,2026-10-22
SYN-01610,2026-10-22
SYN-01611,2025-12-10
SYN-01611,2026-03-19
SYN-01611,2026-03-19
SYN-01612,2026-07-18
SYN-01612,2027-01-06
SYN-01612,2027-01-06
SYN-01613,2026-01-05
SYN-01613,2026-03-21
SYN-01613,2026-03-21
SYN-01613,2026-03-21
SYN-01614,2026-02-28
SYN-01614,2026-05-10
SYN-01614,2026-05-10
SYN-01615,2026-03-22
SYN-01615,2026-09-23
SYN-01615,2026-09-23
SYN-01616,2026-04-06
SYN-01616,2026-07-07
SYN-01616,2026-07-07
SYN-01617,2026-04-28
SYN-01617,2026-06-02
SYN-01617,2026-06-02
SYN-01618,2025-12-13
SYN-01618,2026-06-24
SYN-01618,2026-06-24
SYN-01619,2026-05-18
SYN-01619,2026-09-13
SYN-01619,2026-09-13
SYN-01620,2026-08-17
SYN-01620,2026-12-31
SYN-01620,2026-12-31
SYN-01621,2025-10-24
SYN-01621,2025-11-29
SYN-01621,2025-11-29
SYN-01622,2025-12-26
SYN-01622,2026-05-01
SYN-01622,2026-05-01
SYN-01623,2025-10-10
SYN-01623,2025-11-15
SYN-01623,2025-11-15
SYN-01624,2026-06-20
SYN-01624,2026-10-25
SYN-01624,2026-10-25
SYN-01625,2026-07-20
SYN-01625,2026-11-01
SYN-01625,2026-11-01
SYN-01626,2026-07-11
SYN-01626,2026-10-10
SYN-01626,2026-10-10
SYN-01627,2025-11-13
SYN-01627,2026-03-19
SYN-01627,2026-03-19
SYN-01628,2025-11-18
SYN-01628,2026-03-20
SYN-01628,2026-03-20
SYN-01628,2026-03-20
SYN-01629,2026-02-10
SYN-01629,2026-06-27
SYN-01629,2026-06-27
SYN-01630,2026-01-21
SYN-01630,2026-07-18
SYN-01630,2026-07-18
SYN-01631,2026-04-11
SYN-01631,2026-07-23
SYN-01631,2026-07-23
SYN-01632,2025-12-19
SYN-01632,2026-01-19
SYN-01632,2026-01-19
SYN-01633,2025-12-05
SYN-01633,2026-05-25
SYN-01633,2026-05-25
SYN-01634,2025-12-29
SYN-01634,2026-02-13
SYN-01634,2026-02-13
SYN-01635,2026-04-14
SYN-01635,2026-06-13
SYN-01635,2026-06-13
SYN-01636,2026-08-05
SYN-01636,2026-09-22
SYN-01636,2026-09-22
SYN-01637,2026-05-14
SYN-01637,2026-08-23
SYN-01637,2026-08-23
SYN-01638,2026-07-27
SYN-01638,2026-10-14
SYN-01638,2026-10-14
SYN-01639,2025-09-11
SYN-01639,2026-03-19
SYN-01639,2026-03-19
SYN-01640,2025-10-09
SYN-01640,2026-01-03
SYN-01640,2026-01-03
SYN-01641,2025-09-09
SYN-01641,2026-03-27
SYN-01641,2026-03-27
SYN-01642,2025-12-02
SYN-01642,2026-05-03
SYN-01642,2026-05-03
SYN-01643,2026-06-14
SYN-01643,2026-12-20
SYN-01643,2026-12-20
SYN-01644,2026-02-18
SYN-01644,2026-07-15
SYN-01644,2026-07-15
SYN-01645,2025-11-19
SYN-01645,2026-04-19
SYN-01645,2026-04-19
SYN-01646,2026-03-10
SYN-01646,2026-09-04
SYN-01646,2026-09-04
SYN-01647,2026-07-16
SYN-01647,2027-01-05
SYN-01647,2027-01-05
SYN-01648,2026-04-29
SYN-01648,2026-07-07
SYN-01648,2026-07-07
SYN-01649,2025-10-29
SYN-01649,2026-04-30
SYN-01649,2026-04-30
SYN-01650,2026-04-04
SYN-01650,2026-06-09
SYN-01650,2026-06-09
SYN-01651,2025-09-12
SYN-01651,2025-11-05
SYN-01651,2025-11-05
SYN-01652,2026-04-08
SYN-01652,2026-09-07
SYN-01652,2026-09-07
SYN-01652,2026-09-07
SYN-01653,2026-05-08
SYN-01653,2026-10-10
SYN-01653,2026-10-10
SYN-01654,2026-06-12
SYN-01654,2026-08-20
SYN-01654,2026-08-20
SYN-01655,2026-05-31
SYN-01655,2026-08-07
SYN-01655,2026-08-07
SYN-01656,2025-10-11
SYN-01656,2026-01-24
SYN-01656,2026-01-24
SYN-01657,2026-08-21
SYN-01657,2027-01-03
SYN-01657,2027-01-03
SYN-01658,2026-04-05
SYN-01658,2026-06-23
SYN-01658,2026-06-23
SYN-01659,2025-10-10
SYN-01659,2025-11-21
SYN-01659,2025-11-21
SYN-01660,2026-04-02
SYN-01660,2026-09-02
SYN-01660,2026-09-02
SYN-01661,2026-04-26
SYN-01661,2026-10-31
SYN-01661,2026-10-31
SYN-01662,2026-01-31
SYN-01662,2026-03-18
SYN-01662,2026-03-18
SYN-01663,2026-02-24
SYN-01663,2026-08-25
SYN-01663,2026-08-25
SYN-01664,2025-10-17
SYN-01664,2026-04-24
SYN-01664,2026-04-24
SYN-01665,2025-11-14
SYN-01665,2026-05-26
SYN-01665,2026-05-26
SYN-01666,2026-04-18
SYN-01666,2026-06-23
SYN-01666,2026-06-23
SYN-01667,2026-03-25
SYN-01667,2026-05-27
SYN-01667,2026-05-27
SYN-01667,2026-05-27
SYN-01668,2025-10-31
SYN-01668,2026-02-25
SYN-01668,2026-02-25
SYN-01669,2026-04-30
SYN-01669,2026-07-08
SYN-01669,2026-07-08
SYN-01670,2026-06-08
SYN-01670,2026-10-12
SYN-01670,2026-10-12
SYN-01671,2026-01-08
SYN-01671,2026-02-12
SYN-01671,2026-02-12
SYN-01672,2026-03-09
SYN-01672,2026-06-04
SYN-01672,2026-06-04
SYN-01673,2026-04-13
SYN-01673,2026-06-08
SYN-01673,2026-06-08
SYN-01674,2025-12-11
SYN-01674,2026-01-22
SYN-01674,2026-01-22
SYN-01675,2025-09-11
SYN-01675,2026-03-14
SYN-01675,2026-03-14
SYN-01676,2025-09-24
SYN-01676,2026-03-14
SYN-01676,2026-03-14
SYN-01677,2025-10-02
SYN-01677,2026-04-03
SYN-01677,2026-04-03
SYN-01678,2026-02-24
SYN-01678,2026-06-04
SYN-01678,2026-06-04
SYN-01678,2026-06-04
SYN-01679,2025-10-09
SYN-01679,2026-03-02
SYN-01679,2026-03-02
SYN-01680,2026-08-14
SYN-01680,2026-08-14
SYN-01680,2026-12-07
SYN-01680,2026-12-07
SYN-01681,2026-06-11
SYN-01681,2026-08-23
SYN-01681,2026-08-23
SYN-01682,2025-09-24
SYN-01682,2026-02-28
SYN-01682,2026-02-28
SYN-01683,2026-04-29
SYN-01683,2026-10-19
SYN-01683,2026-10-19
SYN-01684,2025-11-24
SYN-01684,2026-04-28
SYN-01684,2026-04-28
SYN-01685,2026-07-19
SYN-01685,2026-07-19
SYN-01685,2026-10-25
SYN-01685,2026-10-25
SYN-01686,2026-03-31
SYN-01686,2026-06-21
SYN-01686,2026-06-21
SYN-01687,2026-01-06
SYN-01687,2026-02-08
SYN-01687,2026-02-08
SYN-01687,2026-02-08
SYN-01688,2025-09-07
SYN-01688,2025-11-18
SYN-01688,2025-11-18
SYN-01689,2025-09-17
SYN-01689,2025-12-23
SYN-01689,2025-12-23
SYN-01690,2025-12-25
SYN-01690,2026-01-31
SYN-01690,2026-01-31
SYN-01691,2026-05-19
SYN-01691,2026-11-08
SYN-01691,2026-11-08
SYN-01692,2026-04-13
SYN-01692,2026-05-15
SYN-01692,2026-05-15
SYN-01693,2026-05-29
SYN-01693,2026-09-10
SYN-01693,2026-09-10
SYN-01694,2026-07-23
SYN-01695,2025-09-11
SYN-01695,2026-02-21
SYN-01695,2026-02-21
SYN-01696,2026-08-02
SYN-01697,2025-10-02
SYN-01697,2025-11-01
SYN-01697,2025-11-01
SYN-01698,2025-10-26
SYN-01698,2026-01-03
SYN-01698,2026-01-03
SYN-01699,2026-03-21
SYN-01699,2026-06-05
SYN-01699,2026-06-05
SYN-01700,2026-04-20
SYN-01700,2026-10-31
SYN-01700,2026-10-31
SYN-01701,2026-07-23
SYN-01701,2026-11-27
SYN-01701,2026-11-27
SYN-01702,2026-08-18
SYN-01703,2025-11-07
SYN-01703,2026-01-30
SYN-01703,2026-01-30
SYN-01704,2025-09-25
SYN-01704,2026-01-01
SYN-01704,2026-01-01
SYN-01705,2026-04-12
SYN-01705,2026-08-16
SYN-01705,2026-08-16
SYN-01706,2025-09-07
SYN-01706,2025-10-27
SYN-01706,2025-10-27
SYN-01707,2026-02-11
SYN-01707,2026-04-30
SYN-01707,2026-04-30
SYN-01708,2025-10-23
SYN-01708,2026-05-06
SYN-01708,2026-05-06
SYN-01709,2026-08-07
SYN-01709,2027-01-04
SYN-01709,2027-01-04
SYN-01710,2026-08-02
SYN-01710,2026-11-14
SYN-01710,2026-11-14
SYN-01711,2025-12-13
SYN-01711,2026-02-03
SYN-01711,2026-02-03
SYN-01712,2026-04-20
SYN-01712,2026-08-22
SYN-01712,2026-08-22
SYN-01713,2026-03-20
SYN-01713,2026-08-10
SYN-01713,2026-08-10
SYN-01714,2025-10-13
SYN-01714,2025-12-07
SYN-01714,2025-12-07
SYN-01715,2025-12-08
SYN-01715,2026-01-23
SYN-01715,2026-01-23
SYN-01716,2026-06-20
SYN-01716,2026-08-03
SYN-01716,2026-08-03
SYN-01717,2026-01-27
SYN-01717,2026-01-27
SYN-01717,2026-06-25
SYN-01717,2026-06-25
SYN-01718,2025-09-19
SYN-01718,2025-12-14
SYN-01718,2025-12-14
SYN-01719,2026-07-07
SYN-01719,2026-10-16
SYN-01719,2026-10-16
SYN-01720,2026-08-17
SYN-01720,2026-09-16
SYN-01720,2026-09-16
SYN-01721,2026-01-25
SYN-01721,2026-08-08
SYN-01721,2026-08-08
SYN-01722,2025-11-06
SYN-01722,2026-05-01
SYN-01722,2026-05-01
SYN-01723,2025-12-14
SYN-01723,2026-03-13
SYN-01723,2026-03-13
SYN-01724,2026-08-17
SYN-01724,2026-12-06
SYN-01724,2026-12-06
SYN-01725,2026-03-01
SYN-01725,2026-07-19
SYN-01725,2026-07-19
SYN-01725,2026-07-19
SYN-01726,2026-08-07
SYN-01726,2026-11-10
SYN-01726,2026-11-10
SYN-01726,2026-11-10
SYN-01727,2026-05-12
SYN-01727,2026-07-31
SYN-01727,2026-07-31
SYN-01728,2026-05-07
SYN-01728,2026-09-01
SYN-01728,2026-09-01
SYN-01729,2025-12-21
SYN-01729,2026-05-31
SYN-01729,2026-05-31
SYN-01730,2025-09-06
SYN-01730,2025-10-09
SYN-01730,2025-10-09
SYN-01731,2025-12-02
SYN-01731,2026-06-12
SYN-01731,2026-06-12
SYN-01732,2025-09-07
SYN-01732,2025-11-23
SYN-01732,2025-11-23
SYN-01733,2025-09-02
SYN-01733,2026-02-02
SYN-01733,2026-02-02
SYN-01734,2025-12-16
SYN-01734,2026-01-24
SYN-01734,2026-01-24
SYN-01735,2026-05-06
SYN-01735,2026-10-07
SYN-01735,2026-10-07
SYN-01736,2025-09-10
SYN-01736,2026-02-14
SYN-01736,2026-02-14
SYN-01736,2026-02-14
SYN-01737,2026-05-14
SYN-01737,2026-09-09
SYN-01737,2026-09-09
SYN-01738,2025-09-03
SYN-01738,2026-02-13
SYN-01738,2026-02-13
SYN-01739,2026-08-26
SYN-01740,2025-11-19
SYN-01740,2026-01-26
SYN-01740,2026-01-26
SYN-01741,2025-11-07
SYN-01741,2026-01-23
SYN-01741,2026-01-23
SYN-01742,2026-07-22
SYN-01743,2026-05-07
SYN-01743,2026-06-30
SYN-01743,2026-06-30
SYN-01744,2026-03-17
SYN-01744,2026-06-22
SYN-01744,2026-06-22
SYN-01745,2026-05-25
SYN-01745,2026-09-19
SYN-01745,2026-09-19
SYN-01746,2025-10-12
SYN-01746,2026-01-30
SYN-01746,2026-01-30
SYN-01747,2025-11-14
SYN-01747,2026-02-27
SYN-01747,2026-02-27
SYN-01748,2025-12-24
SYN-01748,2026-03-26
SYN-01748,2026-03-26
SYN-01749,2025-10-30
SYN-01749,2025-12-08
SYN-01749,2025-12-08
SYN-01750,2026-06-28
SYN-01750,2026-10-09
SYN-01750,2026-10-09
SYN-01751,2026-04-14
SYN-01751,2026-06-14
SYN-01751,2026-06-14
SYN-01752,2026-02-01
SYN-01752,2026-08-04
SYN-01752,2026-08-04
SYN-01752,2026-08-04
SYN-01753,2026-06-09
SYN-01753,2026-07-29
SYN-01753,2026-07-29
SYN-01754,2026-04-17
SYN-01754,2026-10-26
SYN-01754,2026-10-26
SYN-01755,2026-08-24
SYN-01755,2026-11-17
SYN-01755,2026-11-17
SYN-01756,2026-03-29
SYN-01756,2026-06-19
SYN-01756,2026-06-19
SYN-01757,2026-02-12
SYN-01757,2026-07-07
SYN-01757,2026-07-07
SYN-01758,2026-02-22
SYN-01758,2026-09-06
SYN-01758,2026-09-06
SYN-01759,2026-05-27
SYN-01759,2026-09-07
SYN-01759,2026-09-07
SYN-01760,2025-11-25
SYN-01760,2026-01-02
SYN-01760,2026-01-02
SYN-01761,2026-03-10
SYN-01761,2026-08-14
SYN-01761,2026-08-14
SYN-01762,2025-11-18
SYN-01762,2026-05-06
SYN-01762,2026-05-06
SYN-01763,2026-04-20
SYN-01763,2026-05-27
SYN-01763,2026-05-27
SYN-01764,2026-08-01
SYN-01764,2026-09-16
SYN-01764,2026-09-16
SYN-01765,2025-12-17
SYN-01765,2026-04-26
SYN-01765,2026-04-26
SYN-01766,2025-11-11
SYN-01766,2025-12-27
SYN-01766,2025-12-27
SYN-01767,2026-03-16
SYN-01767,2026-05-04
SYN-01767,2026-05-04
SYN-01768,2026-04-03
SYN-01768,2026-07-29
SYN-01768,2026-07-29
SYN-01769,2026-02-03
SYN-01769,2026-03-18
SYN-01769,2026-03-18
SYN-01770,2026-01-24
SYN-01770,2026-03-28
SYN-01770,2026-03-28
SYN-01771,2026-06-04
SYN-01771,2026-09-08
SYN-01771,2026-09-08
SYN-01772,2026-03-31
SYN-01772,2026-07-29
SYN-01772,2026-07-29
SYN-01773,2026-04-23
SYN-01773,2026-07-14
SYN-01773,2026-07-14
SYN-01774,2026-06-14
SYN-01774,2026-10-23
SYN-01774,2026-10-23
SYN-01775,2025-12-27
SYN-01775,2026-03-18
SYN-01775,2026-03-18
SYN-01776,2026-03-29
SYN-01776,2026-10-08
SYN-01776,2026-10-08
SYN-01777,2025-09-09
SYN-01777,2026-03-11
SYN-01777,2026-03-11
SYN-01778,2026-06-29
SYN-01778,2026-12-04
SYN-01778,2026-12-04
SYN-01779,2025-09-15
SYN-01779,2025-11-05
SYN-01779,2025-11-05
SYN-01780,2025-10-12
SYN-01780,2026-01-13
SYN-01780,2026-01-13
SYN-01781,2026-05-21
SYN-01781,2026-08-24
SYN-01781,2026-08-24
SYN-01782,2025-12-10
SYN-01782,2026-03-26
SYN-01782,2026-03-26
SYN-01783,2026-07-05
SYN-01783,2026-12-30
SYN-01783,2026-12-30
SYN-01784,2025-10-11
SYN-01784,2026-04-20
SYN-01784,2026-04-20
SYN-01785,2026-07-23
SYN-01785,2026-10-15
SYN-01785,2026-10-15
SYN-01786,2026-06-03
SYN-01786,2026-07-23
SYN-01786,2026-07-23
SYN-01787,2026-06-06
SYN-01787,2026-10-22
SYN-01787,2026-10-22
SYN-01788,2025-09-02
SYN-01788,2025-11-21
SYN-01788,2025-11-21
SYN-01789,2025-12-15
SYN-01789,2026-03-30
SYN-01789,2026-03-30
SYN-01790,2025-09-26
SYN-01790,2025-11-25
SYN-01790,2025-11-25
SYN-01791,2026-06-26
SYN-01791,2026-08-06
SYN-01791,2026-08-06
SYN-01792,2026-04-25
SYN-01792,2026-06-22
SYN-01792,2026-06-22
SYN-01793,2026-01-25
SYN-01793,2026-04-17
SYN-01793,2026-04-17
SYN-01794,2025-09-14
SYN-01794,2026-01-24
SYN-01794,2026-01-24
SYN-01795,2026-01-24
SYN-01795,2026-05-02
SYN-01795,2026-05-02
SYN-01796,2026-08-26
SYN-01797,2025-10-28
SYN-01797,2026-01-03
SYN-01797,2026-01-03
SYN-01798,2026-04-11
SYN-01798,2026-10-10
SYN-01798,2026-10-10
SYN-01799,2025-09-25
SYN-01799,2026-02-19
SYN-01799,2026-02-19
SYN-01800,2026-01-11
SYN-01800,2026-06-16
SYN-01800,2026-06-16
SYN-01801,2026-01-06
SYN-01801,2026-07-02
SYN-01801,2026-07-02
SYN-01802,2025-11-29
SYN-01802,2026-05-13
SYN-01802,2026-05-13
SYN-01803,2026-07-28
SYN-01803,2026-12-08
SYN-01803,2026-12-08
SYN-01804,2026-03-20
SYN-01804,2026-05-24
SYN-01804,2026-05-24
SYN-01805,2026-08-17
SYN-01805,2026-08-17
SYN-01806,2025-12-11
SYN-01806,2026-03-13
SYN-01806,2026-03-13
SYN-01807,2026-06-30
SYN-01807,2026-12-05
SYN-01807,2026-12-05
SYN-01808,2026-06-12
SYN-01808,2026-10-13
SYN-01808,2026-10-13
SYN-01809,2026-07-07
SYN-01810,2026-03-16
SYN-01810,2026-06-28
SYN-01810,2026-06-28
SYN-01811,2026-02-28
SYN-01811,2026-08-19
SYN-01811,2026-08-19
SYN-01812,2025-10-01
SYN-01812,2025-11-16
SYN-01812,2025-11-16
SYN-01813,2026-03-24
SYN-01813,2026-10-09
SYN-01813,2026-10-09
SYN-01814,2026-03-03
SYN-01814,2026-07-03
SYN-01814,2026-07-03
SYN-01815,2026-03-11
SYN-01815,2026-06-04
SYN-01815,2026-06-04
SYN-01816,2026-06-20
SYN-01816,2026-08-09
SYN-01816,2026-08-09
SYN-01817,2026-07-18
SYN-01817,2026-09-29
SYN-01817,2026-09-29
SYN-01818,2026-08-06
SYN-01818,2026-12-18
SYN-01818,2026-12-18
SYN-01819,2026-07-04
SYN-01819,2026-09-23
SYN-01819,2026-09-23
SYN-01820,2026-03-18
SYN-01820,2026-05-18
SYN-01820,2026-05-18
SYN-01821,2026-03-16
SYN-01821,2026-09-15
SYN-01821,2026-09-15
SYN-01822,2025-12-03
SYN-01822,2026-05-10
SYN-01822,2026-05-10
SYN-01823,2025-12-07
SYN-01823,2026-01-17
SYN-01823,2026-01-17
SYN-01824,2025-12-20
SYN-01824,2026-04-06
SYN-01824,2026-04-06
SYN-01825,2026-01-13
SYN-01825,2026-01-13
SYN-01825,2026-06-24
SYN-01825,2026-06-24
SYN-01825,2026-06-24
SYN-01826,2026-06-03
SYN-01826,2026-08-18
SYN-01826,2026-08-18
SYN-01827,2025-11-25
SYN-01827,2026-02-27
SYN-01827,2026-02-27
SYN-01828,2026-06-11
SYN-01828,2026-08-22
SYN-01828,2026-08-22
SYN-01829,2026-01-22
SYN-01829,2026-04-06
SYN-01829,2026-04-06
SYN-01830,2026-05-02
SYN-01830,2026-10-21
SYN-01830,2026-10-21
SYN-01831,2026-06-16
SYN-01831,2026-08-11
SYN-01831,2026-08-11
SYN-01832,2025-12-07
SYN-01832,2026-01-28
SYN-01832,2026-01-28
SYN-01833,2025-09-21
SYN-01833,2025-10-25
SYN-01833,2025-10-25
SYN-01834,2025-10-28
SYN-01834,2026-02-13
SYN-01834,2026-02-13
SYN-01835,2026-01-19
SYN-01835,2026-05-27
SYN-01835,2026-05-27
SYN-01836,2026-05-15
SYN-01836,2026-06-14
SYN-01836,2026-06-14
SYN-01837,2025-11-21
SYN-01837,2026-02-11
SYN-01837,2026-02-11
SYN-01838,2025-09-01
SYN-01838,2025-09-01
SYN-01838,2026-03-02
SYN-01838,2026-03-02
SYN-01839,2026-07-07
SYN-01839,2026-11-26
SYN-01839,2026-11-26
SYN-01840,2026-02-12
SYN-01840,2026-07-26
SYN-01840,2026-07-26
SYN-01841,2025-12-29
SYN-01841,2026-03-16
SYN-01841,2026-03-16
SYN-01842,2026-01-28
SYN-01842,2026-06-01
SYN-01842,2026-06-01
SYN-01843,2026-05-02
SYN-01843,2026-09-14
SYN-01843,2026-09-14
SYN-01844,2025-10-22
SYN-01844,2026-01-24
SYN-01844,2026-01-24
SYN-01845,2026-06-03
SYN-01845,2026-08-15
SYN-01845,2026-08-15
SYN-01846,2026-01-15
SYN-01846,2026-07-06
SYN-01846,2026-07-06
SYN-01847,2026-08-03
SYN-01847,2026-11-27
SYN-01847,2026-11-27
SYN-01848,2025-10-10
SYN-01848,2026-04-25
SYN-01848,2026-04-25
SYN-01849,2026-06-10
SYN-01849,2026-12-14
SYN-01849,2026-12-14
SYN-01850,2026-01-25
SYN-01850,2026-05-23
SYN-01850,2026-05-23
SYN-01851,2026-04-19
SYN-01851,2026-05-24
SYN-01851,2026-05-24
SYN-01852,2026-06-04
SYN-01852,2026-08-05
SYN-01852,2026-08-05
SYN-01853,2026-08-12
SYN-01853,2026-11-20
SYN-01853,2026-11-20
SYN-01854,2025-12-05
SYN-01854,2026-01-23
SYN-01854,2026-01-23
SYN-01855,2026-07-02
SYN-01855,2026-07-02
SYN-01855,2026-09-18
SYN-01855,2026-09-18
SYN-01856,2025-11-02
SYN-01856,2026-05-09
SYN-01856,2026-05-09
SYN-01857,2026-05-25
SYN-01857,2026-07-02
SYN-01857,2026-07-02
SYN-01858,2026-03-27
SYN-01858,2026-03-27
SYN-01858,2026-07-05
SYN-01858,2026-07-05
SYN-01859,2025-12-23
SYN-01859,2026-02-18
SYN-01859,2026-02-18
SYN-01859,2026-02-18
SYN-01860,2026-08-05
SYN-01860,2027-01-07
SYN-01860,2027-01-07
SYN-01861,2026-05-05
SYN-01861,2026-10-19
SYN-01861,2026-10-19
SYN-01862,2026-05-04
SYN-01862,2026-10-20
SYN-01862,2026-10-20
SYN-01863,2026-01-13
SYN-01863,2026-03-31
SYN-01863,2026-03-31
SYN-01864,2025-10-05
SYN-01864,2026-02-13
SYN-01864,2026-02-13
SYN-01864,2026-02-13
SYN-01865,2026-08-10
SYN-01865,2026-11-10
SYN-01865,2026-11-10
SYN-01866,2025-11-21
SYN-01866,2026-05-22
SYN-01866,2026-05-22
SYN-01867,2026-05-20
SYN-01867,2026-11-12
SYN-01867,2026-11-12
SYN-01868,2026-01-04
SYN-01868,2026-04-09
SYN-01868,2026-04-09
SYN-01869,2026-07-21
SYN-01869,2026-10-01
SYN-01869,2026-10-01
SYN-01870,2026-04-18
SYN-01870,2026-07-09
SYN-01870,2026-07-09
SYN-01871,2026-02-20
SYN-01871,2026-02-20
SYN-01871,2026-07-07
SYN-01871,2026-07-07
SYN-01872,2026-04-01
SYN-01872,2026-07-18
SYN-01872,2026-07-18
SYN-01873,2026-03-14
SYN-01873,2026-04-30
SYN-01873,2026-04-30
SYN-01874,2026-08-19
SYN-01875,2025-09-09
SYN-01875,2026-01-15
SYN-01875,2026-01-15
SYN-01875,2026-01-15
SYN-01876,2026-08-20
SYN-01876,2026-11-19
SYN-01876,2026-11-19
SYN-01877,2026-03-01
SYN-01877,2026-07-30
SYN-01877,2026-07-30
SYN-01878,2026-06-28
SYN-01878,2026-12-11
SYN-01878,2026-12-11
SYN-01879,2026-02-14
SYN-01879,2026-04-01
SYN-01879,2026-04-01
SYN-01880,2026-07-04
SYN-01880,2026-08-18
SYN-01880,2026-08-18
SYN-01881,2025-10-26
SYN-01881,2026-01-08
SYN-01881,2026-01-08
SYN-01882,2026-05-03
SYN-01882,2026-11-16
SYN-01882,2026-11-16
SYN-01883,2026-07-23
SYN-01884,2026-04-18
SYN-01884,2026-05-20
SYN-01884,2026-05-20
SYN-01885,2026-01-28
SYN-01885,2026-05-04
SYN-01885,2026-05-04
SYN-01886,2026-02-15
SYN-01886,2026-07-04
SYN-01886,2026-07-04
SYN-01887,2026-02-02
SYN-01887,2026-07-29
SYN-01887,2026-07-29
SYN-01888,2025-12-05
SYN-01888,2026-01-28
SYN-01888,2026-01-28
SYN-01889,2025-11-26
SYN-01889,2026-01-01
SYN-01889,2026-01-01
SYN-01890,2025-11-03
SYN-01890,2026-03-09
SYN-01890,2026-03-09
SYN-01890,2026-03-09
SYN-01891,2026-02-25
SYN-01891,2026-05-31
SYN-01891,2026-05-31
SYN-01892,2026-06-03
SYN-01892,2026-11-16
SYN-01892,2026-11-16
SYN-01893,2026-07-16
SYN-01893,2027-01-11
SYN-01893,2027-01-11
SYN-01894,2026-03-06
SYN-01894,2026-06-19
SYN-01894,2026-06-19
SYN-01895,2025-10-23
SYN-01895,2026-04-19
SYN-01895,2026-04-19
SYN-01896,2026-04-06
SYN-01896,2026-06-04
SYN-01896,2026-06-04
SYN-01897,2025-11-30
SYN-01897,2026-05-16
SYN-01897,2026-05-16
SYN-01898,2025-09-28
SYN-01898,2026-04-09
SYN-01898,2026-04-09
SYN-01899,2025-10-27
SYN-01899,2026-05-07
SYN-01899,2026-05-07
SYN-01900,2025-10-26
SYN-01900,2025-11-25
SYN-01900,2025-11-25
SYN-01901,2026-04-01
SYN-01901,2026-08-29
SYN-01901,2026-08-29
SYN-01902,2025-12-21
SYN-01902,2026-05-04
SYN-01902,2026-05-04
SYN-01903,2026-06-17
SYN-01903,2026-07-31
SYN-01903,2026-07-31
SYN-01904,2025-09-27
SYN-01904,2026-04-05
SYN-01904,2026-04-05
SYN-01905,2025-11-07
SYN-01905,2026-01-07
SYN-01905,2026-01-07
SYN-01906,2026-07-18
SYN-01906,2026-12-24
SYN-01906,2026-12-24
SYN-01907,2026-05-31
SYN-01907,2026-08-16
SYN-01907,2026-08-16
SYN-01908,2026-06-04
SYN-01908,2026-12-08
SYN-01908,2026-12-08
SYN-01909,2026-04-22
SYN-01909,2026-09-02
SYN-01909,2026-09-02
SYN-01910,2025-10-02
SYN-01910,2026-01-19
SYN-01910,2026-01-19
SYN-01911,2025-10-27
SYN-01911,2026-04-15
SYN-01911,2026-04-15
SYN-01912,2026-07-31
SYN-01912,2026-12-01
SYN-01912,2026-12-01
SYN-01913,2026-08-17
SYN-01913,2026-09-17
SYN-01913,2026-09-17
SYN-01914,2026-04-30
SYN-01914,2026-08-09
SYN-01914,2026-08-09
SYN-01915,2026-03-22
SYN-01915,2026-05-11
SYN-01915,2026-05-11
SYN-01916,2025-11-27
SYN-01916,2026-06-04
SYN-01916,2026-06-04
SYN-01917,2025-12-11
SYN-01917,2026-05-30
SYN-01917,2026-05-30
SYN-01918,2026-05-24
SYN-01918,2026-07-15
SYN-01918,2026-07-15
SYN-01919,2025-10-29
SYN-01919,2026-02-06
SYN-01919,2026-02-06
SYN-01920,2026-08-07
SYN-01921,2025-10-04
SYN-01921,2025-12-04
SYN-01921,2025-12-04
SYN-01922,2025-11-18
SYN-01922,2026-04-14
SYN-01922,2026-04-14
SYN-01923,2026-02-07
SYN-01923,2026-08-03
SYN-01923,2026-08-03
SYN-01924,2026-04-02
SYN-01924,2026-08-28
SYN-01924,2026-08-28
SYN-01925,2026-05-16
SYN-01925,2026-10-19
SYN-01925,2026-10-19
SYN-01926,2026-07-13
SYN-01926,2026-12-09
SYN-01926,2026-12-09
SYN-01927,2026-01-31
SYN-01927,2026-05-20
SYN-01927,2026-05-20
SYN-01928,2025-09-13
SYN-01928,2026-02-26
SYN-01928,2026-02-26
SYN-01929,2026-06-09
SYN-01929,2026-06-09
SYN-01929,2026-07-26
SYN-01929,2026-07-26
SYN-01930,2026-05-16
SYN-01930,2026-07-06
SYN-01930,2026-07-06
SYN-01931,2026-08-16
SYN-01931,2027-01-14
SYN-01931,2027-01-14
SYN-01932,2026-05-22
SYN-01932,2026-07-27
SYN-01932,2026-07-27
SYN-01933,2026-07-04
SYN-01933,2026-11-12
SYN-01933,2026-11-12
SYN-01934,2025-12-11
SYN-01934,2026-05-09
SYN-01934,2026-05-09
SYN-01935,2025-11-04
SYN-01935,2026-01-16
SYN-01935,2026-01-16
SYN-01936,2026-03-10
SYN-01936,2026-08-29
SYN-01936,2026-08-29
SYN-01937,2026-07-08
SYN-01937,2026-12-30
SYN-01937,2026-12-30
SYN-01938,2026-08-01
SYN-01938,2026-09-06
SYN-01938,2026-09-06
SYN-01939,2025-11-16
SYN-01939,2026-03-16
SYN-01939,2026-03-16
SYN-01940,2026-06-15
SYN-01940,2026-11-24
SYN-01940,2026-11-24
SYN-01941,2026-07-23
SYN-01941,2026-11-30
SYN-01941,2026-11-30
SYN-01942,2026-04-03
SYN-01942,2026-06-19
SYN-01942,2026-06-19
SYN-01943,2025-12-06
SYN-01943,2026-04-09
SYN-01943,2026-04-09
SYN-01944,2026-06-17
SYN-01944,2026-12-17
SYN-01944,2026-12-17
SYN-01945,2026-07-04
SYN-01945,2026-09-10
SYN-01945,2026-09-10
SYN-01946,2025-10-05
SYN-01946,2026-02-20
SYN-01946,2026-02-20
SYN-01947,2026-07-22
SYN-01947,2026-12-15
SYN-01947,2026-12-15
SYN-01948,2026-03-06
SYN-01948,2026-06-13
SYN-01948,2026-06-13
SYN-01949,2025-12-09
SYN-01949,2026-01-10
SYN-01949,2026-01-10
SYN-01950,2025-10-13
SYN-01950,2026-04-26
SYN-01950,2026-04-26
SYN-01951,2026-01-22
SYN-01951,2026-07-07
SYN-01951,2026-07-07
SYN-01952,2026-01-16
SYN-01952,2026-03-24
SYN-01952,2026-03-24
SYN-01953,2026-05-06
SYN-01953,2026-07-30
SYN-01953,2026-07-30
SYN-01954,2026-07-01
SYN-01954,2026-10-28
SYN-01954,2026-10-28
SYN-01955,2026-08-06
SYN-01956,2026-04-08
SYN-01956,2026-09-21
SYN-01956,2026-09-21
SYN-01957,2026-08-05
SYN-01957,2026-10-19
SYN-01957,2026-10-19
SYN-01958,2026-03-21
SYN-01958,2026-06-27
SYN-01958,2026-06-27
SYN-01959,2026-03-13
SYN-01959,2026-07-09
SYN-01959,2026-07-09
SYN-01959,2026-07-09
SYN-01960,2025-09-20
SYN-01960,2025-10-28
SYN-01960,2025-10-28
SYN-01961,2026-01-14
SYN-01961,2026-06-14
SYN-01961,2026-06-14
SYN-01962,2026-04-16
SYN-01962,2026-09-20
SYN-01962,2026-09-20
SYN-01963,2026-04-24
SYN-01963,2026-08-22
SYN-01963,2026-08-22
SYN-01964,2026-08-06
SYN-01964,2026-09-09
SYN-01964,2026-09-09
SYN-01965,2025-10-14
SYN-01965,2025-11-22
SYN-01965,2025-11-22
SYN-01966,2026-01-02
SYN-01966,2026-07-05
SYN-01966,2026-07-05
SYN-01967,2026-04-05
SYN-01967,2026-06-10
SYN-01967,2026-06-10
SYN-01968,2026-03-09
SYN-01968,2026-05-04
SYN-01968,2026-05-04
SYN-01969,2026-08-26
SYN-01970,2025-09-03
SYN-01970,2026-01-12
SYN-01970,2026-01-12
SYN-01971,2026-06-18
SYN-01971,2026-10-02
SYN-01971,2026-10-02
SYN-01972,2025-09-21
SYN-01972,2026-01-11
SYN-01972,2026-01-11
SYN-01973,2025-11-17
SYN-01973,2026-05-04
SYN-01973,2026-05-04
SYN-01974,2025-11-06
SYN-01974,2026-05-12
SYN-01974,2026-05-12
SYN-01975,2026-04-03
SYN-01975,2026-10-12
SYN-01975,2026-10-12
SYN-01976,2026-04-04
SYN-01976,2026-10-03
SYN-01976,2026-10-03
SYN-01977,2025-09-21
SYN-01977,2026-03-27
SYN-01977,2026-03-27
SYN-01978,2026-08-15
SYN-01978,2026-11-24
SYN-01978,2026-11-24
SYN-01979,2026-05-23
SYN-01979,2026-11-19
SYN-01979,2026-11-19
SYN-01980,2026-01-26
SYN-01980,2026-07-13
SYN-01980,2026-07-13
SYN-01981,2026-07-07
SYN-01981,2026-09-03
SYN-01981,2026-09-03
SYN-01982,2026-05-16
SYN-01982,2026-06-21
SYN-01982,2026-06-21
SYN-01983,2025-11-24
SYN-01983,2026-02-08
SYN-01983,2026-02-08
SYN-01984,2025-10-06
SYN-01984,2025-12-03
SYN-01984,2025-12-03
SYN-01985,2026-03-31
SYN-01985,2026-03-31
SYN-01985,2026-08-18
SYN-01985,2026-08-18
SYN-01986,2026-05-20
SYN-01986,2026-10-30
SYN-01986,2026-10-30
SYN-01986,2026-10-30
SYN-01987,2025-09-18
SYN-01987,2025-12-30
SYN-01987,2025-12-30
SYN-01988,2025-09-02
SYN-01988,2026-01-16
SYN-01988,2026-01-16
SYN-01989,2025-10-11
SYN-01989,2026-03-20
SYN-01989,2026-03-20
SYN-01990,2025-12-13
SYN-01990,2026-02-07
SYN-01990,2026-02-07
SYN-01991,2025-12-12
SYN-01991,2026-02-02
SYN-01991,2026-02-02
SYN-01992,2026-08-16
SYN-01992,2026-11-20
SYN-01992,2026-11-20
SYN-01993,2026-04-16
SYN-01993,2026-07-11
SYN-01993,2026-07-11
SYN-01994,2026-03-24
SYN-01994,2026-05-11
SYN-01994,2026-05-11
SYN-01995,2026-02-14
SYN-01995,2026-07-09
SYN-01995,2026-07-09
SYN-01996,2026-05-27
SYN-01996,2026-09-01
SYN-01996,2026-09-01
SYN-01997,2026-02-04
SYN-01997,2026-05-07
SYN-01997,2026-05-07
SYN-01998,2026-07-10
SYN-01998,2026-08-31
SYN-01998,2026-08-31
SYN-01999,2025-12-22
SYN-01999,2026-05-11
SYN-01999,2026-05-11
SYN-02000,2025-09-19
SYN-02000,2026-04-04
SYN-02000,2026-04-04
