case_id,stage,event_time
SYN-00001,제출,2025-11-09
SYN-00001,종결,2025-12-22
SYN-00001,결과_성공,2025-12-22
SYN-00002,제출,2025-11-13
SYN-00002,종결,2026-03-26
SYN-00002,결과_성공,2026-03-26
SYN-00003,제출,2026-07-06
SYN-00003,제출,2026-07-06
SYN-00003,종결,2026-09-06
SYN-00003,결과_성공,2026-09-06
SYN-00004,제출,2026-07-28
SYN-00004,종결,2026-11-10
SYN-00004,결과_성공,2026-11-10
SYN-00005,제출,2026-07-02
SYN-00005,종결,2027-01-11
SYN-00005,결과_성공,2027-01-11
SYN-00006,제출,2026-02-21
SYN-00006,종결,2026-06-15
SYN-00006,결과_성공,2026-06-15
SYN-00007,제출,2025-12-30
SYN-00007,종결,2026-03-22
SYN-00007,결과_성공,2026-03-22
SYN-00008,제출,2026-07-11
SYN-00008,종결,2026-10-12
SYN-00008,결과_성공,2026-10-12
SYN-00009,제출,2026-06-29
SYN-00009,종결,2026-08-03
SYN-00009,결과_성공,2026-08-03
SYN-00010,제출,2026-06-09
SYN-00010,종결,2026-10-25
SYN-00010,결과_성공,2026-10-25
SYN-00011,제출,2026-05-19
SYN-00011,종결,2026-07-05
SYN-00011,결과_성공,2026-07-05
SYN-00012,제출,2026-01-26
SYN-00012,종결,2026-07-29
SYN-00012,결과_성공,2026-07-29
SYN-00013,제출,2025-11-03
SYN-00013,종결,2025-12-28
SYN-00013,결과_실패,2025-12-28
SYN-00014,제출,2026-04-18
SYN-00014,종결,2026-10-23
SYN-00014,결과_성공,2026-10-23
SYN-00015,제출,2025-12-05
SYN-00015,종결,2026-03-07
SYN-00015,결과_실패,2026-03-07
SYN-00016,제출,2025-11-02
SYN-00016,종결,2026-01-26
SYN-00016,결과_성공,2026-01-26
SYN-00017,제출,2025-11-14
SYN-00017,종결,2026-03-29
SYN-00017,결과_성공,2026-03-29
SYN-00018,제출,2026-05-12
SYN-00018,종결,2026-08-02
SYN-00018,결과_성공,2026-08-02
SYN-00019,제출,2026-07-07
SYN-00019,종결,2026-09-01
SYN-00019,결과_실패,2026-09-01
SYN-00020,제출,2026-08-21
SYN-00020,종결,2026-12-05
SYN-00020,결과_실패,2026-12-05
SYN-00021,제출,2026-05-03
SYN-00021,종결,2026-09-13
SYN-00021,결과_성공,2026-09-13
SYN-00022,제출,2026-01-24
SYN-00022,종결,2026-04-17
SYN-00022,결과_성공,2026-04-17
SYN-00023,제출,2026-01-01
SYN-00023,종결,2026-03-20
SYN-00023,결과_실패,2026-03-20
SYN-00024,제출,2026-01-22
SYN-00024,종결,2026-07-19
SYN-00024,결과_성공,2026-07-19
SYN-00025,제출,2025-12-01
SYN-00025,종결,2026-04-18
SYN-00025,결과_성공,2026-04-18
SYN-00026,제출,2026-07-20
SYN-00026,종결,2026-10-02
SYN-00026,결과_실패,2026-10-02
SYN-00027,제출,2026-01-16
SYN-00027,종결,2026-05-01
SYN-00027,결과_성공,2026-05-01
SYN-00028,제출,2026-01-31
SYN-00028,종결,2026-08-08
SYN-00028,결과_성공,2026-08-08
SYN-00029,제출,2026-08-17
SYN-00030,제출,2025-10-30
SYN-00030,종결,2026-04-16
SYN-00030,결과_실패,2026-04-16
SYN-00031,제출,2026-08-24
SYN-00032,제출,2026-02-15
SYN-00032,종결,2026-08-26
SYN-00032,결과_성공,2026-08-26
SYN-00032,종결,2026-08-26
SYN-00033,제출,2026-04-30
SYN-00033,종결,2026-08-25
SYN-00033,결과_성공,2026-08-25
SYN-00034,제출,2026-02-16
SYN-00034,종결,2026-06-24
SYN-00034,결과_실패,2026-06-24
SYN-00035,제출,2025-10-27
SYN-00035,종결,2026-01-31
SYN-00035,결과_성공,2026-01-31
SYN-00035,결과_성공,2026-01-31
SYN-00036,제출,2026-04-22
SYN-00036,종결,2026-08-29
SYN-00036,결과_성공,2026-08-29
SYN-00037,제출,2026-08-09
SYN-00037,종결,2026-11-10
SYN-00037,결과_실패,2026-11-10
SYN-00038,제출,2026-07-06
SYN-00038,종결,2026-12-10
SYN-00038,결과_성공,2026-12-10
SYN-00039,제출,2026-01-01
SYN-00039,종결,2026-04-08
SYN-00039,결과_실패,2026-04-08
SYN-00040,제출,2026-06-10
SYN-00040,종결,2026-11-12
SYN-00040,결과_성공,2026-11-12
SYN-00041,제출,2026-02-07
SYN-00041,종결,2026-05-02
SYN-00041,결과_성공,2026-05-02
SYN-00042,제출,2026-02-16
SYN-00042,종결,2026-08-11
SYN-00042,결과_성공,2026-08-11
SYN-00043,제출,2026-08-11
SYN-00044,제출,2025-10-22
SYN-00044,종결,2025-12-23
SYN-00044,결과_성공,2025-12-23
SYN-00044,종결,2025-12-23
SYN-00045,제출,2026-02-02
SYN-00045,종결,2026-07-04
SYN-00045,결과_성공,2026-07-04
SYN-00046,제출,2026-02-03
SYN-00046,종결,2026-08-19
SYN-00046,결과_실패,2026-08-19
SYN-00047,제출,2025-11-01
SYN-00047,종결,2025-12-11
SYN-00047,결과_성공,2025-12-11
SYN-00048,제출,2026-01-21
SYN-00048,종결,2026-02-21
SYN-00048,결과_성공,2026-02-21
SYN-00049,제출,2026-07-05
SYN-00049,종결,2026-10-30
SYN-00049,결과_성공,2026-10-30
SYN-00050,제출,2026-03-05
SYN-00050,종결,2026-05-10
SYN-00050,결과_성공,2026-05-10
SYN-00051,제출,2026-08-20
SYN-00051,종결,2026-09-25
SYN-00051,결과_성공,2026-09-25
SYN-00052,제출,2025-11-21
SYN-00052,종결,2026-03-20
SYN-00052,결과_성공,2026-03-20
SYN-00053,제출,2025-12-31
SYN-00053,종결,2026-02-26
SYN-00053,결과_실패,2026-02-26
SYN-00054,제출,2025-10-25
SYN-00054,종결,2026-01-17
SYN-00054,결과_성공,2026-01-17
SYN-00055,제출,2025-09-27
SYN-00055,종결,2025-12-01
SYN-00055,결과_성공,2025-12-01
SYN-00056,제출,2026-05-22
SYN-00056,종결,2026-09-03
SYN-00056,결과_실패,2026-09-03
SYN-00057,제출,2026-06-16
SYN-00057,종결,2026-08-09
SYN-00057,결과_성공,2026-08-09
SYN-00058,제출,2026-05-30
SYN-00058,종결,2026-06-29
SYN-00058,결과_성공,2026-06-29
SYN-00059,제출,2025-11-27
SYN-00059,종결,2026-05-23
SYN-00059,결과_성공,2026-05-23
SYN-00060,제출,2026-03-30
SYN-00060,종결,2026-07-27
SYN-00060,결과_성공,2026-07-27
SYN-00061,제출,2026-05-26
SYN-00061,종결,2026-12-02
SYN-00061,결과_실패,2026-12-02
SYN-00062,제출,2025-12-18
SYN-00062,종결,2026-04-26
SYN-00062,결과_성공,2026-04-26
SYN-00063,제출,2026-06-13
SYN-00063,종결,2026-07-21
SYN-00063,결과_성공,2026-07-21
SYN-00064,제출,2026-02-07
SYN-00064,종결,2026-04-27
SYN-00064,결과_실패,2026-04-27
SYN-00065,제출,2026-01-18
SYN-00065,종결,2026-05-29
SYN-00065,결과_성공,2026-05-29
SYN-00066,제출,2026-02-19
SYN-00066,종결,2026-08-16
SYN-00066,결과_실패,2026-08-16
SYN-00067,제출,2026-07-19
SYN-00067,종결,2026-12-19
SYN-00067,결과_실패,2026-12-19
SYN-00068,제출,2025-12-09
SYN-00068,종결,2026-02-21
SYN-00068,결과_성공,2026-02-21
SYN-00069,제출,2026-01-02
SYN-00069,종결,2026-02-18
SYN-00069,결과_성공,2026-02-18
SYN-00070,제출,2026-05-22
SYN-00070,종결,2026-08-22
SYN-00070,결과_성공,2026-08-22
SYN-00071,제출,2026-07-20
SYN-00071,종결,2026-09-20
SYN-00071,결과_성공,2026-09-20
SYN-00072,제출,2025-10-06
SYN-00072,종결,2026-02-25
SYN-00072,결과_성공,2026-02-25
SYN-00073,제출,2026-08-09
SYN-00073,종결,2026-11-09
SYN-00073,결과_성공,2026-11-09
SYN-00073,결과_성공,2026-11-09
SYN-00074,제출,2026-05-16
SYN-00074,종결,2026-11-07
SYN-00074,결과_성공,2026-11-07
SYN-00075,제출,2026-05-09
SYN-00075,종결,2026-11-13
SYN-00075,결과_성공,2026-11-13
SYN-00076,제출,2026-05-02
SYN-00076,종결,2026-08-14
SYN-00076,결과_성공,2026-08-14
SYN-00077,제출,2026-08-19
SYN-00077,종결,2026-12-12
SYN-00077,결과_성공,2026-12-12
SYN-00078,제출,2025-10-14
SYN-00078,종결,2025-11-19
SYN-00078,결과_실패,2025-11-19
SYN-00079,제출,2026-02-11
SYN-00079,종결,2026-04-11
SYN-00079,결과_성공,2026-04-11
SYN-00080,제출,2025-09-09
SYN-00080,종결,2025-12-29
SYN-00080,결과_성공,2025-12-29
SYN-00081,제출,2025-12-20
SYN-00081,종결,2026-01-28
SYN-00081,결과_성공,2026-01-28
SYN-00082,제출,2026-07-19
SYN-00082,제출,2026-07-19
SYN-00082,종결,2026-11-16
SYN-00082,결과_성공,2026-11-16
SYN-00083,제출,2025-11-25
SYN-00083,종결,2026-03-19
SYN-00083,결과_실패,2026-03-19
SYN-00084,제출,2026-06-12
SYN-00084,종결,2026-08-12
SYN-00084,결과_성공,2026-08-12
SYN-00085,제출,2026-07-23
SYN-00085,제출,2026-07-23
SYN-00085,종결,2026-12-27
SYN-00085,결과_성공,2026-12-27
SYN-00086,제출,2026-02-13
SYN-00086,종결,2026-07-31
SYN-00086,결과_실패,2026-07-31
SYN-00087,제출,2026-04-06
SYN-00087,종결,2026-09-17
SYN-00087,결과_성공,2026-09-17
SYN-00087,종결,2026-09-17
SYN-00088,제출,2026-08-21
SYN-00089,제출,2026-07-23
SYN-00089,종결,2026-12-02
SYN-00089,결과_성공,2026-12-02
SYN-00090,제출,2026-07-18
SYN-00090,종결,2026-09-17
SYN-00090,결과_성공,2026-09-17
SYN-00091,제출,2026-04-22
SYN-00091,종결,2026-08-03
SYN-00091,결과_성공,2026-08-03
SYN-00092,제출,2026-05-20
SYN-00092,종결,2026-09-20
SYN-00092,결과_성공,2026-09-20
SYN-00092,결과_성공,2026-09-20
SYN-00093,제출,2025-09-10
SYN-00093,종결,2026-03-17
SYN-00093,결과_성공,2026-03-17
SYN-00094,제출,2026-06-18
SYN-00094,종결,2027-01-02
SYN-00094,결과_성공,2027-01-02
SYN-00095,제출,2026-05-23
SYN-00095,종결,2026-11-25
SYN-00095,결과_성공,2026-11-25
SYN-00096,제출,2026-03-22
SYN-00096,종결,2026-08-09
SYN-00096,결과_성공,2026-08-09
SYN-00097,제출,2026-08-15
SYN-00098,제출,2026-03-09
SYN-00098,종결,2026-04-11
SYN-00098,결과_성공,2026-04-11
SYN-00099,제출,2025-12-18
SYN-00099,제출,2025-12-18
SYN-00099,종결,2026-02-21
SYN-00099,결과_성공,2026-02-21
SYN-00100,제출,2025-10-19
SYN-00100,종결,2026-02-13
SYN-00100,결과_성공,2026-02-13
SYN-00101,제출,2026-08-12
SYN-00101,종결,2026-12-08
SYN-00101,결과_성공,2026-12-08
SYN-00102,제출,2026-04-09
SYN-00102,종결,2026-09-08
SYN-00102,결과_성공,2026-09-08
SYN-00103,제출,2026-01-31
SYN-00103,종결,2026-06-07
SYN-00103,결과_성공,2026-06-07
SYN-00104,제출,2026-08-03
SYN-00105,제출,2025-11-21
SYN-00105,종결,2026-02-17
SYN-00105,결과_성공,2026-02-17
SYN-00106,제출,2026-03-31
SYN-00106,종결,2026-09-04
SYN-00106,결과_성공,2026-09-04
SYN-00107,제출,2025-09-03
SYN-00107,종결,2025-10-08
SYN-00107,결과_성공,2025-10-08
SYN-00108,제출,2025-10-08
SYN-00108,종결,2026-03-09
SYN-00108,결과_성공,2026-03-09
SYN-00109,제출,2025-10-25
SYN-00109,종결,2025-11-24
SYN-00109,결과_성공,2025-11-24
SYN-00110,제출,2026-04-15
SYN-00110,종결,2026-09-21
SYN-00110,결과_성공,2026-09-21
SYN-00111,제출,2026-06-09
SYN-00111,종결,2026-10-21
SYN-00111,결과_실패,2026-10-21
SYN-00112,제출,2026-07-16
SYN-00112,종결,2026-12-28
SYN-00112,결과_성공,2026-12-28
SYN-00113,제출,2025-12-17
SYN-00113,종결,2026-05-04
SYN-00113,결과_성공,2026-05-04
SYN-00114,제출,2025-11-06
SYN-00114,종결,2026-05-01
SYN-00114,결과_실패,2026-05-01
SYN-00115,제출,2026-06-09
SYN-00115,종결,2026-07-27
SYN-00115,결과_성공,2026-07-27
SYN-00116,제출,2026-01-26
SYN-00116,종결,2026-03-22
SYN-00116,결과_성공,2026-03-22
SYN-00117,제출,2026-08-10
SYN-00117,종결,2026-11-26
SYN-00117,결과_성공,2026-11-26
SYN-00118,제출,2025-09-13
SYN-00118,종결,2025-11-22
SYN-00118,결과_성공,2025-11-22
SYN-00119,제출,2026-03-23
SYN-00119,종결,2026-07-17
SYN-00119,결과_성공,2026-07-17
SYN-00120,제출,2026-05-15
SYN-00120,종결,2026-06-26
SYN-00120,결과_성공,2026-06-26
SYN-00121,제출,2026-03-02
SYN-00121,종결,2026-05-03
SYN-00121,결과_성공,2026-05-03
SYN-00122,제출,2025-11-18
SYN-00122,제출,2025-11-18
SYN-00122,종결,2026-01-21
SYN-00122,결과_성공,2026-01-21
SYN-00123,제출,2026-06-09
SYN-00123,종결,2026-10-30
SYN-00123,결과_실패,2026-10-30
SYN-00124,제출,2025-11-13
SYN-00124,제출,2025-11-13
SYN-00124,종결,2026-01-24
SYN-00124,결과_성공,2026-01-24
SYN-00125,제출,2025-10-22
SYN-00125,종결,2026-02-23
SYN-00125,결과_성공,2026-02-23
SYN-00126,제출,2025-10-17
SYN-00126,종결,2026-01-18
SYN-00126,결과_성공,2026-01-18
SYN-00127,제출,2026-02-26
SYN-00127,종결,2026-06-28
SYN-00127,결과_성공,2026-06-28
SYN-00128,제출,2026-06-20
SYN-00128,종결,2026-09-04
SYN-00128,결과_성공,2026-09-04
SYN-00129,제출,2025-12-26
SYN-00129,종결,2026-05-29
SYN-00129,결과_성공,2026-05-29
SYN-00130,제출,2026-07-04
SYN-00130,종결,2026-09-25
SYN-00130,결과_성공,2026-09-25
SYN-00131,제출,2026-04-03
SYN-00131,종결,2026-08-25
SYN-00131,결과_실패,2026-08-25
SYN-00132,제출,2026-05-18
SYN-00132,종결,2026-07-03
SYN-00132,결과_실패,2026-07-03
SYN-00133,제출,2026-07-29
SYN-00133,종결,2026-12-20
SYN-00133,결과_성공,2026-12-20
SYN-00134,제출,2026-06-22
SYN-00134,종결,2026-10-11
SYN-00134,결과_성공,2026-10-11
SYN-00135,제출,2026-05-31
SYN-00135,종결,2026-07-02
SYN-00135,결과_실패,2026-07-02
SYN-00136,제출,2026-02-28
SYN-00136,종결,2026-08-17
SYN-00136,결과_성공,2026-08-17
SYN-00137,제출,2026-05-22
SYN-00137,종결,2026-08-27
SYN-00137,결과_성공,2026-08-27
SYN-00138,제출,2025-10-27
SYN-00138,종결,2026-01-15
SYN-00138,결과_성공,2026-01-15
SYN-00138,종결,2026-01-15
SYN-00139,제출,2026-06-10
SYN-00139,종결,2026-07-25
SYN-00139,결과_성공,2026-07-25
SYN-00140,제출,2026-05-11
SYN-00140,종결,2026-10-23
SYN-00140,결과_실패,2026-10-23
SYN-00141,제출,2025-10-12
SYN-00141,종결,2026-03-09
SYN-00141,결과_실패,2026-03-09
SYN-00142,제출,2025-12-15
SYN-00142,종결,2026-02-19
SYN-00142,결과_성공,2026-02-19
SYN-00143,제출,2025-11-09
SYN-00143,종결,2026-01-13
SYN-00143,결과_성공,2026-01-13
SYN-00143,종결,2026-01-13
SYN-00144,제출,2026-05-17
SYN-00144,제출,2026-05-17
SYN-00144,종결,2026-09-29
SYN-00144,결과_성공,2026-09-29
SYN-00145,제출,2026-08-04
SYN-00145,종결,2026-09-18
SYN-00145,결과_성공,2026-09-18
SYN-00146,제출,2026-08-21
SYN-00147,제출,2026-01-30
SYN-00147,제출,2026-01-30
SYN-00147,종결,2026-05-14
SYN-00147,결과_성공,2026-05-14
SYN-00148,제출,2026-05-26
SYN-00148,종결,2026-08-09
SYN-00148,결과_성공,2026-08-09
SYN-00149,제출,2026-07-05
SYN-00149,종결,2026-09-11
SYN-00149,결과_성공,2026-09-11
SYN-00150,제출,2025-12-30
SYN-00150,종결,2026-07-02
SYN-00150,결과_성공,2026-07-02
SYN-00151,제출,2026-07-27
SYN-00151,종결,2026-12-01
SYN-00151,결과_성공,2026-12-01
SYN-00152,제출,2025-12-01
SYN-00152,종결,2026-02-10
SYN-00152,결과_성공,2026-02-10
SYN-00153,제출,2026-07-19
SYN-00153,종결,2026-11-11
SYN-00153,결과_성공,2026-11-11
SYN-00154,제출,2025-12-13
SYN-00154,종결,2026-04-10
SYN-00154,결과_성공,2026-04-10
SYN-00155,제출,2026-01-24
SYN-00155,종결,2026-06-02
SYN-00155,결과_성공,2026-06-02
SYN-00156,제출,2026-02-11
SYN-00156,종결,2026-04-01
SYN-00156,결과_성공,2026-04-01
SYN-00157,제출,2025-11-05
SYN-00157,종결,2025-12-25
SYN-00157,결과_성공,2025-12-25
SYN-00158,제출,2026-02-27
SYN-00158,종결,2026-07-18
SYN-00158,결과_성공,2026-07-18
SYN-00159,제출,2025-09-02
SYN-00159,종결,2025-10-12
SYN-00159,결과_성공,2025-10-12
SYN-00160,제출,2026-06-03
SYN-00160,종결,2026-08-18
SYN-00160,결과_성공,2026-08-18
SYN-00161,제출,2026-01-13
SYN-00161,종결,2026-07-04
SYN-00161,결과_성공,2026-07-04
SYN-00162,제출,2026-06-08
SYN-00162,종결,2026-08-18
SYN-00162,결과_성공,2026-08-18
SYN-00163,제출,2026-08-26
SYN-00164,제출,2025-11-27
SYN-00164,종결,2026-01-09
SYN-00164,결과_실패,2026-01-09
SYN-00165,제출,2026-06-15
SYN-00165,종결,2026-10-28
SYN-00165,결과_성공,2026-10-28
SYN-00166,제출,2025-11-19
SYN-00166,종결,2026-01-12
SYN-00166,결과_성공,2026-01-12
SYN-00167,제출,2026-06-16
SYN-00167,종결,2026-09-27
SYN-00167,결과_성공,2026-09-27
SYN-00168,제출,2026-06-19
SYN-00168,종결,2026-08-10
SYN-00168,결과_실패,2026-08-10
SYN-00169,제출,2026-03-25
SYN-00169,종결,2026-09-30
SYN-00169,결과_성공,2026-09-30
SYN-00169,결과_성공,2026-09-30
SYN-00170,제출,2026-01-15
SYN-00170,종결,2026-05-25
SYN-00170,결과_성공,2026-05-25
SYN-00171,제출,2026-02-22
SYN-00171,종결,2026-05-28
SYN-00171,결과_성공,2026-05-28
SYN-00172,제출,2025-11-23
SYN-00172,제출,2025-11-23
SYN-00172,종결,2026-03-18
SYN-00172,결과_성공,2026-03-18
SYN-00173,제출,2026-03-11
SYN-00173,종결,2026-06-18
SYN-00173,결과_성공,2026-06-18
SYN-00174,제출,2025-12-12
SYN-00174,종결,2026-06-16
SYN-00174,결과_성공,2026-06-16
SYN-00175,제출,2025-09-28
SYN-00175,종결,2025-12-19
SYN-00175,결과_성공,2025-12-19
SYN-00176,제출,2025-10-12
SYN-00176,종결,2026-04-26
SYN-00176,결과_성공,2026-04-26
SYN-00177,제출,2026-07-20
SYN-00178,제출,2026-05-28
SYN-00178,제출,2026-05-28
SYN-00178,종결,2026-10-01
SYN-00178,결과_성공,2026-10-01
SYN-00179,제출,2026-06-12
SYN-00179,종결,2026-11-16
SYN-00179,결과_성공,2026-11-16
SYN-00180,제출,2025-12-31
SYN-00180,종결,2026-05-16
SYN-00180,결과_성공,2026-05-16
SYN-00181,제출,2025-10-06
SYN-00181,종결,2025-12-02
SYN-00181,결과_성공,2025-12-02
SYN-00181,종결,2025-12-02
SYN-00182,제출,2026-02-17
SYN-00182,종결,2026-07-27
SYN-00182,결과_성공,2026-07-27
SYN-00183,제출,2025-10-17
SYN-00183,종결,2025-12-30
SYN-00183,결과_성공,2025-12-30
SYN-00184,제출,2026-01-27
SYN-00184,제출,2026-01-27
SYN-00184,종결,2026-03-20
SYN-00184,결과_성공,2026-03-20
SYN-00185,제출,2025-11-29
SYN-00185,종결,2026-03-03
SYN-00185,결과_실패,2026-03-03
SYN-00186,제출,2026-04-01
SYN-00186,종결,2026-09-10
SYN-00186,결과_성공,2026-09-10
SYN-00187,제출,2026-07-08
SYN-00187,종결,2026-12-19
SYN-00187,결과_성공,2026-12-19
SYN-00188,제출,2026-06-21
SYN-00188,종결,2026-09-26
SYN-00188,결과_성공,2026-09-26
SYN-00189,제출,2025-11-10
SYN-00189,종결,2025-12-19
SYN-00189,결과_성공,2025-12-19
SYN-00190,제출,2026-01-02
SYN-00190,종결,2026-02-12
SYN-00190,결과_실패,2026-02-12
SYN-00190,결과_실패,2026-02-12
SYN-00191,제출,2026-01-05
SYN-00191,종결,2026-06-08
SYN-00191,결과_실패,2026-06-08
SYN-00192,제출,2026-01-12
SYN-00192,종결,2026-07-11
SYN-00192,결과_실패,2026-07-11
SYN-00193,제출,2025-12-01
SYN-00193,종결,2026-03-05
SYN-00193,결과_실패,2026-03-05
SYN-00194,제출,2026-05-05
SYN-00194,종결,2026-08-21
SYN-00194,결과_성공,2026-08-21
SYN-00194,결과_성공,2026-08-21
SYN-00195,제출,2026-01-15
SYN-00195,종결,2026-07-31
SYN-00195,결과_성공,2026-07-31
SYN-00196,제출,2025-12-07
SYN-00196,종결,2026-01-16
SYN-00196,결과_성공,2026-01-16
SYN-00197,제출,2026-02-18
SYN-00197,종결,2026-06-04
SYN-00197,결과_실패,2026-06-04
SYN-00198,제출,2025-11-17
SYN-00198,종결,2026-03-08
SYN-00198,결과_성공,2026-03-08
SYN-00199,제출,2026-01-27
SYN-00199,종결,2026-04-14
SYN-00199,결과_성공,2026-04-14
SYN-00200,제출,2026-06-18
SYN-00200,종결,2026-07-18
SYN-00200,결과_성공,2026-07-18
SYN-00201,제출,2026-06-08
SYN-00201,종결,2026-10-24
SYN-00201,결과_성공,2026-10-24
SYN-00202,제출,2026-04-30
SYN-00202,종결,2026-07-20
SYN-00202,결과_성공,2026-07-20
SYN-00203,제출,2026-04-17
SYN-00203,종결,2026-06-25
SYN-00203,결과_성공,2026-06-25
SYN-00204,제출,2025-12-24
SYN-00204,종결,2026-03-20
SYN-00204,결과_성공,2026-03-20
SYN-00204,종결,2026-03-20
SYN-00205,제출,2025-10-04
SYN-00205,종결,2026-01-05
SYN-00205,결과_성공,2026-01-05
SYN-00206,제출,2026-06-12
SYN-00206,종결,2026-08-10
SYN-00206,결과_성공,2026-08-10
SYN-00207,제출,2026-04-12
SYN-00207,종결,2026-08-31
SYN-00207,결과_성공,2026-08-31
SYN-00208,제출,2026-07-19
SYN-00208,종결,2026-12-11
SYN-00208,결과_성공,2026-12-11
SYN-00209,제출,2026-07-18
SYN-00209,종결,2026-12-01
SYN-00209,결과_실패,2026-12-01
SYN-00210,제출,2026-06-17
SYN-00210,종결,2026-12-04
SYN-00210,결과_성공,2026-12-04
SYN-00211,제출,2026-06-07
SYN-00211,종결,2026-07-14
SYN-00211,결과_성공,2026-07-14
SYN-00212,제출,2026-08-12
SYN-00213,제출,2026-06-13
SYN-00213,종결,2026-08-11
SYN-00213,결과_실패,2026-08-11
SYN-00214,제출,2026-08-17
SYN-00215,제출,2025-09-22
SYN-00215,종결,2025-12-08
SYN-00215,결과_성공,2025-12-08
SYN-00216,제출,2026-07-03
SYN-00216,종결,2026-09-19
SYN-00216,결과_성공,2026-09-19
SYN-00217,제출,2026-03-31
SYN-00217,종결,2026-06-03
SYN-00217,결과_성공,2026-06-03
SYN-00218,제출,2026-03-30
SYN-00218,종결,2026-07-08
SYN-00218,결과_실패,2026-07-08
SYN-00219,제출,2026-05-29
SYN-00219,종결,2026-09-23
SYN-00219,결과_성공,2026-09-23
SYN-00220,제출,2026-03-19
SYN-00220,종결,2026-09-12
SYN-00220,결과_성공,2026-09-12
SYN-00221,제출,2025-12-13
SYN-00221,종결,2026-05-23
SYN-00221,결과_성공,2026-05-23
SYN-00222,제출,2026-08-24
SYN-00222,종결,2026-12-01
SYN-00222,결과_성공,2026-12-01
SYN-00223,제출,2026-07-16
SYN-00223,종결,2026-10-05
SYN-00223,결과_성공,2026-10-05
SYN-00223,종결,2026-10-05
SYN-00224,제출,2026-05-15
SYN-00224,종결,2026-08-28
SYN-00224,결과_성공,2026-08-28
SYN-00225,제출,2026-08-21
SYN-00226,제출,2026-03-15
SYN-00226,종결,2026-08-13
SYN-00226,결과_성공,2026-08-13
SYN-00227,제출,2026-03-18
SYN-00227,종결,2026-07-13
SYN-00227,결과_실패,2026-07-13
SYN-00227,종결,2026-07-13
SYN-00228,제출,2026-05-23
SYN-00228,종결,2026-08-29
SYN-00228,결과_성공,2026-08-29
SYN-00229,제출,2025-10-31
SYN-00229,종결,2025-12-09
SYN-00229,결과_성공,2025-12-09
SYN-00230,제출,2026-08-09
SYN-00230,종결,2026-12-04
SYN-00230,결과_실패,2026-12-04
SYN-00231,제출,2026-02-10
SYN-00231,종결,2026-05-12
SYN-00231,결과_성공,2026-05-12
SYN-00232,제출,2026-04-20
SYN-00232,종결,2026-07-25
SYN-00232,결과_성공,2026-07-25
SYN-00233,제출,2026-02-13
SYN-00233,종결,2026-05-16
SYN-00233,결과_성공,2026-05-16
SYN-00234,제출,2026-08-08
SYN-00235,제출,2025-10-03
SYN-00235,종결,2025-12-13
SYN-00235,결과_성공,2025-12-13
SYN-00236,제출,2026-03-19
SYN-00236,종결,2026-06-09
SYN-00236,결과_실패,2026-06-09
SYN-00237,제출,2025-09-06
SYN-00237,종결,2025-11-09
SYN-00237,결과_성공,2025-11-09
SYN-00238,제출,2026-06-18
SYN-00238,종결,2026-11-16
SYN-00238,결과_실패,2026-11-16
SYN-00239,제출,2025-10-09
SYN-00239,종결,2025-11-22
SYN-00239,결과_실패,2025-11-22
SYN-00240,제출,2025-12-14
SYN-00240,종결,2026-03-12
SYN-00240,결과_실패,2026-03-12
SYN-00241,제출,2026-01-25
SYN-00241,종결,2026-07-19
SYN-00241,결과_성공,2026-07-19
SYN-00242,제출,2026-02-13
SYN-00242,종결,2026-08-09
SYN-00242,결과_성공,2026-08-09
SYN-00243,제출,2026-06-06
SYN-00243,종결,2026-08-29
SYN-00243,결과_성공,2026-08-29
SYN-00244,제출,2026-05-17
SYN-00244,종결,2026-08-07
SYN-00244,결과_성공,2026-08-07
SYN-00245,제출,2025-11-02
SYN-00245,종결,2026-04-29
SYN-00245,결과_성공,2026-04-29
SYN-00245,결과_성공,2026-04-29
SYN-00246,제출,2026-01-10
SYN-00246,종결,2026-04-04
SYN-00246,결과_성공,2026-04-04
SYN-00247,제출,2026-08-01
SYN-00247,종결,2026-10-08
SYN-00247,결과_성공,2026-10-08
SYN-00248,제출,2025-09-26
SYN-00248,종결,2026-01-12
SYN-00248,결과_성공,2026-01-12
SYN-00249,제출,2025-10-01
SYN-00249,종결,2025-12-03
SYN-00249,결과_성공,2025-12-03
SYN-00250,제출,2026-05-02
SYN-00250,종결,2026-10-08
SYN-00250,결과_실패,2026-10-08
SYN-00251,제출,2025-12-02
SYN-00251,종결,2026-02-12
SYN-00251,결과_성공,2026-02-12
SYN-00252,제출,2026-01-27
SYN-00252,종결,2026-06-06
SYN-00252,결과_성공,2026-06-06
SYN-00252,종결,2026-06-06
SYN-00253,제출,2025-09-25
SYN-00253,종결,2026-02-27
SYN-00253,결과_성공,2026-02-27
SYN-00254,제출,2026-08-20
SYN-00254,종결,2026-11-28
SYN-00254,결과_성공,2026-11-28
SYN-00255,제출,2026-03-17
SYN-00255,종결,2026-09-18
SYN-00255,결과_성공,2026-09-18
SYN-00256,제출,2026-06-14
SYN-00256,종결,2026-10-29
SYN-00256,결과_성공,2026-10-29
SYN-00257,제출,2025-09-25
SYN-00257,종결,2025-11-30
SYN-00257,결과_성공,2025-11-30
SYN-00258,제출,2025-12-15
SYN-00258,종결,2026-06-08
SYN-00258,결과_성공,2026-06-08
SYN-00259,제출,2026-05-03
SYN-00259,종결,2026-08-17
SYN-00259,결과_성공,2026-08-17
SYN-00260,제출,2026-01-31
SYN-00260,종결,2026-04-17
SYN-00260,결과_실패,2026-04-17
SYN-00261,제출,2026-01-07
SYN-00261,종결,2026-05-23
SYN-00261,결과_성공,2026-05-23
SYN-00262,제출,2026-01-20
SYN-00262,종결,2026-05-18
SYN-00262,결과_성공,2026-05-18
SYN-00263,제출,2026-01-30
SYN-00263,종결,2026-05-01
SYN-00263,결과_성공,2026-05-01
SYN-00264,제출,2026-04-02
SYN-00264,종결,2026-05-11
SYN-00264,결과_성공,2026-05-11
SYN-00265,제출,2026-08-04
SYN-00265,종결,2026-09-13
SYN-00265,결과_실패,2026-09-13
SYN-00266,제출,2026-07-05
SYN-00266,종결,2026-09-20
SYN-00266,결과_성공,2026-09-20
SYN-00267,제출,2026-03-20
SYN-00267,종결,2026-09-03
SYN-00267,결과_성공,2026-09-03
SYN-00268,제출,2025-09-30
SYN-00268,종결,2026-02-04
SYN-00268,결과_실패,2026-02-04
SYN-00269,제출,2025-09-28
SYN-00269,종결,2025-11-21
SYN-00269,결과_성공,2025-11-21
SYN-00270,제출,2026-07-07
SYN-00270,종결,2026-12-27
SYN-00270,결과_성공,2026-12-27
SYN-00271,제출,2025-09-11
SYN-00271,종결,2026-03-19
SYN-00271,결과_성공,2026-03-19
SYN-00272,제출,2026-01-05
SYN-00272,종결,2026-03-08
SYN-00272,결과_성공,2026-03-08
SYN-00273,제출,2026-03-01
SYN-00273,종결,2026-09-02
SYN-00273,결과_실패,2026-09-02
SYN-00274,제출,2025-11-11
SYN-00274,종결,2025-12-17
SYN-00274,결과_실패,2025-12-17
SYN-00274,결과_실패,2025-12-17
SYN-00275,제출,2026-03-29
SYN-00275,종결,2026-09-09
SYN-00275,결과_실패,2026-09-09
SYN-00276,제출,2026-06-02
SYN-00276,종결,2026-07-08
SYN-00276,결과_성공,2026-07-08
SYN-00277,제출,2026-04-23
SYN-00277,종결,2026-06-06
SYN-00277,결과_성공,2026-06-06
SYN-00278,제출,2025-12-15
SYN-00278,종결,2026-06-01
SYN-00278,결과_성공,2026-06-01
SYN-00279,제출,2025-09-01
SYN-00279,종결,2026-02-13
SYN-00279,결과_성공,2026-02-13
SYN-00279,결과_성공,2026-02-13
SYN-00280,제출,2026-03-09
SYN-00280,종결,2026-05-12
SYN-00280,결과_실패,2026-05-12
SYN-00281,제출,2025-12-21
SYN-00281,종결,2026-06-08
SYN-00281,결과_성공,2026-06-08
SYN-00282,제출,2026-07-09
SYN-00282,종결,2026-10-17
SYN-00282,결과_성공,2026-10-17
SYN-00283,제출,2026-01-27
SYN-00283,종결,2026-05-26
SYN-00283,결과_실패,2026-05-26
SYN-00284,제출,2025-09-24
SYN-00284,종결,2026-04-11
SYN-00284,결과_성공,2026-04-11
SYN-00285,제출,2025-10-26
SYN-00285,종결,2025-12-30
SYN-00285,결과_성공,2025-12-30
SYN-00286,제출,2026-03-04
SYN-00286,종결,2026-06-08
SYN-00286,결과_성공,2026-06-08
SYN-00287,제출,2026-07-13
SYN-00287,종결,2026-10-13
SYN-00287,결과_실패,2026-10-13
SYN-00288,제출,2025-11-25
SYN-00288,종결,2026-05-25
SYN-00288,결과_성공,2026-05-25
SYN-00289,제출,2025-10-27
SYN-00289,종결,2026-01-27
SYN-00289,결과_성공,2026-01-27
SYN-00290,제출,2026-05-24
SYN-00290,종결,2026-10-17
SYN-00290,결과_성공,2026-10-17
SYN-00291,제출,2025-09-29
SYN-00291,종결,2025-11-26
SYN-00291,결과_성공,2025-11-26
SYN-00292,제출,2026-04-09
SYN-00292,제출,2026-04-09
SYN-00292,종결,2026-08-19
SYN-00292,결과_실패,2026-08-19
SYN-00293,제출,2026-04-28
SYN-00293,종결,2026-10-06
SYN-00293,결과_성공,2026-10-06
SYN-00294,제출,2026-02-08
SYN-00294,종결,2026-03-26
SYN-00294,결과_성공,2026-03-26
SYN-00295,제출,2025-12-17
SYN-00295,종결,2026-06-11
SYN-00295,결과_성공,2026-06-11
SYN-00296,제출,2026-03-28
SYN-00296,종결,2026-04-29
SYN-00296,결과_성공,2026-04-29
SYN-00297,제출,2025-12-31
SYN-00297,종결,2026-05-07
SYN-00297,결과_성공,2026-05-07
SYN-00298,제출,2025-10-26
SYN-00298,종결,2026-04-14
SYN-00298,결과_실패,2026-04-14
SYN-00299,제출,2026-04-01
SYN-00299,종결,2026-05-11
SYN-00299,결과_성공,2026-05-11
SYN-00300,제출,2026-02-27
SYN-00300,종결,2026-04-06
SYN-00300,결과_성공,2026-04-06
SYN-00301,제출,2026-01-13
SYN-00301,종결,2026-07-26
SYN-00301,결과_성공,2026-07-26
SYN-00302,제출,2026-01-05
SYN-00302,종결,2026-03-18
SYN-00302,결과_성공,2026-03-18
SYN-00303,제출,2026-08-11
SYN-00304,제출,2025-12-25
SYN-00304,종결,2026-04-16
SYN-00304,결과_성공,2026-04-16
SYN-00305,제출,2026-07-24
SYN-00306,제출,2025-12-17
SYN-00306,종결,2026-03-19
SYN-00306,결과_성공,2026-03-19
SYN-00307,제출,2026-03-27
SYN-00307,종결,2026-09-17
SYN-00307,결과_실패,2026-09-17
SYN-00308,제출,2026-06-05
SYN-00308,종결,2026-07-31
SYN-00308,결과_성공,2026-07-31
SYN-00309,제출,2026-03-20
SYN-00309,종결,2026-06-29
SYN-00309,결과_성공,2026-06-29
SYN-00310,제출,2026-07-27
SYN-00310,종결,2026-09-26
SYN-00310,결과_성공,2026-09-26
SYN-00311,제출,2026-06-12
SYN-00311,종결,2026-12-28
SYN-00311,결과_성공,2026-12-28
SYN-00312,제출,2025-11-22
SYN-00312,종결,2026-03-10
SYN-00312,결과_성공,2026-03-10
SYN-00313,제출,2025-11-20
SYN-00313,종결,2026-01-09
SYN-00313,결과_실패,2026-01-09
SYN-00314,제출,2026-01-26
SYN-00314,종결,2026-03-11
SYN-00314,결과_성공,2026-03-11
SYN-00315,제출,2026-03-07
SYN-00315,종결,2026-06-11
SYN-00315,결과_성공,2026-06-11
SYN-00316,제출,2025-12-05
SYN-00316,종결,2026-05-28
SYN-00316,결과_성공,2026-05-28
SYN-00317,제출,2026-05-27
SYN-00317,종결,2026-08-02
SYN-00317,결과_성공,2026-08-02
SYN-00318,제출,2025-12-17
SYN-00318,종결,2026-05-03
SYN-00318,결과_성공,2026-05-03
SYN-00319,제출,2026-08-19
SYN-00319,종결,2026-10-31
SYN-00319,결과_성공,2026-10-31
SYN-00320,제출,2026-02-12
SYN-00320,종결,2026-07-10
SYN-00320,결과_성공,2026-07-10
SYN-00321,제출,2026-05-02
SYN-00321,종결,2026-06-28
SYN-00321,결과_성공,2026-06-28
SYN-00322,제출,2026-01-24
SYN-00322,제출,2026-01-24
SYN-00322,종결,2026-05-06
SYN-00322,결과_실패,2026-05-06
SYN-00323,제출,2026-02-20
SYN-00323,종결,2026-08-05
SYN-00323,결과_성공,2026-08-05
SYN-00324,제출,2025-09-08
SYN-00324,종결,2025-11-19
SYN-00324,결과_실패,2025-11-19
SYN-00325,제출,2026-01-13
SYN-00325,종결,2026-05-20
SYN-00325,결과_성공,2026-05-20
SYN-00326,제출,2026-03-27
SYN-00326,종결,2026-08-28
SYN-00326,결과_성공,2026-08-28
SYN-00327,제출,2026-06-20
SYN-00327,종결,2026-09-15
SYN-00327,결과_성공,2026-09-15
SYN-00328,제출,2026-02-20
SYN-00328,종결,2026-07-18
SYN-00328,결과_성공,2026-07-18
SYN-00329,제출,2026-04-16
SYN-00329,종결,2026-06-21
SYN-00329,결과_성공,2026-06-21
SYN-00330,제출,2026-03-17
SYN-00330,종결,2026-09-06
SYN-00330,결과_성공,2026-09-06
SYN-00331,제출,2026-03-01
SYN-00331,종결,2026-08-10
SYN-00331,결과_성공,2026-08-10
SYN-00332,제출,2026-03-26
SYN-00332,종결,2026-09-26
SYN-00332,결과_성공,2026-09-26
SYN-00333,제출,2026-03-10
SYN-00333,종결,2026-06-13
SYN-00333,결과_성공,2026-06-13
SYN-00334,제출,2026-04-03
SYN-00334,종결,2026-09-27
SYN-00334,결과_성공,2026-09-27
SYN-00335,제출,2026-02-22
SYN-00335,종결,2026-05-30
SYN-00335,결과_실패,2026-05-30
SYN-00336,제출,2026-01-11
SYN-00336,종결,2026-05-18
SYN-00336,결과_성공,2026-05-18
SYN-00337,제출,2026-01-18
SYN-00337,종결,2026-02-23
SYN-00337,결과_성공,2026-02-23
SYN-00338,제출,2026-05-14
SYN-00338,종결,2026-07-23
SYN-00338,결과_성공,2026-07-23
SYN-00339,제출,2026-03-18
SYN-00339,종결,2026-08-12
SYN-00339,결과_성공,2026-08-12
SYN-00339,종결,2026-08-12
SYN-00340,제출,2026-08-04
SYN-00340,종결,2026-09-22
SYN-00340,결과_성공,2026-09-22
SYN-00341,제출,2026-06-23
SYN-00341,종결,2026-10-23
SYN-00341,결과_실패,2026-10-23
SYN-00342,제출,2026-05-12
SYN-00342,종결,2026-09-18
SYN-00342,결과_성공,2026-09-18
SYN-00343,제출,2025-10-29
SYN-00343,종결,2026-01-15
SYN-00343,결과_실패,2026-01-15
SYN-00344,제출,2026-06-16
SYN-00344,종결,2026-11-05
SYN-00344,결과_성공,2026-11-05
SYN-00345,제출,2026-04-12
SYN-00345,종결,2026-09-02
SYN-00345,결과_성공,2026-09-02
SYN-00346,제출,2025-09-01
SYN-00346,종결,2025-12-13
SYN-00346,결과_성공,2025-12-13
SYN-00347,제출,2025-11-06
SYN-00347,종결,2026-05-07
SYN-00347,결과_성공,2026-05-07
SYN-00348,제출,2026-03-13
SYN-00348,종결,2026-09-04
SYN-00348,결과_실패,2026-09-04
SYN-00349,제출,2026-02-13
SYN-00349,종결,2026-06-14
SYN-00349,결과_성공,2026-06-14
SYN-00350,제출,2026-05-25
SYN-00350,종결,2026-06-29
SYN-00350,결과_성공,2026-06-29
SYN-00351,제출,2026-04-26
SYN-00351,종결,2026-07-19
SYN-00351,결과_실패,2026-07-19
SYN-00352,제출,2026-06-21
SYN-00352,종결,2026-10-12
SYN-00352,결과_성공,2026-10-12
SYN-00353,제출,2026-06-23
SYN-00353,종결,2026-09-12
SYN-00353,결과_성공,2026-09-12
SYN-00354,제출,2025-12-24
SYN-00354,종결,2026-05-18
SYN-00354,결과_성공,2026-05-18
SYN-00355,제출,2026-08-04
SYN-00355,종결,2026-12-27
SYN-00355,결과_실패,2026-12-27
SYN-00356,제출,2025-10-13
SYN-00356,종결,2026-04-04
SYN-00356,결과_성공,2026-04-04
SYN-00357,제출,2025-11-01
SYN-00357,종결,2026-04-20
SYN-00357,결과_성공,2026-04-20
SYN-00358,제출,2026-07-17
SYN-00358,종결,2026-10-24
SYN-00358,결과_실패,2026-10-24
SYN-00359,제출,2026-08-01
SYN-00360,제출,2026-04-16
SYN-00360,종결,2026-08-04
SYN-00360,결과_성공,2026-08-04
SYN-00361,제출,2026-02-26
SYN-00361,종결,2026-09-11
SYN-00361,결과_성공,2026-09-11
SYN-00362,제출,2026-02-21
SYN-00362,종결,2026-08-03
SYN-00362,결과_실패,2026-08-03
SYN-00363,제출,2026-06-22
SYN-00363,종결,2026-07-27
SYN-00363,결과_성공,2026-07-27
SYN-00364,제출,2026-02-25
SYN-00364,종결,2026-04-12
SYN-00364,결과_성공,2026-04-12
SYN-00365,제출,2026-05-25
SYN-00365,종결,2026-09-12
SYN-00365,결과_성공,2026-09-12
SYN-00366,제출,2026-07-11
SYN-00366,종결,2026-08-19
SYN-00366,결과_성공,2026-08-19
SYN-00367,제출,2026-02-19
SYN-00367,제출,2026-02-19
SYN-00367,종결,2026-04-12
SYN-00367,결과_성공,2026-04-12
SYN-00368,제출,2026-04-01
SYN-00368,제출,2026-04-01
SYN-00368,종결,2026-09-26
SYN-00368,결과_성공,2026-09-26
SYN-00369,제출,2026-05-31
SYN-00369,종결,2026-11-18
SYN-00369,결과_성공,2026-11-18
SYN-00370,제출,2025-10-12
SYN-00370,제출,2025-10-12
SYN-00370,종결,2026-01-21
SYN-00370,결과_성공,2026-01-21
SYN-00371,제출,2025-10-23
SYN-00371,종결,2026-02-10
SYN-00371,결과_성공,2026-02-10
SYN-00372,제출,2025-09-10
SYN-00372,종결,2025-12-21
SYN-00372,결과_실패,2025-12-21
SYN-00373,제출,2026-03-06
SYN-00373,종결,2026-09-20
SYN-00373,결과_성공,2026-09-20
SYN-00374,제출,2025-11-28
SYN-00374,종결,2026-05-18
SYN-00374,결과_실패,2026-05-18
SYN-00375,제출,2026-06-12
SYN-00375,종결,2026-12-01
SYN-00375,결과_성공,2026-12-01
SYN-00376,제출,2026-02-05
SYN-00376,제출,2026-02-05
SYN-00376,종결,2026-07-18
SYN-00376,결과_성공,2026-07-18
SYN-00377,제출,2026-05-17
SYN-00377,종결,2026-07-24
SYN-00377,결과_성공,2026-07-24
SYN-00378,제출,2026-07-06
SYN-00378,종결,2026-11-07
SYN-00378,결과_성공,2026-11-07
SYN-00379,제출,2026-08-13
SYN-00380,제출,2025-10-04
SYN-00380,종결,2026-02-11
SYN-00380,결과_실패,2026-02-11
SYN-00381,제출,2025-10-31
SYN-00381,종결,2026-04-19
SYN-00381,결과_성공,2026-04-19
SYN-00382,제출,2025-11-30
SYN-00382,종결,2026-05-30
SYN-00382,결과_실패,2026-05-30
SYN-00383,제출,2026-01-27
SYN-00383,종결,2026-08-13
SYN-00383,결과_성공,2026-08-13
SYN-00384,제출,2025-11-03
SYN-00384,종결,2026-05-11
SYN-00384,결과_실패,2026-05-11
SYN-00385,제출,2026-06-26
SYN-00385,종결,2026-08-23
SYN-00385,결과_성공,2026-08-23
SYN-00386,제출,2026-07-12
SYN-00386,종결,2026-10-17
SYN-00386,결과_성공,2026-10-17
SYN-00387,제출,2026-08-26
SYN-00388,제출,2026-06-16
SYN-00388,종결,2026-12-16
SYN-00388,결과_성공,2026-12-16
SYN-00389,제출,2026-01-22
SYN-00389,종결,2026-07-18
SYN-00389,결과_성공,2026-07-18
SYN-00390,제출,2025-12-02
SYN-00390,종결,2026-02-17
SYN-00390,결과_실패,2026-02-17
SYN-00391,제출,2026-04-15
SYN-00391,제출,2026-04-15
SYN-00391,종결,2026-06-16
SYN-00391,결과_성공,2026-06-16
SYN-00391,결과_성공,2026-06-16
SYN-00392,제출,2025-09-30
SYN-00392,종결,2026-01-10
SYN-00392,결과_실패,2026-01-10
SYN-00393,제출,2026-05-04
SYN-00393,종결,2026-10-17
SYN-00393,결과_성공,2026-10-17
SYN-00394,제출,2026-05-09
SYN-00394,종결,2026-10-21
SYN-00394,결과_성공,2026-10-21
SYN-00395,제출,2026-04-17
SYN-00395,종결,2026-08-20
SYN-00395,결과_성공,2026-08-20
SYN-00396,제출,2026-06-17
SYN-00396,종결,2026-08-25
SYN-00396,결과_실패,2026-08-25
SYN-00396,종결,2026-08-25
SYN-00397,제출,2025-09-09
SYN-00397,종결,2026-01-09
SYN-00397,결과_성공,2026-01-09
SYN-00398,제출,2025-12-29
SYN-00398,종결,2026-04-21
SYN-00398,결과_성공,2026-04-21
SYN-00399,제출,2025-12-23
SYN-00399,종결,2026-04-03
SYN-00399,결과_성공,2026-04-03
SYN-00400,제출,2025-11-22
SYN-00400,종결,2026-05-18
SYN-00400,결과_성공,2026-05-18
SYN-00401,제출,2026-07-13
SYN-00401,종결,2026-09-14
SYN-00401,결과_실패,2026-09-14
SYN-00402,제출,2026-03-15
SYN-00402,종결,2026-08-12
SYN-00402,결과_성공,2026-08-12
SYN-00403,제출,2026-08-01
SYN-00403,종결,2026-11-13
SYN-00403,결과_성공,2026-11-13
SYN-00404,제출,2025-10-11
SYN-00404,종결,2026-03-03
SYN-00404,결과_성공,2026-03-03
SYN-00405,제출,2026-08-02
SYN-00405,제출,2026-08-02
SYN-00405,종결,2026-10-30
SYN-00405,결과_실패,2026-10-30
SYN-00406,제출,2026-03-15
SYN-00406,종결,2026-09-25
SYN-00406,결과_성공,2026-09-25
SYN-00407,제출,2026-01-13
SYN-00407,종결,2026-04-24
SYN-00407,결과_성공,2026-04-24
SYN-00408,제출,2026-03-31
SYN-00408,종결,2026-06-18
SYN-00408,결과_성공,2026-06-18
SYN-00409,제출,2025-12-04
SYN-00409,종결,2026-03-03
SYN-00409,결과_실패,2026-03-03
SYN-00410,제출,2025-09-10
SYN-00410,종결,2025-12-13
SYN-00410,결과_성공,2025-12-13
SYN-00410,결과_성공,2025-12-13
SYN-00411,제출,2025-10-26
SYN-00411,종결,2025-12-01
SYN-00411,결과_성공,2025-12-01
SYN-00412,제출,2026-01-13
SYN-00412,종결,2026-04-01
SYN-00412,결과_실패,2026-04-01
SYN-00413,제출,2026-08-14
SYN-00413,종결,2026-10-17
SYN-00413,결과_성공,2026-10-17
SYN-00414,제출,2025-12-13
SYN-00414,종결,2026-04-19
SYN-00414,결과_성공,2026-04-19
SYN-00414,종결,2026-04-19
SYN-00415,제출,2025-10-09
SYN-00415,종결,2026-03-09
SYN-00415,결과_성공,2026-03-09
SYN-00416,제출,2026-01-14
SYN-00416,종결,2026-06-27
SYN-00416,결과_성공,2026-06-27
SYN-00417,제출,2025-09-03
SYN-00417,종결,2025-10-28
SYN-00417,결과_성공,2025-10-28
SYN-00418,제출,2025-11-03
SYN-00418,종결,2026-01-09
SYN-00418,결과_성공,2026-01-09
SYN-00419,제출,2026-01-07
SYN-00419,종결,2026-04-20
SYN-00419,결과_성공,2026-04-20
SYN-00420,제출,2026-05-30
SYN-00420,종결,2026-08-10
SYN-00420,결과_성공,2026-08-10
SYN-00421,제출,2026-06-03
SYN-00421,종결,2026-08-16
SYN-00421,결과_실패,2026-08-16
SYN-00421,종결,2026-08-16
SYN-00422,제출,2025-11-21
SYN-00422,종결,2026-06-02
SYN-00422,결과_성공,2026-06-02
SYN-00423,제출,2025-12-10
SYN-00423,종결,2026-04-29
SYN-00423,결과_성공,2026-04-29
SYN-00424,제출,2025-11-03
SYN-00424,종결,2025-12-19
SYN-00424,결과_성공,2025-12-19
SYN-00425,제출,2026-06-27
SYN-00425,종결,2027-01-05
SYN-00425,결과_성공,2027-01-05
SYN-00426,제출,2026-07-26
SYN-00426,종결,2026-10-11
SYN-00426,결과_성공,2026-10-11
SYN-00427,제출,2026-05-02
SYN-00427,종결,2026-07-24
SYN-00427,결과_성공,2026-07-24
SYN-00428,제출,2026-07-10
SYN-00428,종결,2027-01-11
SYN-00428,결과_성공,2027-01-11
SYN-00429,제출,2025-09-10
SYN-00429,종결,2026-03-28
SYN-00429,결과_실패,2026-03-28
SYN-00430,제출,2025-11-18
SYN-00430,종결,2026-03-20
SYN-00430,결과_성공,2026-03-20
SYN-00431,제출,2025-11-21
SYN-00431,종결,2026-04-04
SYN-00431,결과_성공,2026-04-04
SYN-00432,제출,2026-02-15
SYN-00432,종결,2026-08-20
SYN-00432,결과_성공,2026-08-20
SYN-00432,종결,2026-08-20
SYN-00433,제출,2026-08-20
SYN-00433,종결,2026-10-11
SYN-00433,결과_실패,2026-10-11
SYN-00434,제출,2026-04-26
SYN-00434,종결,2026-09-03
SYN-00434,결과_실패,2026-09-03
SYN-00435,제출,2026-05-11
SYN-00435,종결,2026-11-16
SYN-00435,결과_성공,2026-11-16
SYN-00436,제출,2025-11-18
SYN-00436,종결,2026-01-08
SYN-00436,결과_성공,2026-01-08
SYN-00437,제출,2025-09-23
SYN-00437,종결,2026-03-21
SYN-00437,결과_성공,2026-03-21
SYN-00438,제출,2025-10-16
SYN-00438,종결,2025-11-24
SYN-00438,결과_성공,2025-11-24
SYN-00439,제출,2026-05-30
SYN-00439,종결,2026-10-12
SYN-00439,결과_실패,2026-10-12
SYN-00440,제출,2025-09-11
SYN-00440,종결,2025-10-22
SYN-00440,결과_성공,2025-10-22
SYN-00441,제출,2026-04-23
SYN-00441,종결,2026-06-26
SYN-00441,결과_성공,2026-06-26
SYN-00442,제출,2026-03-22
SYN-00442,종결,2026-06-24
SYN-00442,결과_성공,2026-06-24
SYN-00443,제출,2025-10-21
SYN-00443,종결,2026-01-15
SYN-00443,결과_성공,2026-01-15
SYN-00444,제출,2025-12-31
SYN-00444,종결,2026-05-08
SYN-00444,결과_성공,2026-05-08
SYN-00445,제출,2026-04-13
SYN-00445,종결,2026-09-13
SYN-00445,결과_성공,2026-09-13
SYN-00446,제출,2026-04-20
SYN-00446,종결,2026-08-15
SYN-00446,결과_성공,2026-08-15
SYN-00447,제출,2026-02-23
SYN-00447,종결,2026-06-14
SYN-00447,결과_성공,2026-06-14
SYN-00448,제출,2025-09-14
SYN-00448,종결,2025-11-16
SYN-00448,결과_실패,2025-11-16
SYN-00449,제출,2025-12-22
SYN-00449,종결,2026-03-13
SYN-00449,결과_성공,2026-03-13
SYN-00449,종결,2026-03-13
SYN-00450,제출,2026-03-25
SYN-00450,종결,2026-09-29
SYN-00450,결과_성공,2026-09-29
SYN-00451,제출,2026-07-17
SYN-00452,제출,2026-07-15
SYN-00452,종결,2026-12-10
SYN-00452,결과_성공,2026-12-10
SYN-00453,제출,2026-07-16
SYN-00453,제출,2026-07-16
SYN-00453,종결,2026-12-21
SYN-00453,결과_성공,2026-12-21
SYN-00454,제출,2026-08-05
SYN-00454,종결,2026-09-05
SYN-00454,결과_성공,2026-09-05
SYN-00455,제출,2025-12-29
SYN-00455,종결,2026-06-17
SYN-00455,결과_실패,2026-06-17
SYN-00456,제출,2025-11-23
SYN-00456,종결,2026-05-22
SYN-00456,결과_실패,2026-05-22
SYN-00457,제출,2025-12-05
SYN-00457,종결,2026-06-21
SYN-00457,결과_성공,2026-06-21
SYN-00458,제출,2026-01-14
SYN-00458,종결,2026-03-04
SYN-00458,결과_성공,2026-03-04
SYN-00459,제출,2025-10-18
SYN-00459,종결,2026-01-06
SYN-00459,결과_성공,2026-01-06
SYN-00460,제출,2026-07-25
SYN-00460,종결,2026-11-18
SYN-00460,결과_실패,2026-11-18
SYN-00461,제출,2025-09-07
SYN-00461,종결,2026-01-24
SYN-00461,결과_성공,2026-01-24
SYN-00462,제출,2026-01-26
SYN-00462,종결,2026-03-06
SYN-00462,결과_실패,2026-03-06
SYN-00463,제출,2025-10-21
SYN-00463,종결,2026-03-23
SYN-00463,결과_성공,2026-03-23
SYN-00464,제출,2026-06-25
SYN-00464,종결,2026-12-27
SYN-00464,결과_성공,2026-12-27
SYN-00465,제출,2025-09-08
SYN-00465,종결,2025-11-30
SYN-00465,결과_성공,2025-11-30
SYN-00466,제출,2026-08-26
SYN-00466,종결,2026-12-22
SYN-00466,결과_실패,2026-12-22
SYN-00467,제출,2025-11-11
SYN-00467,종결,2026-04-03
SYN-00467,결과_성공,2026-04-03
SYN-00468,제출,2026-07-25
SYN-00468,종결,2026-10-03
SYN-00468,결과_성공,2026-10-03
SYN-00469,제출,2026-04-12
SYN-00469,종결,2026-10-03
SYN-00469,결과_성공,2026-10-03
SYN-00470,제출,2026-07-14
SYN-00470,종결,2027-01-03
SYN-00470,결과_성공,2027-01-03
SYN-00471,제출,2026-02-04
SYN-00471,종결,2026-03-23
SYN-00471,결과_실패,2026-03-23
SYN-00472,제출,2026-01-20
SYN-00472,제출,2026-01-20
SYN-00472,종결,2026-03-30
SYN-00472,결과_성공,2026-03-30
SYN-00473,제출,2026-06-10
SYN-00473,종결,2026-08-20
SYN-00473,결과_성공,2026-08-20
SYN-00474,제출,2026-03-08
SYN-00474,종결,2026-06-22
SYN-00474,결과_성공,2026-06-22
SYN-00475,제출,2026-06-11
SYN-00475,종결,2026-09-26
SYN-00475,결과_성공,2026-09-26
SYN-00476,제출,2026-02-23
SYN-00476,종결,2026-06-04
SYN-00476,결과_성공,2026-06-04
SYN-00477,제출,2025-09-15
SYN-00477,종결,2026-01-19
SYN-00477,결과_성공,2026-01-19
SYN-00478,제출,2026-01-27
SYN-00478,종결,2026-06-26
SYN-00478,결과_성공,2026-06-26
SYN-00479,제출,2026-02-07
SYN-00479,종결,2026-07-03
SYN-00479,결과_성공,2026-07-03
SYN-00480,제출,2025-11-13
SYN-00480,종결,2026-04-01
SYN-00480,결과_성공,2026-04-01
SYN-00481,제출,2026-01-25
SYN-00481,종결,2026-03-18
SYN-00481,결과_성공,2026-03-18
SYN-00482,제출,2025-10-23
SYN-00482,종결,2026-05-07
SYN-00482,결과_성공,2026-05-07
SYN-00483,제출,2025-10-19
SYN-00483,종결,2026-02-02
SYN-00483,결과_성공,2026-02-02
SYN-00484,제출,2025-10-01
SYN-00484,종결,2025-12-28
SYN-00484,결과_성공,2025-12-28
SYN-00484,종결,2025-12-28
SYN-00485,제출,2026-07-27
SYN-00485,종결,2027-01-02
SYN-00485,결과_성공,2027-01-02
SYN-00486,제출,2026-03-19
SYN-00486,종결,2026-09-21
SYN-00486,결과_성공,2026-09-21
SYN-00487,제출,2026-03-02
SYN-00487,종결,2026-08-25
SYN-00487,결과_성공,2026-08-25
SYN-00488,제출,2025-11-01
SYN-00488,종결,2026-01-13
SYN-00488,결과_성공,2026-01-13
SYN-00489,제출,2026-05-01
SYN-00489,종결,2026-07-29
SYN-00489,결과_성공,2026-07-29
SYN-00490,제출,2025-10-14
SYN-00490,종결,2026-02-10
SYN-00490,결과_성공,2026-02-10
SYN-00490,결과_성공,2026-02-10
SYN-00491,제출,2025-09-23
SYN-00491,종결,2026-03-05
SYN-00491,결과_성공,2026-03-05
SYN-00492,제출,2026-08-25
SYN-00492,종결,2026-12-02
SYN-00492,결과_성공,2026-12-02
SYN-00493,제출,2025-12-01
SYN-00493,종결,2026-03-07
SYN-00493,결과_성공,2026-03-07
SYN-00494,제출,2025-12-08
SYN-00494,종결,2026-06-05
SYN-00494,결과_실패,2026-06-05
SYN-00495,제출,2025-12-16
SYN-00495,종결,2026-06-05
SYN-00495,결과_성공,2026-06-05
SYN-00496,제출,2026-04-09
SYN-00496,종결,2026-10-18
SYN-00496,결과_성공,2026-10-18
SYN-00497,제출,2026-02-17
SYN-00497,종결,2026-06-10
SYN-00497,결과_성공,2026-06-10
SYN-00498,제출,2026-03-25
SYN-00498,종결,2026-09-08
SYN-00498,결과_성공,2026-09-08
SYN-00499,제출,2026-02-04
SYN-00499,제출,2026-02-04
SYN-00499,종결,2026-04-13
SYN-00499,결과_실패,2026-04-13
SYN-00500,제출,2025-10-16
SYN-00500,종결,2025-12-19
SYN-00500,결과_성공,2025-12-19
SYN-00501,제출,2026-07-24
SYN-00501,종결,2026-10-25
SYN-00501,결과_성공,2026-10-25
SYN-00502,제출,2025-12-23
SYN-00502,종결,2026-05-23
SYN-00502,결과_성공,2026-05-23
SYN-00503,제출,2026-06-26
SYN-00503,종결,2027-01-02
SYN-00503,결과_성공,2027-01-02
SYN-00504,제출,2026-05-22
SYN-00504,종결,2026-10-21
SYN-00504,결과_성공,2026-10-21
SYN-00505,제출,2026-08-17
SYN-00505,종결,2026-12-17
SYN-00505,결과_성공,2026-12-17
SYN-00506,제출,2026-07-09
SYN-00506,종결,2026-12-06
SYN-00506,결과_실패,2026-12-06
SYN-00507,제출,2025-09-25
SYN-00507,종결,2025-11-23
SYN-00507,결과_실패,2025-11-23
SYN-00508,제출,2025-12-14
SYN-00508,종결,2026-05-01
SYN-00508,결과_성공,2026-05-01
SYN-00509,제출,2025-09-21
SYN-00509,종결,2025-11-16
SYN-00509,결과_성공,2025-11-16
SYN-00510,제출,2025-09-20
SYN-00510,종결,2026-02-04
SYN-00510,결과_실패,2026-02-04
SYN-00511,제출,2025-09-14
SYN-00511,제출,2025-09-14
SYN-00511,종결,2026-01-11
SYN-00511,결과_성공,2026-01-11
SYN-00512,제출,2025-10-19
SYN-00512,종결,2026-05-02
SYN-00512,결과_실패,2026-05-02
SYN-00513,제출,2026-01-21
SYN-00513,종결,2026-05-07
SYN-00513,결과_성공,2026-05-07
SYN-00514,제출,2026-01-12
SYN-00514,종결,2026-03-09
SYN-00514,결과_성공,2026-03-09
SYN-00515,제출,2026-03-28
SYN-00515,종결,2026-07-08
SYN-00515,결과_실패,2026-07-08
SYN-00515,종결,2026-07-08
SYN-00516,제출,2025-09-02
SYN-00516,종결,2025-11-15
SYN-00516,결과_실패,2025-11-15
SYN-00517,제출,2025-10-05
SYN-00517,종결,2026-03-28
SYN-00517,결과_성공,2026-03-28
SYN-00518,제출,2026-07-12
SYN-00519,제출,2026-02-27
SYN-00519,종결,2026-06-30
SYN-00519,결과_성공,2026-06-30
SYN-00520,제출,2026-08-08
SYN-00520,종결,2026-11-16
SYN-00520,결과_실패,2026-11-16
SYN-00521,제출,2026-01-08
SYN-00521,종결,2026-07-26
SYN-00521,결과_성공,2026-07-26
SYN-00522,제출,2026-07-16
SYN-00522,제출,2026-07-16
SYN-00522,종결,2026-10-03
SYN-00522,결과_성공,2026-10-03
SYN-00523,제출,2025-12-27
SYN-00523,종결,2026-04-21
SYN-00523,결과_성공,2026-04-21
SYN-00524,제출,2025-09-18
SYN-00524,종결,2025-12-10
SYN-00524,결과_성공,2025-12-10
SYN-00525,제출,2026-04-12
SYN-00525,종결,2026-08-15
SYN-00525,결과_성공,2026-08-15
SYN-00526,제출,2026-01-18
SYN-00526,종결,2026-07-11
SYN-00526,결과_성공,2026-07-11
SYN-00527,제출,2026-04-30
SYN-00527,종결,2026-11-03
SYN-00527,결과_실패,2026-11-03
SYN-00528,제출,2026-01-03
SYN-00528,종결,2026-04-13
SYN-00528,결과_성공,2026-04-13
SYN-00529,제출,2026-05-20
SYN-00529,종결,2026-08-22
SYN-00529,결과_성공,2026-08-22
SYN-00530,제출,2026-05-02
SYN-00530,종결,2026-11-10
SYN-00530,결과_실패,2026-11-10
SYN-00531,제출,2025-12-05
SYN-00531,종결,2026-04-12
SYN-00531,결과_성공,2026-04-12
SYN-00532,제출,2025-09-27
SYN-00532,종결,2026-02-17
SYN-00532,결과_성공,2026-02-17
SYN-00533,제출,2026-04-27
SYN-00533,종결,2026-06-25
SYN-00533,결과_실패,2026-06-25
SYN-00534,제출,2026-06-11
SYN-00534,종결,2026-08-22
SYN-00534,결과_실패,2026-08-22
SYN-00535,제출,2025-11-30
SYN-00535,종결,2026-03-09
SYN-00535,결과_실패,2026-03-09
SYN-00536,제출,2026-03-26
SYN-00536,종결,2026-09-04
SYN-00536,결과_성공,2026-09-04
SYN-00537,제출,2026-02-08
SYN-00537,종결,2026-07-09
SYN-00537,결과_성공,2026-07-09
SYN-00538,제출,2026-07-03
SYN-00538,종결,2026-12-24
SYN-00538,결과_성공,2026-12-24
SYN-00539,제출,2026-01-23
SYN-00539,종결,2026-07-11
SYN-00539,결과_성공,2026-07-11
SYN-00540,제출,2026-04-22
SYN-00540,종결,2026-06-20
SYN-00540,결과_성공,2026-06-20
SYN-00541,제출,2026-01-03
SYN-00541,종결,2026-03-13
SYN-00541,결과_성공,2026-03-13
SYN-00542,제출,2026-04-01
SYN-00542,종결,2026-07-31
SYN-00542,결과_성공,2026-07-31
SYN-00543,제출,2026-02-07
SYN-00543,종결,2026-07-14
SYN-00543,결과_성공,2026-07-14
SYN-00544,제출,2026-08-23
SYN-00545,제출,2026-03-31
SYN-00545,종결,2026-08-02
SYN-00545,결과_성공,2026-08-02
SYN-00546,제출,2025-10-02
SYN-00546,종결,2026-01-07
SYN-00546,결과_성공,2026-01-07
SYN-00547,제출,2026-04-12
SYN-00547,종결,2026-05-21
SYN-00547,결과_성공,2026-05-21
SYN-00548,제출,2026-08-13
SYN-00548,종결,2026-11-04
SYN-00548,결과_성공,2026-11-04
SYN-00549,제출,2025-09-23
SYN-00549,종결,2026-02-09
SYN-00549,결과_실패,2026-02-09
SYN-00550,제출,2026-03-22
SYN-00550,종결,2026-08-06
SYN-00550,결과_성공,2026-08-06
SYN-00551,제출,2026-06-10
SYN-00551,종결,2026-09-26
SYN-00551,결과_성공,2026-09-26
SYN-00552,제출,2025-10-03
SYN-00552,제출,2025-10-03
SYN-00552,종결,2026-02-25
SYN-00552,결과_성공,2026-02-25
SYN-00553,제출,2026-04-07
SYN-00553,종결,2026-05-13
SYN-00553,결과_성공,2026-05-13
SYN-00554,제출,2026-07-09
SYN-00554,종결,2026-11-08
SYN-00554,결과_성공,2026-11-08
SYN-00555,제출,2026-01-12
SYN-00555,종결,2026-02-25
SYN-00555,결과_성공,2026-02-25
SYN-00556,제출,2025-12-27
SYN-00556,종결,2026-03-10
SYN-00556,결과_성공,2026-03-10
SYN-00557,제출,2026-03-26
SYN-00557,종결,2026-06-27
SYN-00557,결과_실패,2026-06-27
SYN-00558,제출,2025-11-30
SYN-00558,종결,2026-06-02
SYN-00558,결과_성공,2026-06-02
SYN-00559,제출,2026-05-04
SYN-00559,종결,2026-10-18
SYN-00559,결과_성공,2026-10-18
SYN-00560,제출,2026-06-17
SYN-00560,종결,2026-08-11
SYN-00560,결과_성공,2026-08-11
SYN-00561,제출,2025-10-17
SYN-00561,종결,2026-03-09
SYN-00561,결과_성공,2026-03-09
SYN-00562,제출,2026-03-28
SYN-00562,종결,2026-06-06
SYN-00562,결과_성공,2026-06-06
SYN-00563,제출,2026-03-30
SYN-00563,종결,2026-06-12
SYN-00563,결과_실패,2026-06-12
SYN-00564,제출,2026-08-25
SYN-00564,제출,2026-08-25
SYN-00564,종결,2027-01-11
SYN-00564,결과_성공,2027-01-11
SYN-00565,제출,2026-06-25
SYN-00565,종결,2026-08-27
SYN-00565,결과_성공,2026-08-27
SYN-00566,제출,2026-01-27
SYN-00566,종결,2026-06-10
SYN-00566,결과_성공,2026-06-10
SYN-00567,제출,2026-07-14
SYN-00567,종결,2026-10-17
SYN-00567,결과_성공,2026-10-17
SYN-00568,제출,2026-02-02
SYN-00568,종결,2026-04-22
SYN-00568,결과_실패,2026-04-22
SYN-00569,제출,2026-03-27
SYN-00569,종결,2026-08-26
SYN-00569,결과_성공,2026-08-26
SYN-00570,제출,2026-02-16
SYN-00570,종결,2026-06-12
SYN-00570,결과_성공,2026-06-12
SYN-00571,제출,2026-05-20
SYN-00571,종결,2026-06-26
SYN-00571,결과_성공,2026-06-26
SYN-00572,제출,2026-02-17
SYN-00572,종결,2026-06-30
SYN-00572,결과_성공,2026-06-30
SYN-00573,제출,2026-01-31
SYN-00573,종결,2026-05-20
SYN-00573,결과_성공,2026-05-20
SYN-00573,종결,2026-05-20
SYN-00574,제출,2026-06-06
SYN-00574,제출,2026-06-06
SYN-00574,종결,2026-08-18
SYN-00574,결과_실패,2026-08-18
SYN-00575,제출,2026-05-01
SYN-00575,종결,2026-08-26
SYN-00575,결과_성공,2026-08-26
SYN-00576,제출,2026-02-01
SYN-00576,종결,2026-06-05
SYN-00576,결과_성공,2026-06-05
SYN-00576,결과_성공,2026-06-05
SYN-00577,제출,2025-10-22
SYN-00577,종결,2026-02-27
SYN-00577,결과_실패,2026-02-27
SYN-00578,제출,2026-01-18
SYN-00578,종결,2026-05-13
SYN-00578,결과_성공,2026-05-13
SYN-00579,제출,2026-01-06
SYN-00579,종결,2026-07-12
SYN-00579,결과_성공,2026-07-12
SYN-00580,제출,2025-12-14
SYN-00580,종결,2026-04-29
SYN-00580,결과_실패,2026-04-29
SYN-00581,제출,2025-12-20
SYN-00581,종결,2026-06-07
SYN-00581,결과_성공,2026-06-07
SYN-00582,제출,2026-08-16
SYN-00582,종결,2026-10-29
SYN-00582,결과_성공,2026-10-29
SYN-00583,제출,2025-12-19
SYN-00583,종결,2026-04-01
SYN-00583,결과_실패,2026-04-01
SYN-00584,제출,2026-06-02
SYN-00584,제출,2026-06-02
SYN-00584,종결,2026-11-11
SYN-00584,결과_성공,2026-11-11
SYN-00585,제출,2026-08-16
SYN-00585,종결,2026-12-02
SYN-00585,결과_성공,2026-12-02
SYN-00586,제출,2026-03-29
SYN-00586,종결,2026-07-25
SYN-00586,결과_성공,2026-07-25
SYN-00587,제출,2025-10-04
SYN-00587,종결,2026-03-28
SYN-00587,결과_실패,2026-03-28
SYN-00588,제출,2026-03-23
SYN-00588,종결,2026-08-08
SYN-00588,결과_성공,2026-08-08
SYN-00589,제출,2025-10-27
SYN-00589,종결,2026-05-14
SYN-00589,결과_성공,2026-05-14
SYN-00590,제출,2026-06-03
SYN-00590,종결,2026-08-02
SYN-00590,결과_성공,2026-08-02
SYN-00591,제출,2025-12-07
SYN-00591,종결,2026-06-09
SYN-00591,결과_성공,2026-06-09
SYN-00592,제출,2025-11-05
SYN-00592,종결,2026-05-19
SYN-00592,결과_성공,2026-05-19
SYN-00593,제출,2026-03-04
SYN-00593,종결,2026-08-15
SYN-00593,결과_성공,2026-08-15
SYN-00594,제출,2026-03-08
SYN-00594,종결,2026-05-06
SYN-00594,결과_성공,2026-05-06
SYN-00595,제출,2025-10-03
SYN-00595,종결,2026-02-18
SYN-00595,결과_실패,2026-02-18
SYN-00596,제출,2026-05-17
SYN-00596,종결,2026-11-19
SYN-00596,결과_실패,2026-11-19
SYN-00597,제출,2026-02-14
SYN-00597,종결,2026-08-09
SYN-00597,결과_성공,2026-08-09
SYN-00598,제출,2026-08-23
SYN-00598,종결,2026-10-26
SYN-00598,결과_성공,2026-10-26
SYN-00599,제출,2026-03-23
SYN-00599,종결,2026-06-01
SYN-00599,결과_성공,2026-06-01
SYN-00600,제출,2025-09-11
SYN-00600,종결,2025-11-01
SYN-00600,결과_성공,2025-11-01
SYN-00601,제출,2025-11-09
SYN-00601,종결,2025-12-31
SYN-00601,결과_성공,2025-12-31
SYN-00602,제출,2026-08-14
SYN-00602,종결,2026-11-28
SYN-00602,결과_성공,2026-11-28
SYN-00603,제출,2026-05-27
SYN-00603,종결,2026-10-07
SYN-00603,결과_성공,2026-10-07
SYN-00604,제출,2026-03-29
SYN-00604,종결,2026-10-08
SYN-00604,결과_성공,2026-10-08
SYN-00605,제출,2026-01-28
SYN-00605,종결,2026-08-03
SYN-00605,결과_실패,2026-08-03
SYN-00606,제출,2026-07-03
SYN-00606,종결,2027-01-09
SYN-00606,결과_성공,2027-01-09
SYN-00607,제출,2026-02-16
SYN-00607,종결,2026-07-19
SYN-00607,결과_성공,2026-07-19
SYN-00608,제출,2026-07-21
SYN-00608,종결,2026-12-09
SYN-00608,결과_성공,2026-12-09
SYN-00609,제출,2026-03-01
SYN-00609,종결,2026-05-17
SYN-00609,결과_성공,2026-05-17
SYN-00610,제출,2026-06-19
SYN-00610,종결,2026-10-21
SYN-00610,결과_성공,2026-10-21
SYN-00611,제출,2026-02-01
SYN-00611,종결,2026-08-09
SYN-00611,결과_실패,2026-08-09
SYN-00612,제출,2026-03-20
SYN-00612,종결,2026-06-26
SYN-00612,결과_성공,2026-06-26
SYN-00613,제출,2025-10-30
SYN-00613,종결,2026-02-13
SYN-00613,결과_성공,2026-02-13
SYN-00614,제출,2026-04-27
SYN-00614,종결,2026-06-03
SYN-00614,결과_성공,2026-06-03
SYN-00615,제출,2026-06-23
SYN-00615,종결,2026-10-07
SYN-00615,결과_성공,2026-10-07
SYN-00616,제출,2025-09-23
SYN-00616,종결,2026-01-04
SYN-00616,결과_성공,2026-01-04
SYN-00617,제출,2026-04-22
SYN-00617,종결,2026-10-12
SYN-00617,결과_성공,2026-10-12
SYN-00618,제출,2026-06-03
SYN-00618,종결,2026-07-11
SYN-00618,결과_성공,2026-07-11
SYN-00619,제출,2026-02-10
SYN-00619,제출,2026-02-10
SYN-00619,종결,2026-04-06
SYN-00619,결과_실패,2026-04-06
SYN-00620,제출,2026-06-24
SYN-00620,종결,2027-01-01
SYN-00620,결과_성공,2027-01-01
SYN-00621,제출,2026-08-25
SYN-00621,종결,2026-11-10
SYN-00621,결과_실패,2026-11-10
SYN-00622,제출,2025-11-12
SYN-00622,종결,2026-04-08
SYN-00622,결과_성공,2026-04-08
SYN-00623,제출,2025-09-30
SYN-00623,종결,2026-04-07
SYN-00623,결과_실패,2026-04-07
SYN-00623,종결,2026-04-07
SYN-00624,제출,2026-04-08
SYN-00624,종결,2026-08-18
SYN-00624,결과_성공,2026-08-18
SYN-00625,제출,2025-10-16
SYN-00625,종결,2026-04-23
SYN-00625,결과_성공,2026-04-23
SYN-00626,제출,2026-03-02
SYN-00626,종결,2026-08-19
SYN-00626,결과_성공,2026-08-19
SYN-00627,제출,2025-09-03
SYN-00627,종결,2026-03-19
SYN-00627,결과_성공,2026-03-19
SYN-00628,제출,2026-01-05
SYN-00628,종결,2026-06-11
SYN-00628,결과_성공,2026-06-11
SYN-00629,제출,2026-06-26
SYN-00629,종결,2026-12-23
SYN-00629,결과_성공,2026-12-23
SYN-00629,결과_성공,2026-12-23
SYN-00630,제출,2026-04-22
SYN-00630,종결,2026-08-31
SYN-00630,결과_성공,2026-08-31
SYN-00631,제출,2026-06-15
SYN-00631,종결,2026-11-28
SYN-00631,결과_성공,2026-11-28
SYN-00632,제출,2026-04-03
SYN-00632,종결,2026-10-19
SYN-00632,결과_성공,2026-10-19
SYN-00633,제출,2026-04-04
SYN-00633,종결,2026-06-29
SYN-00633,결과_성공,2026-06-29
SYN-00634,제출,2026-07-01
SYN-00635,제출,2026-07-01
SYN-00635,종결,2026-10-21
SYN-00635,결과_성공,2026-10-21
SYN-00636,제출,2026-08-18
SYN-00636,종결,2026-12-28
SYN-00636,결과_성공,2026-12-28
SYN-00637,제출,2026-05-17
SYN-00637,종결,2026-10-24
SYN-00637,결과_성공,2026-10-24
SYN-00638,제출,2026-04-28
SYN-00638,종결,2026-07-08
SYN-00638,결과_성공,2026-07-08
SYN-00639,제출,2025-09-08
SYN-00639,종결,2025-10-11
SYN-00639,결과_성공,2025-10-11
SYN-00640,제출,2026-03-26
SYN-00640,종결,2026-07-16
SYN-00640,결과_성공,2026-07-16
SYN-00641,제출,2026-02-24
SYN-00641,종결,2026-06-04
SYN-00641,결과_실패,2026-06-04
SYN-00642,제출,2026-05-26
SYN-00642,종결,2026-11-26
SYN-00642,결과_성공,2026-11-26
SYN-00643,제출,2025-12-04
SYN-00643,종결,2026-04-23
SYN-00643,결과_실패,2026-04-23
SYN-00644,제출,2025-10-01
SYN-00644,종결,2026-02-16
SYN-00644,결과_성공,2026-02-16
SYN-00645,제출,2026-03-22
SYN-00645,제출,2026-03-22
SYN-00645,종결,2026-08-02
SYN-00645,결과_성공,2026-08-02
SYN-00646,제출,2025-12-28
SYN-00646,종결,2026-06-29
SYN-00646,결과_실패,2026-06-29
SYN-00647,제출,2025-11-27
SYN-00647,종결,2026-05-30
SYN-00647,결과_실패,2026-05-30
SYN-00648,제출,2026-01-13
SYN-00648,종결,2026-04-14
SYN-00648,결과_성공,2026-04-14
SYN-00649,제출,2026-08-26
SYN-00649,종결,2026-10-15
SYN-00649,결과_성공,2026-10-15
SYN-00650,제출,2026-08-03
SYN-00650,종결,2026-09-05
SYN-00650,결과_성공,2026-09-05
SYN-00651,제출,2026-04-17
SYN-00651,종결,2026-10-01
SYN-00651,결과_실패,2026-10-01
SYN-00652,제출,2026-08-21
SYN-00652,종결,2027-01-05
SYN-00652,결과_성공,2027-01-05
SYN-00653,제출,2026-01-09
SYN-00653,종결,2026-07-16
SYN-00653,결과_성공,2026-07-16
SYN-00654,제출,2026-02-03
SYN-00654,종결,2026-06-02
SYN-00654,결과_성공,2026-06-02
SYN-00655,제출,2025-11-14
SYN-00655,종결,2026-03-07
SYN-00655,결과_실패,2026-03-07
SYN-00656,제출,2026-05-11
SYN-00656,제출,2026-05-11
SYN-00656,종결,2026-08-21
SYN-00656,결과_성공,2026-08-21
SYN-00657,제출,2026-06-03
SYN-00657,종결,2026-10-08
SYN-00657,결과_성공,2026-10-08
SYN-00658,제출,2026-03-17
SYN-00658,종결,2026-05-23
SYN-00658,결과_성공,2026-05-23
SYN-00659,제출,2026-01-11
SYN-00659,종결,2026-03-20
SYN-00659,결과_실패,2026-03-20
SYN-00660,제출,2026-01-11
SYN-00660,종결,2026-05-19
SYN-00660,결과_성공,2026-05-19
SYN-00661,제출,2026-02-19
SYN-00661,종결,2026-04-06
SYN-00661,결과_성공,2026-04-06
SYN-00662,제출,2026-04-19
SYN-00662,종결,2026-07-07
SYN-00662,결과_실패,2026-07-07
SYN-00663,제출,2026-05-11
SYN-00663,종결,2026-06-30
SYN-00663,결과_성공,2026-06-30
SYN-00664,제출,2025-11-02
SYN-00664,종결,2026-02-19
SYN-00664,결과_실패,2026-02-19
SYN-00665,제출,2025-09-30
SYN-00665,종결,2025-12-09
SYN-00665,결과_성공,2025-12-09
SYN-00666,제출,2026-01-22
SYN-00666,종결,2026-07-07
SYN-00666,결과_성공,2026-07-07
SYN-00667,제출,2026-06-14
SYN-00667,종결,2026-08-26
SYN-00667,결과_실패,2026-08-26
SYN-00668,제출,2026-03-19
SYN-00668,종결,2026-09-15
SYN-00668,결과_성공,2026-09-15
SYN-00669,제출,2026-03-15
SYN-00669,종결,2026-05-20
SYN-00669,결과_성공,2026-05-20
SYN-00670,제출,2025-12-31
SYN-00670,종결,2026-03-13
SYN-00670,결과_성공,2026-03-13
SYN-00671,제출,2026-03-30
SYN-00671,종결,2026-07-26
SYN-00671,결과_성공,2026-07-26
SYN-00672,제출,2026-01-29
SYN-00672,종결,2026-07-18
SYN-00672,결과_성공,2026-07-18
SYN-00673,제출,2025-09-30
SYN-00673,종결,2026-02-24
SYN-00673,결과_실패,2026-02-24
SYN-00674,제출,2026-07-12
SYN-00674,종결,2026-10-05
SYN-00674,결과_성공,2026-10-05
SYN-00675,제출,2026-06-01
SYN-00675,종결,2026-09-11
SYN-00675,결과_성공,2026-09-11
SYN-00676,제출,2026-02-15
SYN-00676,종결,2026-08-10
SYN-00676,결과_성공,2026-08-10
SYN-00677,제출,2026-02-21
SYN-00677,종결,2026-07-23
SYN-00677,결과_성공,2026-07-23
SYN-00677,종결,2026-07-23
SYN-00678,제출,2026-07-04
SYN-00678,종결,2026-10-10
SYN-00678,결과_성공,2026-10-10
SYN-00679,제출,2026-08-01
SYN-00679,종결,2026-09-06
SYN-00679,결과_성공,2026-09-06
SYN-00680,제출,2025-09-25
SYN-00680,종결,2025-11-01
SYN-00680,결과_성공,2025-11-01
SYN-00681,제출,2026-02-06
SYN-00681,종결,2026-08-11
SYN-00681,결과_성공,2026-08-11
SYN-00682,제출,2026-05-14
SYN-00682,종결,2026-10-24
SYN-00682,결과_성공,2026-10-24
SYN-00683,제출,2025-11-03
SYN-00683,종결,2026-03-12
SYN-00683,결과_성공,2026-03-12
SYN-00684,제출,2026-03-02
SYN-00684,종결,2026-06-01
SYN-00684,결과_실패,2026-06-01
SYN-00685,제출,2026-03-07
SYN-00685,종결,2026-07-18
SYN-00685,결과_성공,2026-07-18
SYN-00686,제출,2026-04-08
SYN-00686,종결,2026-09-01
SYN-00686,결과_실패,2026-09-01
SYN-00687,제출,2026-07-02
SYN-00687,종결,2026-08-09
SYN-00687,결과_성공,2026-08-09
SYN-00688,제출,2025-12-04
SYN-00688,종결,2026-04-12
SYN-00688,결과_성공,2026-04-12
SYN-00689,제출,2025-11-30
SYN-00689,종결,2026-02-16
SYN-00689,결과_성공,2026-02-16
SYN-00690,제출,2026-03-25
SYN-00690,종결,2026-08-20
SYN-00690,결과_실패,2026-08-20
SYN-00691,제출,2026-02-09
SYN-00691,종결,2026-08-16
SYN-00691,결과_성공,2026-08-16
SYN-00692,제출,2026-04-01
SYN-00692,종결,2026-07-05
SYN-00692,결과_성공,2026-07-05
SYN-00693,제출,2026-08-02
SYN-00693,종결,2026-12-01
SYN-00693,결과_성공,2026-12-01
SYN-00694,제출,2026-04-18
SYN-00694,종결,2026-10-07
SYN-00694,결과_성공,2026-10-07
SYN-00695,제출,2025-10-30
SYN-00695,종결,2026-04-14
SYN-00695,결과_성공,2026-04-14
SYN-00696,제출,2026-08-10
SYN-00696,종결,2026-09-21
SYN-00696,결과_실패,2026-09-21
SYN-00697,제출,2026-07-25
SYN-00697,종결,2026-11-04
SYN-00697,결과_성공,2026-11-04
SYN-00698,제출,2026-01-25
SYN-00698,종결,2026-03-20
SYN-00698,결과_성공,2026-03-20
SYN-00699,제출,2026-08-12
SYN-00699,종결,2026-11-09
SYN-00699,결과_성공,2026-11-09
SYN-00700,제출,2026-07-16
SYN-00701,제출,2026-04-15
SYN-00701,종결,2026-10-19
SYN-00701,결과_성공,2026-10-19
SYN-00702,제출,2026-03-04
SYN-00702,종결,2026-06-25
SYN-00702,결과_성공,2026-06-25
SYN-00703,제출,2026-07-28
SYN-00703,종결,2026-09-29
SYN-00703,결과_성공,2026-09-29
SYN-00704,제출,2026-06-25
SYN-00704,종결,2026-10-29
SYN-00704,결과_성공,2026-10-29
SYN-00704,결과_성공,2026-10-29
SYN-00705,제출,2026-01-02
SYN-00705,제출,2026-01-02
SYN-00705,종결,2026-05-31
SYN-00705,결과_성공,2026-05-31
SYN-00706,제출,2025-09-10
SYN-00706,종결,2026-01-22
SYN-00706,결과_성공,2026-01-22
SYN-00707,제출,2026-01-27
SYN-00707,제출,2026-01-27
SYN-00707,종결,2026-03-02
SYN-00707,결과_성공,2026-03-02
SYN-00708,제출,2026-04-15
SYN-00708,종결,2026-10-31
SYN-00708,결과_실패,2026-10-31
SYN-00709,제출,2026-03-30
SYN-00709,종결,2026-06-20
SYN-00709,결과_성공,2026-06-20
SYN-00710,제출,2025-12-17
SYN-00710,종결,2026-06-19
SYN-00710,결과_성공,2026-06-19
SYN-00711,제출,2026-08-21
SYN-00711,종결,2026-11-28
SYN-00711,결과_실패,2026-11-28
SYN-00712,제출,2025-12-16
SYN-00712,종결,2026-02-07
SYN-00712,결과_성공,2026-02-07
SYN-00713,제출,2025-09-23
SYN-00713,종결,2026-04-09
SYN-00713,결과_성공,2026-04-09
SYN-00713,종결,2026-04-09
SYN-00714,제출,2025-10-27
SYN-00714,종결,2026-05-02
SYN-00714,결과_성공,2026-05-02
SYN-00715,제출,2026-06-25
SYN-00715,종결,2026-07-29
SYN-00715,결과_성공,2026-07-29
SYN-00716,제출,2025-12-11
SYN-00716,종결,2026-06-15
SYN-00716,결과_성공,2026-06-15
SYN-00717,제출,2025-12-07
SYN-00717,종결,2026-04-26
SYN-00717,결과_실패,2026-04-26
SYN-00718,제출,2026-04-25
SYN-00718,종결,2026-10-08
SYN-00718,결과_성공,2026-10-08
SYN-00719,제출,2026-07-06
SYN-00719,종결,2026-10-17
SYN-00719,결과_성공,2026-10-17
SYN-00720,제출,2026-07-31
SYN-00720,종결,2026-10-17
SYN-00720,결과_성공,2026-10-17
SYN-00721,제출,2025-09-27
SYN-00721,종결,2026-03-14
SYN-00721,결과_성공,2026-03-14
SYN-00722,제출,2026-02-05
SYN-00722,종결,2026-06-24
SYN-00722,결과_성공,2026-06-24
SYN-00723,제출,2026-07-08
SYN-00723,종결,2027-01-14
SYN-00723,결과_성공,2027-01-14
SYN-00724,제출,2026-01-04
SYN-00724,종결,2026-04-24
SYN-00724,결과_성공,2026-04-24
SYN-00725,제출,2026-05-04
SYN-00725,종결,2026-08-08
SYN-00725,결과_실패,2026-08-08
SYN-00726,제출,2026-03-15
SYN-00726,종결,2026-05-04
SYN-00726,결과_성공,2026-05-04
SYN-00727,제출,2026-05-16
SYN-00727,종결,2026-11-06
SYN-00727,결과_성공,2026-11-06
SYN-00728,제출,2026-03-25
SYN-00728,종결,2026-07-23
SYN-00728,결과_성공,2026-07-23
SYN-00728,결과_성공,2026-07-23
SYN-00729,제출,2026-01-17
SYN-00729,종결,2026-03-20
SYN-00729,결과_실패,2026-03-20
SYN-00730,제출,2025-09-20
SYN-00730,종결,2026-04-03
SYN-00730,결과_성공,2026-04-03
SYN-00731,제출,2025-09-07
SYN-00731,종결,2025-12-06
SYN-00731,결과_성공,2025-12-06
SYN-00732,제출,2026-08-07
SYN-00733,제출,2025-09-20
SYN-00733,종결,2026-02-03
SYN-00733,결과_실패,2026-02-03
SYN-00734,제출,2026-03-11
SYN-00734,종결,2026-06-20
SYN-00734,결과_성공,2026-06-20
SYN-00735,제출,2025-11-13
SYN-00735,종결,2025-12-25
SYN-00735,결과_성공,2025-12-25
SYN-00736,제출,2026-02-01
SYN-00736,제출,2026-02-01
SYN-00736,종결,2026-03-15
SYN-00736,결과_실패,2026-03-15
SYN-00737,제출,2026-03-09
SYN-00737,종결,2026-06-19
SYN-00737,결과_실패,2026-06-19
SYN-00738,제출,2026-07-19
SYN-00738,종결,2026-08-27
SYN-00738,결과_성공,2026-08-27
SYN-00739,제출,2026-06-06
SYN-00739,종결,2026-12-12
SYN-00739,결과_성공,2026-12-12
SYN-00740,제출,2025-11-14
SYN-00740,종결,2026-04-08
SYN-00740,결과_성공,2026-04-08
SYN-00741,제출,2025-10-13
SYN-00741,종결,2026-01-25
SYN-00741,결과_성공,2026-01-25
SYN-00742,제출,2025-12-23
SYN-00742,종결,2026-03-29
SYN-00742,결과_성공,2026-03-29
SYN-00743,제출,2026-08-10
SYN-00743,종결,2026-10-21
SYN-00743,결과_실패,2026-10-21
SYN-00744,제출,2025-12-06
SYN-00744,제출,2025-12-06
SYN-00744,종결,2026-06-13
SYN-00744,결과_성공,2026-06-13
SYN-00745,제출,2025-09-22
SYN-00745,종결,2025-10-24
SYN-00745,결과_성공,2025-10-24
SYN-00746,제출,2025-10-20
SYN-00746,종결,2026-02-22
SYN-00746,결과_성공,2026-02-22
SYN-00747,제출,2025-11-11
SYN-00747,종결,2025-12-12
SYN-00747,결과_성공,2025-12-12
SYN-00748,제출,2025-10-17
SYN-00748,종결,2026-01-14
SYN-00748,결과_실패,2026-01-14
SYN-00749,제출,2025-11-29
SYN-00749,종결,2026-04-11
SYN-00749,결과_성공,2026-04-11
SYN-00750,제출,2026-06-10
SYN-00750,종결,2026-10-28
SYN-00750,결과_실패,2026-10-28
SYN-00751,제출,2026-04-21
SYN-00751,종결,2026-10-12
SYN-00751,결과_성공,2026-10-12
SYN-00752,제출,2026-03-15
SYN-00752,종결,2026-09-29
SYN-00752,결과_실패,2026-09-29
SYN-00753,제출,2026-04-01
SYN-00753,종결,2026-05-08
SYN-00753,결과_성공,2026-05-08
SYN-00754,제출,2026-03-17
SYN-00754,종결,2026-07-11
SYN-00754,결과_성공,2026-07-11
SYN-00755,제출,2026-04-10
SYN-00755,종결,2026-07-31
SYN-00755,결과_성공,2026-07-31
SYN-00755,종결,2026-07-31
SYN-00756,제출,2026-01-25
SYN-00756,종결,2026-06-22
SYN-00756,결과_성공,2026-06-22
SYN-00757,제출,2026-03-15
SYN-00757,종결,2026-04-19
SYN-00757,결과_성공,2026-04-19
SYN-00758,제출,2025-11-16
SYN-00758,종결,2025-12-31
SYN-00758,결과_성공,2025-12-31
SYN-00759,제출,2026-07-15
SYN-00759,종결,2026-11-21
SYN-00759,결과_성공,2026-11-21
SYN-00760,제출,2026-04-08
SYN-00760,종결,2026-09-22
SYN-00760,결과_성공,2026-09-22
SYN-00761,제출,2026-04-11
SYN-00761,종결,2026-09-07
SYN-00761,결과_성공,2026-09-07
SYN-00762,제출,2026-02-23
SYN-00762,종결,2026-04-14
SYN-00762,결과_성공,2026-04-14
SYN-00763,제출,2026-06-24
SYN-00763,제출,2026-06-24
SYN-00763,종결,2026-12-10
SYN-00763,결과_성공,2026-12-10
SYN-00764,제출,2026-05-31
SYN-00764,종결,2026-08-10
SYN-00764,결과_성공,2026-08-10
SYN-00765,제출,2026-05-17
SYN-00765,종결,2026-07-27
SYN-00765,결과_실패,2026-07-27
SYN-00766,제출,2026-03-13
SYN-00766,종결,2026-09-14
SYN-00766,결과_성공,2026-09-14
SYN-00767,제출,2026-06-26
SYN-00767,종결,2026-10-18
SYN-00767,결과_성공,2026-10-18
SYN-00768,제출,2026-03-01
SYN-00768,종결,2026-07-15
SYN-00768,결과_성공,2026-07-15
SYN-00769,제출,2026-05-18
SYN-00769,종결,2026-07-08
SYN-00769,결과_성공,2026-07-08
SYN-00769,종결,2026-07-08
SYN-00770,제출,2026-01-13
SYN-00770,종결,2026-04-18
SYN-00770,결과_성공,2026-04-18
SYN-00771,제출,2026-07-28
SYN-00771,종결,2026-11-24
SYN-00771,결과_성공,2026-11-24
SYN-00772,제출,2026-03-10
SYN-00772,종결,2026-09-19
SYN-00772,결과_성공,2026-09-19
SYN-00773,제출,2026-03-31
SYN-00773,종결,2026-06-29
SYN-00773,결과_성공,2026-06-29
SYN-00774,제출,2026-04-13
SYN-00774,종결,2026-10-05
SYN-00774,결과_실패,2026-10-05
SYN-00775,제출,2025-09-20
SYN-00775,종결,2025-12-26
SYN-00775,결과_실패,2025-12-26
SYN-00775,종결,2025-12-26
SYN-00776,제출,2026-06-22
SYN-00776,종결,2026-12-04
SYN-00776,결과_성공,2026-12-04
SYN-00777,제출,2025-12-30
SYN-00777,종결,2026-06-25
SYN-00777,결과_성공,2026-06-25
SYN-00778,제출,2026-04-11
SYN-00778,종결,2026-06-29
SYN-00778,결과_실패,2026-06-29
SYN-00779,제출,2026-08-06
SYN-00779,종결,2026-09-22
SYN-00779,결과_실패,2026-09-22
SYN-00780,제출,2026-03-28
SYN-00780,종결,2026-09-13
SYN-00780,결과_성공,2026-09-13
SYN-00781,제출,2026-01-29
SYN-00781,종결,2026-03-04
SYN-00781,결과_성공,2026-03-04
SYN-00782,제출,2026-04-19
SYN-00782,종결,2026-08-24
SYN-00782,결과_실패,2026-08-24
SYN-00783,제출,2026-06-08
SYN-00783,종결,2026-11-17
SYN-00783,결과_성공,2026-11-17
SYN-00784,제출,2025-12-16
SYN-00784,종결,2026-06-15
SYN-00784,결과_성공,2026-06-15
SYN-00785,제출,2026-05-12
SYN-00785,종결,2026-07-28
SYN-00785,결과_성공,2026-07-28
SYN-00786,제출,2026-07-05
SYN-00786,종결,2026-08-11
SYN-00786,결과_성공,2026-08-11
SYN-00787,제출,2026-04-15
SYN-00787,종결,2026-07-28
SYN-00787,결과_실패,2026-07-28
SYN-00788,제출,2026-03-21
SYN-00788,종결,2026-08-31
SYN-00788,결과_성공,2026-08-31
SYN-00789,제출,2026-03-01
SYN-00789,종결,2026-04-29
SYN-00789,결과_실패,2026-04-29
SYN-00790,제출,2025-09-09
SYN-00790,종결,2025-11-09
SYN-00790,결과_성공,2025-11-09
SYN-00791,제출,2026-08-21
SYN-00791,종결,2026-12-17
SYN-00791,결과_성공,2026-12-17
SYN-00792,제출,2025-10-10
SYN-00792,종결,2025-11-12
SYN-00792,결과_성공,2025-11-12
SYN-00793,제출,2026-06-17
SYN-00793,종결,2026-12-07
SYN-00793,결과_성공,2026-12-07
SYN-00793,종결,2026-12-07
SYN-00794,제출,2025-11-13
SYN-00794,종결,2026-05-06
SYN-00794,결과_성공,2026-05-06
SYN-00795,제출,2026-08-11
SYN-00796,제출,2025-12-08
SYN-00796,종결,2026-06-21
SYN-00796,결과_성공,2026-06-21
SYN-00797,제출,2026-03-04
SYN-00797,종결,2026-06-30
SYN-00797,결과_성공,2026-06-30
SYN-00798,제출,2026-02-08
SYN-00798,종결,2026-06-06
SYN-00798,결과_성공,2026-06-06
SYN-00799,제출,2026-01-23
SYN-00799,종결,2026-07-17
SYN-00799,결과_성공,2026-07-17
SYN-00800,제출,2026-06-05
SYN-00800,종결,2026-08-02
SYN-00800,결과_성공,2026-08-02
SYN-00801,제출,2025-12-22
SYN-00801,종결,2026-04-01
SYN-00801,결과_실패,2026-04-01
SYN-00802,제출,2025-09-21
SYN-00802,종결,2026-03-03
SYN-00802,결과_실패,2026-03-03
SYN-00803,제출,2026-03-02
SYN-00803,종결,2026-07-11
SYN-00803,결과_실패,2026-07-11
SYN-00804,제출,2025-10-16
SYN-00804,종결,2026-03-26
SYN-00804,결과_성공,2026-03-26
SYN-00805,제출,2026-07-28
SYN-00805,종결,2026-09-06
SYN-00805,결과_성공,2026-09-06
SYN-00806,제출,2026-05-10
SYN-00806,종결,2026-07-13
SYN-00806,결과_성공,2026-07-13
SYN-00807,제출,2025-11-25
SYN-00807,종결,2026-03-26
SYN-00807,결과_성공,2026-03-26
SYN-00808,제출,2025-10-30
SYN-00808,종결,2026-01-11
SYN-00808,결과_성공,2026-01-11
SYN-00809,제출,2025-12-16
SYN-00809,종결,2026-01-19
SYN-00809,결과_성공,2026-01-19
SYN-00810,제출,2026-03-16
SYN-00810,종결,2026-09-11
SYN-00810,결과_성공,2026-09-11
SYN-00811,제출,2026-08-02
SYN-00811,종결,2026-11-14
SYN-00811,결과_성공,2026-11-14
SYN-00812,제출,2026-02-25
SYN-00812,종결,2026-03-27
SYN-00812,결과_성공,2026-03-27
SYN-00813,제출,2025-12-08
SYN-00813,종결,2026-01-17
SYN-00813,결과_성공,2026-01-17
SYN-00814,제출,2026-05-15
SYN-00814,종결,2026-11-03
SYN-00814,결과_성공,2026-11-03
SYN-00815,제출,2025-11-07
SYN-00815,종결,2025-12-11
SYN-00815,결과_성공,2025-12-11
SYN-00816,제출,2025-11-30
SYN-00816,종결,2026-02-16
SYN-00816,결과_성공,2026-02-16
SYN-00817,제출,2026-07-25
SYN-00818,제출,2026-07-16
SYN-00818,종결,2026-08-15
SYN-00818,결과_성공,2026-08-15
SYN-00819,제출,2026-01-31
SYN-00819,종결,2026-05-04
SYN-00819,결과_성공,2026-05-04
SYN-00820,제출,2026-02-01
SYN-00820,종결,2026-03-10
SYN-00820,결과_실패,2026-03-10
SYN-00821,제출,2026-05-05
SYN-00821,제출,2026-05-05
SYN-00821,종결,2026-07-31
SYN-00821,결과_성공,2026-07-31
SYN-00822,제출,2025-09-26
SYN-00822,종결,2026-04-12
SYN-00822,결과_실패,2026-04-12
SYN-00823,제출,2026-05-18
SYN-00823,종결,2026-09-13
SYN-00823,결과_성공,2026-09-13
SYN-00824,제출,2026-02-10
SYN-00824,종결,2026-05-28
SYN-00824,결과_실패,2026-05-28
SYN-00825,제출,2026-06-26
SYN-00825,종결,2026-07-30
SYN-00825,결과_실패,2026-07-30
SYN-00826,제출,2025-11-02
SYN-00826,종결,2025-12-13
SYN-00826,결과_성공,2025-12-13
SYN-00826,종결,2025-12-13
SYN-00827,제출,2026-07-23
SYN-00827,종결,2026-09-21
SYN-00827,결과_실패,2026-09-21
SYN-00828,제출,2025-09-07
SYN-00828,종결,2025-10-24
SYN-00828,결과_성공,2025-10-24
SYN-00829,제출,2026-04-27
SYN-00829,종결,2026-08-13
SYN-00829,결과_성공,2026-08-13
SYN-00830,제출,2026-05-06
SYN-00830,종결,2026-09-17
SYN-00830,결과_성공,2026-09-17
SYN-00831,제출,2026-02-05
SYN-00831,종결,2026-06-11
SYN-00831,결과_성공,2026-06-11
SYN-00832,제출,2026-01-27
SYN-00832,종결,2026-04-15
SYN-00832,결과_성공,2026-04-15
SYN-00833,제출,2025-10-05
SYN-00833,종결,2026-02-21
SYN-00833,결과_성공,2026-02-21
SYN-00834,제출,2026-08-10
SYN-00834,종결,2026-09-23
SYN-00834,결과_실패,2026-09-23
SYN-00835,제출,2025-09-02
SYN-00835,종결,2026-01-10
SYN-00835,결과_성공,2026-01-10
SYN-00835,결과_성공,2026-01-10
SYN-00836,제출,2026-06-20
SYN-00836,종결,2026-12-11
SYN-00836,결과_성공,2026-12-11
SYN-00837,제출,2025-12-10
SYN-00837,종결,2026-04-01
SYN-00837,결과_성공,2026-04-01
SYN-00838,제출,2025-11-13
SYN-00838,종결,2026-01-16
SYN-00838,결과_성공,2026-01-16
SYN-00839,제출,2025-10-09
SYN-00839,종결,2026-02-03
SYN-00839,결과_성공,2026-02-03
SYN-00840,제출,2026-06-14
SYN-00840,제출,2026-06-14
SYN-00840,종결,2026-10-19
SYN-00840,결과_성공,2026-10-19
SYN-00841,제출,2025-11-17
SYN-00841,종결,2026-01-13
SYN-00841,결과_실패,2026-01-13
SYN-00842,제출,2026-04-23
SYN-00842,종결,2026-06-20
SYN-00842,결과_성공,2026-06-20
SYN-00843,제출,2025-09-24
SYN-00843,종결,2026-01-16
SYN-00843,결과_성공,2026-01-16
SYN-00844,제출,2025-11-13
SYN-00844,종결,2026-01-05
SYN-00844,결과_성공,2026-01-05
SYN-00845,제출,2026-06-03
SYN-00845,종결,2026-10-11
SYN-00845,결과_실패,2026-10-11
SYN-00846,제출,2026-07-01
SYN-00846,종결,2026-08-29
SYN-00846,결과_실패,2026-08-29
SYN-00847,제출,2026-02-21
SYN-00847,종결,2026-05-02
SYN-00847,결과_성공,2026-05-02
SYN-00848,제출,2026-05-10
SYN-00848,종결,2026-06-10
SYN-00848,결과_성공,2026-06-10
SYN-00849,제출,2025-11-29
SYN-00849,종결,2026-02-13
SYN-00849,결과_성공,2026-02-13
SYN-00850,제출,2026-08-21
SYN-00850,종결,2026-10-11
SYN-00850,결과_성공,2026-10-11
SYN-00851,제출,2026-08-11
SYN-00851,종결,2027-01-05
SYN-00851,결과_성공,2027-01-05
SYN-00852,제출,2026-07-18
SYN-00852,종결,2026-11-24
SYN-00852,결과_성공,2026-11-24
SYN-00853,제출,2025-11-13
SYN-00853,종결,2026-05-20
SYN-00853,결과_성공,2026-05-20
SYN-00854,제출,2025-09-27
SYN-00854,종결,2026-01-28
SYN-00854,결과_실패,2026-01-28
SYN-00855,제출,2025-12-26
SYN-00855,종결,2026-03-22
SYN-00855,결과_성공,2026-03-22
SYN-00856,제출,2025-09-03
SYN-00856,종결,2026-03-16
SYN-00856,결과_성공,2026-03-16
SYN-00857,제출,2026-06-07
SYN-00857,종결,2026-10-06
SYN-00857,결과_성공,2026-10-06
SYN-00858,제출,2025-11-08
SYN-00858,종결,2026-05-20
SYN-00858,결과_성공,2026-05-20
SYN-00859,제출,2026-03-21
SYN-00859,종결,2026-05-22
SYN-00859,결과_성공,2026-05-22
SYN-00860,제출,2025-11-05
SYN-00860,종결,2026-02-12
SYN-00860,결과_성공,2026-02-12
SYN-00861,제출,2025-09-03
SYN-00861,종결,2026-03-12
SYN-00861,결과_성공,2026-03-12
SYN-00862,제출,2026-05-27
SYN-00862,종결,2026-09-10
SYN-00862,결과_성공,2026-09-10
SYN-00863,제출,2026-01-13
SYN-00863,종결,2026-03-07
SYN-00863,결과_성공,2026-03-07
SYN-00864,제출,2026-04-20
SYN-00864,종결,2026-08-23
SYN-00864,결과_실패,2026-08-23
SYN-00865,제출,2025-12-04
SYN-00865,종결,2026-03-15
SYN-00865,결과_성공,2026-03-15
SYN-00866,제출,2026-04-14
SYN-00866,종결,2026-10-18
SYN-00866,결과_성공,2026-10-18
SYN-00867,제출,2026-05-26
SYN-00867,종결,2026-11-11
SYN-00867,결과_성공,2026-11-11
SYN-00868,제출,2026-06-04
SYN-00868,종결,2026-09-20
SYN-00868,결과_성공,2026-09-20
SYN-00869,제출,2026-03-16
SYN-00869,종결,2026-08-07
SYN-00869,결과_성공,2026-08-07
SYN-00870,제출,2025-10-25
SYN-00870,종결,2026-05-10
SYN-00870,결과_실패,2026-05-10
SYN-00871,제출,2026-02-09
SYN-00871,종결,2026-08-24
SYN-00871,결과_성공,2026-08-24
SYN-00872,제출,2025-09-10
SYN-00872,종결,2026-03-28
SYN-00872,결과_성공,2026-03-28
SYN-00873,제출,2026-08-15
SYN-00873,종결,2026-12-07
SYN-00873,결과_성공,2026-12-07
SYN-00874,제출,2026-04-24
SYN-00874,종결,2026-09-10
SYN-00874,결과_성공,2026-09-10
SYN-00875,제출,2026-03-07
SYN-00875,종결,2026-08-25
SYN-00875,결과_성공,2026-08-25
SYN-00876,제출,2026-01-01
SYN-00876,종결,2026-04-10
SYN-00876,결과_성공,2026-04-10
SYN-00877,제출,2025-09-10
SYN-00877,종결,2025-12-22
SYN-00877,결과_성공,2025-12-22
SYN-00878,제출,2025-10-08
SYN-00878,종결,2026-01-16
SYN-00878,결과_성공,2026-01-16
SYN-00879,제출,2025-10-24
SYN-00879,종결,2026-05-03
SYN-00879,결과_성공,2026-05-03
SYN-00880,제출,2026-01-25
SYN-00880,종결,2026-07-04
SYN-00880,결과_성공,2026-07-04
SYN-00881,제출,2026-02-02
SYN-00881,종결,2026-07-19
SYN-00881,결과_실패,2026-07-19
SYN-00882,제출,2026-07-26
SYN-00882,종결,2026-11-13
SYN-00882,결과_성공,2026-11-13
SYN-00883,제출,2026-02-15
SYN-00883,종결,2026-05-21
SYN-00883,결과_실패,2026-05-21
SYN-00884,제출,2026-01-04
SYN-00884,종결,2026-02-27
SYN-00884,결과_성공,2026-02-27
SYN-00885,제출,2026-01-09
SYN-00885,종결,2026-06-27
SYN-00885,결과_성공,2026-06-27
SYN-00886,제출,2025-10-11
SYN-00886,종결,2025-12-01
SYN-00886,결과_실패,2025-12-01
SYN-00887,제출,2026-01-16
SYN-00887,종결,2026-03-25
SYN-00887,결과_성공,2026-03-25
SYN-00888,제출,2025-09-04
SYN-00888,종결,2025-12-24
SYN-00888,결과_실패,2025-12-24
SYN-00889,제출,2026-04-01
SYN-00889,종결,2026-08-04
SYN-00889,결과_성공,2026-08-04
SYN-00890,제출,2026-07-22
SYN-00890,종결,2026-09-16
SYN-00890,결과_성공,2026-09-16
SYN-00891,제출,2026-01-15
SYN-00891,종결,2026-06-07
SYN-00891,결과_실패,2026-06-07
SYN-00892,제출,2026-05-18
SYN-00892,종결,2026-07-26
SYN-00892,결과_성공,2026-07-26
SYN-00893,제출,2025-10-05
SYN-00893,종결,2026-03-02
SYN-00893,결과_성공,2026-03-02
SYN-00894,제출,2026-05-07
SYN-00894,제출,2026-05-07
SYN-00894,종결,2026-09-14
SYN-00894,결과_성공,2026-09-14
SYN-00895,제출,2025-09-20
SYN-00895,종결,2026-02-13
SYN-00895,결과_성공,2026-02-13
SYN-00896,제출,2026-07-02
SYN-00896,종결,2026-10-26
SYN-00896,결과_성공,2026-10-26
SYN-00897,제출,2026-04-22
SYN-00897,종결,2026-10-09
SYN-00897,결과_성공,2026-10-09
SYN-00898,제출,2025-10-23
SYN-00898,종결,2026-03-17
SYN-00898,결과_성공,2026-03-17
SYN-00899,제출,2026-06-07
SYN-00899,종결,2026-10-29
SYN-00899,결과_성공,2026-10-29
SYN-00899,결과_성공,2026-10-29
SYN-00900,제출,2026-07-21
SYN-00901,제출,2026-03-29
SYN-00901,종결,2026-08-29
SYN-00901,결과_성공,2026-08-29
SYN-00901,종결,2026-08-29
SYN-00902,제출,2026-02-03
SYN-00902,종결,2026-08-11
SYN-00902,결과_성공,2026-08-11
SYN-00903,제출,2026-06-23
SYN-00903,종결,2026-12-03
SYN-00903,결과_성공,2026-12-03
SYN-00904,제출,2025-10-23
SYN-00904,종결,2026-03-01
SYN-00904,결과_성공,2026-03-01
SYN-00905,제출,2026-01-20
SYN-00905,종결,2026-05-01
SYN-00905,결과_성공,2026-05-01
SYN-00906,제출,2025-11-28
SYN-00906,종결,2026-03-12
SYN-00906,결과_성공,2026-03-12
SYN-00907,제출,2026-05-09
SYN-00907,종결,2026-08-25
SYN-00907,결과_성공,2026-08-25
SYN-00908,제출,2026-04-10
SYN-00908,제출,2026-04-10
SYN-00908,종결,2026-07-30
SYN-00908,결과_성공,2026-07-30
SYN-00909,제출,2026-05-16
SYN-00909,종결,2026-09-12
SYN-00909,결과_성공,2026-09-12
SYN-00910,제출,2025-10-27
SYN-00910,종결,2026-01-15
SYN-00910,결과_성공,2026-01-15
SYN-00910,종결,2026-01-15
SYN-00911,제출,2026-03-16
SYN-00911,종결,2026-04-23
SYN-00911,결과_성공,2026-04-23
SYN-00912,제출,2025-12-03
SYN-00912,종결,2026-01-16
SYN-00912,결과_성공,2026-01-16
SYN-00913,제출,2025-11-17
SYN-00913,종결,2026-04-16
SYN-00913,결과_실패,2026-04-16
SYN-00914,제출,2026-06-07
SYN-00914,종결,2026-08-30
SYN-00914,결과_성공,2026-08-30
SYN-00915,제출,2025-09-30
SYN-00915,종결,2026-02-22
SYN-00915,결과_성공,2026-02-22
SYN-00916,제출,2026-04-09
SYN-00916,종결,2026-06-18
SYN-00916,결과_성공,2026-06-18
SYN-00917,제출,2025-09-06
SYN-00917,종결,2026-02-01
SYN-00917,결과_성공,2026-02-01
SYN-00918,제출,2025-09-04
SYN-00918,종결,2026-01-07
SYN-00918,결과_성공,2026-01-07
SYN-00919,제출,2026-06-22
SYN-00919,종결,2026-09-30
SYN-00919,결과_성공,2026-09-30
SYN-00920,제출,2025-11-15
SYN-00920,종결,2026-02-24
SYN-00920,결과_성공,2026-02-24
SYN-00921,제출,2025-09-14
SYN-00921,종결,2026-03-29
SYN-00921,결과_성공,2026-03-29
SYN-00921,결과_성공,2026-03-29
SYN-00922,제출,2026-04-26
SYN-00922,종결,2026-09-05
SYN-00922,결과_성공,2026-09-05
SYN-00923,제출,2026-03-15
SYN-00923,종결,2026-05-27
SYN-00923,결과_성공,2026-05-27
SYN-00924,제출,2025-09-14
SYN-00924,종결,2026-02-19
SYN-00924,결과_성공,2026-02-19
SYN-00925,제출,2025-09-17
SYN-00925,종결,2026-01-28
SYN-00925,결과_성공,2026-01-28
SYN-00926,제출,2026-03-27
SYN-00926,종결,2026-05-26
SYN-00926,결과_성공,2026-05-26
SYN-00927,제출,2025-10-20
SYN-00927,종결,2026-04-24
SYN-00927,결과_성공,2026-04-24
SYN-00928,제출,2025-10-21
SYN-00928,종결,2026-01-25
SYN-00928,결과_성공,2026-01-25
SYN-00929,제출,2025-12-06
SYN-00929,종결,2026-02-12
SYN-00929,결과_성공,2026-02-12
SYN-00930,제출,2025-09-15
SYN-00930,종결,2025-11-22
SYN-00930,결과_성공,2025-11-22
SYN-00931,제출,2025-10-23
SYN-00931,종결,2026-03-02
SYN-00931,결과_성공,2026-03-02
SYN-00932,제출,2026-01-30
SYN-00932,종결,2026-05-04
SYN-00932,결과_성공,2026-05-04
SYN-00933,제출,2025-10-24
SYN-00933,종결,2026-01-06
SYN-00933,결과_성공,2026-01-06
SYN-00934,제출,2026-07-06
SYN-00934,종결,2026-11-09
SYN-00934,결과_성공,2026-11-09
SYN-00935,제출,2025-09-01
SYN-00935,종결,2026-02-04
SYN-00935,결과_성공,2026-02-04
SYN-00936,제출,2025-12-01
SYN-00936,종결,2026-06-03
SYN-00936,결과_성공,2026-06-03
SYN-00937,제출,2026-01-01
SYN-00937,종결,2026-03-13
SYN-00937,결과_성공,2026-03-13
SYN-00938,제출,2026-08-16
SYN-00938,종결,2026-12-27
SYN-00938,결과_실패,2026-12-27
SYN-00939,제출,2026-05-15
SYN-00939,종결,2026-10-23
SYN-00939,결과_성공,2026-10-23
SYN-00940,제출,2026-08-13
SYN-00940,종결,2026-10-30
SYN-00940,결과_실패,2026-10-30
SYN-00941,제출,2026-02-15
SYN-00941,종결,2026-03-30
SYN-00941,결과_성공,2026-03-30
SYN-00942,제출,2026-08-13
SYN-00942,종결,2026-11-03
SYN-00942,결과_성공,2026-11-03
SYN-00943,제출,2025-09-15
SYN-00943,종결,2026-02-09
SYN-00943,결과_성공,2026-02-09
SYN-00944,제출,2026-03-29
SYN-00944,종결,2026-10-12
SYN-00944,결과_성공,2026-10-12
SYN-00945,제출,2025-12-14
SYN-00945,종결,2026-05-27
SYN-00945,결과_성공,2026-05-27
SYN-00946,제출,2026-03-07
SYN-00946,종결,2026-08-04
SYN-00946,결과_실패,2026-08-04
SYN-00947,제출,2026-02-11
SYN-00947,종결,2026-08-24
SYN-00947,결과_성공,2026-08-24
SYN-00948,제출,2025-12-29
SYN-00948,종결,2026-06-16
SYN-00948,결과_실패,2026-06-16
SYN-00949,제출,2025-10-08
SYN-00949,종결,2025-11-09
SYN-00949,결과_성공,2025-11-09
SYN-00950,제출,2026-04-01
SYN-00950,종결,2026-09-27
SYN-00950,결과_성공,2026-09-27
SYN-00951,제출,2026-08-02
SYN-00951,종결,2026-09-20
SYN-00951,결과_성공,2026-09-20
SYN-00952,제출,2025-09-13
SYN-00952,종결,2026-02-14
SYN-00952,결과_성공,2026-02-14
SYN-00953,제출,2026-06-16
SYN-00953,종결,2026-08-06
SYN-00953,결과_성공,2026-08-06
SYN-00954,제출,2026-02-09
SYN-00954,종결,2026-06-12
SYN-00954,결과_성공,2026-06-12
SYN-00955,제출,2025-09-06
SYN-00955,종결,2026-01-12
SYN-00955,결과_성공,2026-01-12
SYN-00956,제출,2026-02-18
SYN-00956,종결,2026-04-03
SYN-00956,결과_성공,2026-04-03
SYN-00957,제출,2026-04-21
SYN-00957,종결,2026-10-05
SYN-00957,결과_성공,2026-10-05
SYN-00958,제출,2026-03-02
SYN-00958,종결,2026-04-12
SYN-00958,결과_실패,2026-04-12
SYN-00959,제출,2026-02-22
SYN-00959,종결,2026-04-02
SYN-00959,결과_성공,2026-04-02
SYN-00960,제출,2025-10-30
SYN-00960,종결,2026-03-28
SYN-00960,결과_성공,2026-03-28
SYN-00961,제출,2025-11-05
SYN-00961,종결,2026-04-02
SYN-00961,결과_성공,2026-04-02
SYN-00962,제출,2025-12-01
SYN-00962,종결,2026-02-09
SYN-00962,결과_성공,2026-02-09
SYN-00963,제출,2026-02-11
SYN-00963,종결,2026-08-27
SYN-00963,결과_성공,2026-08-27
SYN-00964,제출,2026-06-01
SYN-00964,종결,2026-08-21
SYN-00964,결과_성공,2026-08-21
SYN-00965,제출,2025-09-30
SYN-00965,종결,2025-11-28
SYN-00965,결과_성공,2025-11-28
SYN-00966,제출,2026-03-11
SYN-00966,종결,2026-09-05
SYN-00966,결과_실패,2026-09-05
SYN-00967,제출,2025-09-16
SYN-00967,종결,2025-11-08
SYN-00967,결과_성공,2025-11-08
SYN-00968,제출,2026-03-13
SYN-00968,종결,2026-07-04
SYN-00968,결과_성공,2026-07-04
SYN-00969,제출,2025-11-19
SYN-00969,종결,2026-04-01
SYN-00969,결과_성공,2026-04-01
SYN-00970,제출,2025-11-28
SYN-00970,종결,2026-02-16
SYN-00970,결과_성공,2026-02-16
SYN-00971,제출,2026-03-21
SYN-00971,종결,2026-07-29
SYN-00971,결과_성공,2026-07-29
SYN-00972,제출,2026-01-24
SYN-00972,종결,2026-07-24
SYN-00972,결과_성공,2026-07-24
SYN-00973,제출,2026-07-24
SYN-00974,제출,2026-05-31
SYN-00974,종결,2026-12-11
SYN-00974,결과_성공,2026-12-11
SYN-00975,제출,2025-09-13
SYN-00975,종결,2026-03-15
SYN-00975,결과_성공,2026-03-15
SYN-00976,제출,2026-02-18
SYN-00976,종결,2026-09-02
SYN-00976,결과_성공,2026-09-02
SYN-00977,제출,2026-07-04
SYN-00977,종결,2026-10-13
SYN-00977,결과_성공,2026-10-13
SYN-00978,제출,2026-02-27
SYN-00978,종결,2026-04-29
SYN-00978,결과_성공,2026-04-29
SYN-00978,종결,2026-04-29
SYN-00979,제출,2026-08-23
SYN-00979,제출,2026-08-23
SYN-00979,종결,2026-12-27
SYN-00979,결과_성공,2026-12-27
SYN-00980,제출,2025-11-21
SYN-00980,종결,2026-02-20
SYN-00980,결과_성공,2026-02-20
SYN-00981,제출,2026-02-15
SYN-00981,제출,2026-02-15
SYN-00981,종결,2026-03-22
SYN-00981,결과_성공,2026-03-22
SYN-00982,제출,2026-07-03
SYN-00982,종결,2026-08-10
SYN-00982,결과_성공,2026-08-10
SYN-00983,제출,2026-08-06
SYN-00984,제출,2026-03-24
SYN-00984,종결,2026-05-09
SYN-00984,결과_실패,2026-05-09
SYN-00985,제출,2026-06-25
SYN-00985,종결,2026-12-28
SYN-00985,결과_실패,2026-12-28
SYN-00986,제출,2025-09-25
SYN-00986,종결,2025-11-14
SYN-00986,결과_성공,2025-11-14
SYN-00986,종결,2025-11-14
SYN-00987,제출,2025-09-14
SYN-00987,종결,2025-12-11
SYN-00987,결과_성공,2025-12-11
SYN-00988,제출,2026-05-06
SYN-00988,종결,2026-10-17
SYN-00988,결과_성공,2026-10-17
SYN-00989,제출,2025-09-22
SYN-00989,종결,2026-01-19
SYN-00989,결과_성공,2026-01-19
SYN-00990,제출,2025-11-01
SYN-00990,종결,2026-05-07
SYN-00990,결과_성공,2026-05-07
SYN-00991,제출,2025-09-17
SYN-00991,종결,2026-03-10
SYN-00991,결과_성공,2026-03-10
SYN-00992,제출,2025-10-01
SYN-00992,종결,2026-02-05
SYN-00992,결과_성공,2026-02-05
SYN-00993,제출,2026-07-12
SYN-00993,종결,2026-10-21
SYN-00993,결과_성공,2026-10-21
SYN-00994,제출,2025-12-03
SYN-00994,종결,2026-01-15
SYN-00994,결과_성공,2026-01-15
SYN-00994,종결,2026-01-15
SYN-00995,제출,2025-12-30
SYN-00995,종결,2026-05-11
SYN-00995,결과_성공,2026-05-11
SYN-00996,제출,2026-02-01
SYN-00996,종결,2026-07-16
SYN-00996,결과_성공,2026-07-16
SYN-00997,제출,2025-11-17
SYN-00997,종결,2026-03-02
SYN-00997,결과_성공,2026-03-02
SYN-00998,제출,2026-07-25
SYN-00998,종결,2026-10-21
SYN-00998,결과_성공,2026-10-21
SYN-00999,제출,2026-05-18
SYN-00999,종결,2026-10-14
SYN-00999,결과_성공,2026-10-14
SYN-01000,제출,2026-07-16
SYN-01000,종결,2026-09-01
SYN-01000,결과_성공,2026-09-01
SYN-01001,제출,2025-10-16
SYN-01001,종결,2026-04-25
SYN-01001,결과_성공,2026-04-25
SYN-01002,제출,2026-01-13
SYN-01002,종결,2026-06-19
SYN-01002,결과_성공,2026-06-19
SYN-01003,제출,2026-08-13
SYN-01003,종결,2026-09-26
SYN-01003,결과_성공,2026-09-26
SYN-01004,제출,2026-05-29
SYN-01004,종결,2026-11-06
SYN-01004,결과_성공,2026-11-06
SYN-01005,제출,2026-07-24
SYN-01005,종결,2026-09-15
SYN-01005,결과_성공,2026-09-15
SYN-01006,제출,2025-11-01
SYN-01006,종결,2025-12-06
SYN-01006,결과_성공,2025-12-06
SYN-01007,제출,2025-09-03
SYN-01007,종결,2026-03-19
SYN-01007,결과_실패,2026-03-19
SYN-01008,제출,2025-10-05
SYN-01008,종결,2026-04-22
SYN-01008,결과_성공,2026-04-22
SYN-01009,제출,2026-04-04
SYN-01009,종결,2026-05-29
SYN-01009,결과_성공,2026-05-29
SYN-01010,제출,2026-05-07
SYN-01010,종결,2026-09-05
SYN-01010,결과_성공,2026-09-05
SYN-01011,제출,2026-05-21
SYN-01011,종결,2026-09-06
SYN-01011,결과_성공,2026-09-06
SYN-01012,제출,2025-10-16
SYN-01012,종결,2026-04-05
SYN-01012,결과_성공,2026-04-05
SYN-01013,제출,2026-01-13
SYN-01013,종결,2026-05-07
SYN-01013,결과_성공,2026-05-07
SYN-01014,제출,2026-01-07
SYN-01014,종결,2026-02-14
SYN-01014,결과_성공,2026-02-14
SYN-01014,종결,2026-02-14
SYN-01015,제출,2026-07-02
SYN-01015,종결,2026-11-08
SYN-01015,결과_성공,2026-11-08
SYN-01016,제출,2026-07-23
SYN-01016,종결,2026-09-04
SYN-01016,결과_성공,2026-09-04
SYN-01017,제출,2026-06-17
SYN-01017,종결,2026-08-06
SYN-01017,결과_성공,2026-08-06
SYN-01018,제출,2025-09-15
SYN-01018,종결,2026-01-03
SYN-01018,결과_성공,2026-01-03
SYN-01019,제출,2025-12-14
SYN-01019,종결,2026-02-07
SYN-01019,결과_성공,2026-02-07
SYN-01019,결과_성공,2026-02-07
SYN-01020,제출,2026-02-20
SYN-01020,종결,2026-05-23
SYN-01020,결과_성공,2026-05-23
SYN-01021,제출,2025-11-30
SYN-01021,종결,2026-05-26
SYN-01021,결과_성공,2026-05-26
SYN-01022,제출,2025-10-12
SYN-01022,종결,2025-12-17
SYN-01022,결과_성공,2025-12-17
SYN-01023,제출,2026-05-05
SYN-01023,종결,2026-07-16
SYN-01023,결과_성공,2026-07-16
SYN-01024,제출,2026-08-12
SYN-01024,종결,2026-09-21
SYN-01024,결과_성공,2026-09-21
SYN-01025,제출,2026-01-17
SYN-01025,종결,2026-05-08
SYN-01025,결과_성공,2026-05-08
SYN-01026,제출,2025-11-19
SYN-01026,종결,2026-01-08
SYN-01026,결과_성공,2026-01-08
SYN-01027,제출,2026-07-08
SYN-01027,종결,2026-09-24
SYN-01027,결과_성공,2026-09-24
SYN-01028,제출,2026-02-04
SYN-01028,종결,2026-06-10
SYN-01028,결과_성공,2026-06-10
SYN-01029,제출,2026-01-16
SYN-01029,종결,2026-07-17
SYN-01029,결과_성공,2026-07-17
SYN-01030,제출,2026-04-13
SYN-01030,제출,2026-04-13
SYN-01030,종결,2026-08-24
SYN-01030,결과_실패,2026-08-24
SYN-01031,제출,2026-05-14
SYN-01031,종결,2026-10-13
SYN-01031,결과_실패,2026-10-13
SYN-01032,제출,2026-03-05
SYN-01032,종결,2026-06-13
SYN-01032,결과_실패,2026-06-13
SYN-01033,제출,2026-05-25
SYN-01033,종결,2026-10-31
SYN-01033,결과_성공,2026-10-31
SYN-01034,제출,2026-02-18
SYN-01034,종결,2026-06-06
SYN-01034,결과_실패,2026-06-06
SYN-01035,제출,2026-01-11
SYN-01035,종결,2026-05-01
SYN-01035,결과_성공,2026-05-01
SYN-01036,제출,2026-06-05
SYN-01036,종결,2026-10-19
SYN-01036,결과_실패,2026-10-19
SYN-01037,제출,2025-10-10
SYN-01037,종결,2026-04-16
SYN-01037,결과_성공,2026-04-16
SYN-01038,제출,2025-10-05
SYN-01038,종결,2026-01-08
SYN-01038,결과_성공,2026-01-08
SYN-01039,제출,2026-05-27
SYN-01039,종결,2026-07-14
SYN-01039,결과_성공,2026-07-14
SYN-01040,제출,2026-06-26
SYN-01040,종결,2026-10-09
SYN-01040,결과_성공,2026-10-09
SYN-01041,제출,2025-11-03
SYN-01041,종결,2026-04-01
SYN-01041,결과_성공,2026-04-01
SYN-01042,제출,2026-03-28
SYN-01042,종결,2026-06-22
SYN-01042,결과_성공,2026-06-22
SYN-01043,제출,2026-03-17
SYN-01043,종결,2026-06-17
SYN-01043,결과_성공,2026-06-17
SYN-01044,제출,2026-01-15
SYN-01044,종결,2026-04-28
SYN-01044,결과_성공,2026-04-28
SYN-01045,제출,2025-10-20
SYN-01045,종결,2026-04-29
SYN-01045,결과_성공,2026-04-29
SYN-01046,제출,2025-09-08
SYN-01046,종결,2026-01-30
SYN-01046,결과_성공,2026-01-30
SYN-01046,결과_성공,2026-01-30
SYN-01047,제출,2025-11-14
SYN-01047,제출,2025-11-14
SYN-01047,종결,2026-04-13
SYN-01047,결과_성공,2026-04-13
SYN-01047,종결,2026-04-13
SYN-01048,제출,2026-04-29
SYN-01048,종결,2026-08-31
SYN-01048,결과_성공,2026-08-31
SYN-01049,제출,2025-09-14
SYN-01049,종결,2026-03-20
SYN-01049,결과_성공,2026-03-20
SYN-01050,제출,2025-10-12
SYN-01050,종결,2026-02-23
SYN-01050,결과_실패,2026-02-23
SYN-01051,제출,2026-03-09
SYN-01051,종결,2026-05-05
SYN-01051,결과_성공,2026-05-05
SYN-01052,제출,2025-10-31
SYN-01052,종결,2026-05-13
SYN-01052,결과_실패,2026-05-13
SYN-01053,제출,2025-10-24
SYN-01053,종결,2026-02-16
SYN-01053,결과_성공,2026-02-16
SYN-01054,제출,2025-09-02
SYN-01054,종결,2025-12-06
SYN-01054,결과_성공,2025-12-06
SYN-01055,제출,2025-09-15
SYN-01055,종결,2026-02-06
SYN-01055,결과_성공,2026-02-06
SYN-01056,제출,2026-05-10
SYN-01056,종결,2026-09-10
SYN-01056,결과_성공,2026-09-10
SYN-01057,제출,2025-11-29
SYN-01057,종결,2026-01-21
SYN-01057,결과_성공,2026-01-21
SYN-01058,제출,2025-11-01
SYN-01058,종결,2026-03-09
SYN-01058,결과_성공,2026-03-09
SYN-01059,제출,2026-01-14
SYN-01059,종결,2026-04-05
SYN-01059,결과_성공,2026-04-05
SYN-01060,제출,2026-04-15
SYN-01060,종결,2026-09-03
SYN-01060,결과_성공,2026-09-03
SYN-01061,제출,2026-04-20
SYN-01061,종결,2026-09-29
SYN-01061,결과_성공,2026-09-29
SYN-01062,제출,2026-01-28
SYN-01062,종결,2026-07-29
SYN-01062,결과_성공,2026-07-29
SYN-01063,제출,2026-01-13
SYN-01063,종결,2026-04-25
SYN-01063,결과_실패,2026-04-25
SYN-01064,제출,2025-10-16
SYN-01064,종결,2026-04-04
SYN-01064,결과_성공,2026-04-04
SYN-01065,제출,2026-07-16
SYN-01065,제출,2026-07-16
SYN-01065,종결,2026-09-23
SYN-01065,결과_성공,2026-09-23
SYN-01066,제출,2026-03-05
SYN-01066,종결,2026-08-07
SYN-01066,결과_실패,2026-08-07
SYN-01067,제출,2026-02-10
SYN-01067,종결,2026-08-03
SYN-01067,결과_성공,2026-08-03
SYN-01068,제출,2026-04-30
SYN-01068,종결,2026-09-10
SYN-01068,결과_성공,2026-09-10
SYN-01069,제출,2026-07-02
SYN-01069,종결,2026-08-08
SYN-01069,결과_성공,2026-08-08
SYN-01070,제출,2026-03-15
SYN-01070,종결,2026-05-15
SYN-01070,결과_실패,2026-05-15
SYN-01071,제출,2025-12-15
SYN-01071,종결,2026-03-16
SYN-01071,결과_성공,2026-03-16
SYN-01072,제출,2026-03-01
SYN-01072,종결,2026-04-30
SYN-01072,결과_실패,2026-04-30
SYN-01073,제출,2026-01-06
SYN-01073,종결,2026-07-10
SYN-01073,결과_성공,2026-07-10
SYN-01074,제출,2026-06-19
SYN-01074,종결,2026-09-02
SYN-01074,결과_성공,2026-09-02
SYN-01074,결과_성공,2026-09-02
SYN-01075,제출,2026-07-14
SYN-01075,종결,2026-12-26
SYN-01075,결과_성공,2026-12-26
SYN-01076,제출,2025-12-27
SYN-01076,종결,2026-04-25
SYN-01076,결과_성공,2026-04-25
SYN-01077,제출,2026-03-06
SYN-01077,종결,2026-08-28
SYN-01077,결과_성공,2026-08-28
SYN-01078,제출,2026-04-21
SYN-01078,종결,2026-09-28
SYN-01078,결과_성공,2026-09-28
SYN-01079,제출,2026-08-01
SYN-01079,종결,2026-10-19
SYN-01079,결과_성공,2026-10-19
SYN-01079,종결,2026-10-19
SYN-01080,제출,2025-10-06
SYN-01080,종결,2026-04-15
SYN-01080,결과_성공,2026-04-15
SYN-01081,제출,2026-01-29
SYN-01081,종결,2026-08-11
SYN-01081,결과_실패,2026-08-11
SYN-01081,결과_실패,2026-08-11
SYN-01082,제출,2025-12-17
SYN-01082,종결,2026-02-20
SYN-01082,결과_성공,2026-02-20
SYN-01083,제출,2026-07-01
SYN-01083,종결,2026-10-23
SYN-01083,결과_성공,2026-10-23
SYN-01084,제출,2025-10-29
SYN-01084,종결,2026-04-19
SYN-01084,결과_성공,2026-04-19
SYN-01085,제출,2026-06-04
SYN-01085,종결,2026-09-17
SYN-01085,결과_성공,2026-09-17
SYN-01086,제출,2025-12-25
SYN-01086,종결,2026-07-01
SYN-01086,결과_실패,2026-07-01
SYN-01087,제출,2026-02-28
SYN-01087,제출,2026-02-28
SYN-01087,종결,2026-07-02
SYN-01087,결과_성공,2026-07-02
SYN-01088,제출,2026-03-21
SYN-01088,종결,2026-08-18
SYN-01088,결과_실패,2026-08-18
SYN-01089,제출,2026-02-15
SYN-01089,종결,2026-05-24
SYN-01089,결과_성공,2026-05-24
SYN-01090,제출,2026-02-23
SYN-01090,종결,2026-06-04
SYN-01090,결과_성공,2026-06-04
SYN-01091,제출,2026-07-27
SYN-01091,종결,2026-09-28
SYN-01091,결과_성공,2026-09-28
SYN-01092,제출,2026-05-04
SYN-01092,종결,2026-09-01
SYN-01092,결과_성공,2026-09-01
SYN-01093,제출,2026-08-25
SYN-01093,종결,2026-10-20
SYN-01093,결과_성공,2026-10-20
SYN-01094,제출,2026-07-12
SYN-01094,종결,2026-09-10
SYN-01094,결과_실패,2026-09-10
SYN-01095,제출,2026-03-05
SYN-01095,종결,2026-05-04
SYN-01095,결과_성공,2026-05-04
SYN-01096,제출,2026-02-18
SYN-01096,종결,2026-08-31
SYN-01096,결과_성공,2026-08-31
SYN-01097,제출,2026-05-05
SYN-01097,종결,2026-11-18
SYN-01097,결과_성공,2026-11-18
SYN-01098,제출,2026-08-03
SYN-01098,종결,2026-09-29
SYN-01098,결과_성공,2026-09-29
SYN-01099,제출,2026-07-14
SYN-01099,종결,2026-08-28
SYN-01099,결과_성공,2026-08-28
SYN-01100,제출,2026-06-27
SYN-01100,종결,2026-08-13
SYN-01100,결과_성공,2026-08-13
SYN-01101,제출,2025-10-08
SYN-01101,종결,2025-11-24
SYN-01101,결과_성공,2025-11-24
SYN-01102,제출,2026-06-26
SYN-01102,종결,2026-11-22
SYN-01102,결과_성공,2026-11-22
SYN-01103,제출,2026-07-29
SYN-01103,종결,2026-12-03
SYN-01103,결과_성공,2026-12-03
SYN-01103,결과_성공,2026-12-03
SYN-01104,제출,2026-05-08
SYN-01104,종결,2026-07-10
SYN-01104,결과_성공,2026-07-10
SYN-01105,제출,2025-10-13
SYN-01105,종결,2026-03-29
SYN-01105,결과_실패,2026-03-29
SYN-01106,제출,2026-05-20
SYN-01106,종결,2026-09-22
SYN-01106,결과_실패,2026-09-22
SYN-01107,제출,2025-11-24
SYN-01107,종결,2026-02-13
SYN-01107,결과_성공,2026-02-13
SYN-01108,제출,2026-06-22
SYN-01108,종결,2027-01-07
SYN-01108,결과_성공,2027-01-07
SYN-01109,제출,2026-02-11
SYN-01109,종결,2026-03-29
SYN-01109,결과_실패,2026-03-29
SYN-01110,제출,2025-12-04
SYN-01110,종결,2026-02-08
SYN-01110,결과_성공,2026-02-08
SYN-01111,제출,2026-04-27
SYN-01111,종결,2026-06-25
SYN-01111,결과_성공,2026-06-25
SYN-01112,제출,2026-03-15
SYN-01112,종결,2026-09-05
SYN-01112,결과_성공,2026-09-05
SYN-01113,제출,2025-11-25
SYN-01113,종결,2026-05-31
SYN-01113,결과_성공,2026-05-31
SYN-01114,제출,2026-02-24
SYN-01114,종결,2026-08-10
SYN-01114,결과_성공,2026-08-10
SYN-01114,결과_성공,2026-08-10
SYN-01115,제출,2026-04-07
SYN-01115,종결,2026-08-30
SYN-01115,결과_성공,2026-08-30
SYN-01116,제출,2026-08-24
SYN-01116,종결,2027-01-09
SYN-01116,결과_실패,2027-01-09
SYN-01117,제출,2025-10-02
SYN-01117,종결,2026-02-26
SYN-01117,결과_성공,2026-02-26
SYN-01118,제출,2025-09-27
SYN-01118,종결,2026-01-11
SYN-01118,결과_성공,2026-01-11
SYN-01119,제출,2026-01-10
SYN-01119,종결,2026-06-26
SYN-01119,결과_성공,2026-06-26
SYN-01120,제출,2026-02-16
SYN-01120,종결,2026-03-20
SYN-01120,결과_실패,2026-03-20
SYN-01121,제출,2026-07-19
SYN-01121,종결,2026-11-09
SYN-01121,결과_성공,2026-11-09
SYN-01122,제출,2026-01-24
SYN-01122,종결,2026-03-19
SYN-01122,결과_성공,2026-03-19
SYN-01123,제출,2026-05-29
SYN-01123,종결,2026-07-20
SYN-01123,결과_성공,2026-07-20
SYN-01124,제출,2026-03-22
SYN-01124,종결,2026-06-14
SYN-01124,결과_실패,2026-06-14
SYN-01125,제출,2026-04-05
SYN-01125,종결,2026-09-27
SYN-01125,결과_성공,2026-09-27
SYN-01126,제출,2026-05-08
SYN-01126,종결,2026-11-06
SYN-01126,결과_성공,2026-11-06
SYN-01127,제출,2026-06-21
SYN-01127,종결,2026-10-12
SYN-01127,결과_성공,2026-10-12
SYN-01128,제출,2026-04-02
SYN-01128,종결,2026-06-24
SYN-01128,결과_성공,2026-06-24
SYN-01129,제출,2026-01-25
SYN-01129,종결,2026-05-09
SYN-01129,결과_실패,2026-05-09
SYN-01130,제출,2025-09-26
SYN-01130,종결,2026-03-20
SYN-01130,결과_실패,2026-03-20
SYN-01130,종결,2026-03-20
SYN-01131,제출,2026-03-20
SYN-01131,종결,2026-06-01
SYN-01131,결과_실패,2026-06-01
SYN-01132,제출,2026-04-24
SYN-01132,종결,2026-10-21
SYN-01132,결과_성공,2026-10-21
SYN-01133,제출,2026-04-21
SYN-01133,종결,2026-10-25
SYN-01133,결과_성공,2026-10-25
SYN-01134,제출,2026-01-05
SYN-01134,종결,2026-05-26
SYN-01134,결과_실패,2026-05-26
SYN-01135,제출,2026-04-23
SYN-01135,종결,2026-09-03
SYN-01135,결과_성공,2026-09-03
SYN-01135,종결,2026-09-03
SYN-01136,제출,2026-05-25
SYN-01136,종결,2026-07-09
SYN-01136,결과_성공,2026-07-09
SYN-01137,제출,2025-09-06
SYN-01137,종결,2025-11-16
SYN-01137,결과_성공,2025-11-16
SYN-01138,제출,2025-11-01
SYN-01138,종결,2025-12-11
SYN-01138,결과_실패,2025-12-11
SYN-01139,제출,2025-10-21
SYN-01139,종결,2026-03-01
SYN-01139,결과_성공,2026-03-01
SYN-01140,제출,2026-02-13
SYN-01140,종결,2026-08-15
SYN-01140,결과_성공,2026-08-15
SYN-01141,제출,2025-12-30
SYN-01141,종결,2026-04-02
SYN-01141,결과_실패,2026-04-02
SYN-01142,제출,2026-06-07
SYN-01142,종결,2026-10-25
SYN-01142,결과_실패,2026-10-25
SYN-01143,제출,2026-05-24
SYN-01143,종결,2026-07-11
SYN-01143,결과_성공,2026-07-11
SYN-01144,제출,2026-07-20
SYN-01144,종결,2026-12-08
SYN-01144,결과_성공,2026-12-08
SYN-01145,제출,2026-02-22
SYN-01145,종결,2026-06-01
SYN-01145,결과_성공,2026-06-01
SYN-01146,제출,2026-04-11
SYN-01146,종결,2026-10-15
SYN-01146,결과_성공,2026-10-15
SYN-01147,제출,2026-05-09
SYN-01147,종결,2026-06-20
SYN-01147,결과_성공,2026-06-20
SYN-01148,제출,2025-11-04
SYN-01148,종결,2026-03-19
SYN-01148,결과_성공,2026-03-19
SYN-01149,제출,2026-03-08
SYN-01149,종결,2026-07-25
SYN-01149,결과_성공,2026-07-25
SYN-01150,제출,2025-10-18
SYN-01150,종결,2025-12-23
SYN-01150,결과_성공,2025-12-23
SYN-01151,제출,2025-10-12
SYN-01151,종결,2026-01-17
SYN-01151,결과_성공,2026-01-17
SYN-01152,제출,2026-08-01
SYN-01152,종결,2026-09-15
SYN-01152,결과_성공,2026-09-15
SYN-01153,제출,2026-05-04
SYN-01153,종결,2026-07-13
SYN-01153,결과_성공,2026-07-13
SYN-01154,제출,2026-07-21
SYN-01155,제출,2026-01-15
SYN-01155,종결,2026-03-11
SYN-01155,결과_실패,2026-03-11
SYN-01156,제출,2026-03-25
SYN-01156,종결,2026-07-18
SYN-01156,결과_성공,2026-07-18
SYN-01157,제출,2026-07-18
SYN-01157,종결,2026-10-21
SYN-01157,결과_실패,2026-10-21
SYN-01158,제출,2026-08-24
SYN-01159,제출,2026-01-31
SYN-01159,제출,2026-01-31
SYN-01159,종결,2026-05-29
SYN-01159,결과_성공,2026-05-29
SYN-01160,제출,2026-04-25
SYN-01160,종결,2026-09-15
SYN-01160,결과_성공,2026-09-15
SYN-01161,제출,2026-06-16
SYN-01161,종결,2026-09-23
SYN-01161,결과_성공,2026-09-23
SYN-01162,제출,2025-11-11
SYN-01162,종결,2026-04-17
SYN-01162,결과_실패,2026-04-17
SYN-01163,제출,2026-03-21
SYN-01163,종결,2026-06-19
SYN-01163,결과_실패,2026-06-19
SYN-01164,제출,2025-12-03
SYN-01164,종결,2026-02-22
SYN-01164,결과_실패,2026-02-22
SYN-01165,제출,2025-10-28
SYN-01165,종결,2026-01-05
SYN-01165,결과_성공,2026-01-05
SYN-01166,제출,2025-09-28
SYN-01166,종결,2026-04-03
SYN-01166,결과_성공,2026-04-03
SYN-01167,제출,2025-11-13
SYN-01167,종결,2025-12-14
SYN-01167,결과_성공,2025-12-14
SYN-01168,제출,2025-09-22
SYN-01168,종결,2026-04-03
SYN-01168,결과_성공,2026-04-03
SYN-01169,제출,2025-11-13
SYN-01169,종결,2026-04-24
SYN-01169,결과_성공,2026-04-24
SYN-01170,제출,2026-05-15
SYN-01170,종결,2026-08-15
SYN-01170,결과_성공,2026-08-15
SYN-01171,제출,2026-05-10
SYN-01171,종결,2026-09-18
SYN-01171,결과_성공,2026-09-18
SYN-01172,제출,2026-04-07
SYN-01172,종결,2026-08-21
SYN-01172,결과_성공,2026-08-21
SYN-01173,제출,2026-03-14
SYN-01173,종결,2026-08-22
SYN-01173,결과_성공,2026-08-22
SYN-01174,제출,2025-09-05
SYN-01174,종결,2026-01-16
SYN-01174,결과_실패,2026-01-16
SYN-01175,제출,2026-05-11
SYN-01175,종결,2026-06-17
SYN-01175,결과_성공,2026-06-17
SYN-01176,제출,2026-02-14
SYN-01176,종결,2026-06-15
SYN-01176,결과_실패,2026-06-15
SYN-01177,제출,2025-12-13
SYN-01177,종결,2026-04-06
SYN-01177,결과_실패,2026-04-06
SYN-01178,제출,2026-03-17
SYN-01178,종결,2026-09-08
SYN-01178,결과_성공,2026-09-08
SYN-01179,제출,2025-12-24
SYN-01179,종결,2026-02-26
SYN-01179,결과_성공,2026-02-26
SYN-01180,제출,2026-07-06
SYN-01180,종결,2026-11-13
SYN-01180,결과_성공,2026-11-13
SYN-01181,제출,2025-11-16
SYN-01181,종결,2026-05-28
SYN-01181,결과_성공,2026-05-28
SYN-01182,제출,2025-10-14
SYN-01182,종결,2026-03-16
SYN-01182,결과_실패,2026-03-16
SYN-01183,제출,2026-07-03
SYN-01183,종결,2026-10-21
SYN-01183,결과_성공,2026-10-21
SYN-01184,제출,2025-09-15
SYN-01184,종결,2025-12-12
SYN-01184,결과_성공,2025-12-12
SYN-01185,제출,2025-10-03
SYN-01185,종결,2026-01-09
SYN-01185,결과_실패,2026-01-09
SYN-01186,제출,2026-03-17
SYN-01186,종결,2026-09-10
SYN-01186,결과_성공,2026-09-10
SYN-01187,제출,2025-10-30
SYN-01187,종결,2025-12-17
SYN-01187,결과_성공,2025-12-17
SYN-01188,제출,2026-03-16
SYN-01188,종결,2026-05-10
SYN-01188,결과_실패,2026-05-10
SYN-01189,제출,2025-12-17
SYN-01189,종결,2026-03-06
SYN-01189,결과_성공,2026-03-06
SYN-01190,제출,2025-11-26
SYN-01190,제출,2025-11-26
SYN-01190,종결,2026-06-01
SYN-01190,결과_성공,2026-06-01
SYN-01191,제출,2026-03-27
SYN-01191,종결,2026-05-09
SYN-01191,결과_성공,2026-05-09
SYN-01192,제출,2026-05-07
SYN-01192,종결,2026-09-02
SYN-01192,결과_성공,2026-09-02
SYN-01192,종결,2026-09-02
SYN-01193,제출,2026-05-14
SYN-01193,종결,2026-08-04
SYN-01193,결과_실패,2026-08-04
SYN-01194,제출,2026-05-06
SYN-01194,종결,2026-10-23
SYN-01194,결과_성공,2026-10-23
SYN-01195,제출,2026-02-19
SYN-01195,종결,2026-05-11
SYN-01195,결과_실패,2026-05-11
SYN-01196,제출,2026-05-06
SYN-01196,종결,2026-06-27
SYN-01196,결과_성공,2026-06-27
SYN-01197,제출,2026-08-16
SYN-01197,종결,2026-10-20
SYN-01197,결과_성공,2026-10-20
SYN-01198,제출,2025-09-05
SYN-01198,종결,2026-02-06
SYN-01198,결과_성공,2026-02-06
SYN-01199,제출,2026-07-25
SYN-01199,종결,2026-12-02
SYN-01199,결과_성공,2026-12-02
SYN-01200,제출,2025-11-25
SYN-01200,종결,2026-04-15
SYN-01200,결과_성공,2026-04-15
SYN-01201,제출,2026-01-25
SYN-01201,종결,2026-07-08
SYN-01201,결과_성공,2026-07-08
SYN-01202,제출,2025-12-15
SYN-01202,종결,2026-06-09
SYN-01202,결과_실패,2026-06-09
SYN-01203,제출,2026-03-29
SYN-01203,종결,2026-06-03
SYN-01203,결과_실패,2026-06-03
SYN-01204,제출,2026-03-28
SYN-01204,종결,2026-08-03
SYN-01204,결과_성공,2026-08-03
SYN-01205,제출,2026-02-05
SYN-01205,종결,2026-08-03
SYN-01205,결과_성공,2026-08-03
SYN-01206,제출,2026-02-24
SYN-01206,종결,2026-05-02
SYN-01206,결과_실패,2026-05-02
SYN-01207,제출,2026-01-10
SYN-01207,종결,2026-06-05
SYN-01207,결과_성공,2026-06-05
SYN-01208,제출,2025-12-14
SYN-01208,종결,2026-02-20
SYN-01208,결과_성공,2026-02-20
SYN-01209,제출,2025-10-04
SYN-01209,종결,2026-04-20
SYN-01209,결과_성공,2026-04-20
SYN-01210,제출,2025-12-28
SYN-01210,종결,2026-02-01
SYN-01210,결과_성공,2026-02-01
SYN-01211,제출,2026-05-14
SYN-01211,종결,2026-11-12
SYN-01211,결과_성공,2026-11-12
SYN-01212,제출,2026-06-06
SYN-01212,종결,2026-11-24
SYN-01212,결과_성공,2026-11-24
SYN-01213,제출,2025-10-17
SYN-01213,종결,2026-04-01
SYN-01213,결과_성공,2026-04-01
SYN-01214,제출,2026-07-31
SYN-01215,제출,2026-03-30
SYN-01215,종결,2026-05-30
SYN-01215,결과_성공,2026-05-30
SYN-01216,제출,2026-04-12
SYN-01216,종결,2026-09-29
SYN-01216,결과_실패,2026-09-29
SYN-01217,제출,2026-05-06
SYN-01217,제출,2026-05-06
SYN-01217,종결,2026-07-22
SYN-01217,결과_성공,2026-07-22
SYN-01218,제출,2026-01-26
SYN-01218,종결,2026-03-12
SYN-01218,결과_성공,2026-03-12
SYN-01219,제출,2026-01-31
SYN-01219,종결,2026-04-06
SYN-01219,결과_실패,2026-04-06
SYN-01220,제출,2026-02-03
SYN-01220,종결,2026-05-13
SYN-01220,결과_성공,2026-05-13
SYN-01221,제출,2026-02-21
SYN-01221,종결,2026-03-31
SYN-01221,결과_성공,2026-03-31
SYN-01222,제출,2026-04-03
SYN-01222,종결,2026-09-02
SYN-01222,결과_실패,2026-09-02
SYN-01223,제출,2026-04-24
SYN-01223,종결,2026-07-17
SYN-01223,결과_실패,2026-07-17
SYN-01224,제출,2026-06-04
SYN-01224,종결,2026-08-08
SYN-01224,결과_성공,2026-08-08
SYN-01225,제출,2025-11-11
SYN-01225,종결,2026-03-21
SYN-01225,결과_성공,2026-03-21
SYN-01226,제출,2025-09-12
SYN-01226,종결,2026-01-07
SYN-01226,결과_실패,2026-01-07
SYN-01227,제출,2025-09-17
SYN-01227,종결,2026-03-31
SYN-01227,결과_성공,2026-03-31
SYN-01228,제출,2026-02-22
SYN-01228,종결,2026-08-20
SYN-01228,결과_실패,2026-08-20
SYN-01229,제출,2026-02-15
SYN-01229,종결,2026-03-31
SYN-01229,결과_성공,2026-03-31
SYN-01230,제출,2026-01-16
SYN-01230,종결,2026-08-02
SYN-01230,결과_실패,2026-08-02
SYN-01231,제출,2026-08-12
SYN-01232,제출,2026-04-22
SYN-01232,종결,2026-06-24
SYN-01232,결과_성공,2026-06-24
SYN-01233,제출,2026-01-14
SYN-01233,종결,2026-05-09
SYN-01233,결과_성공,2026-05-09
SYN-01234,제출,2025-09-05
SYN-01234,종결,2026-01-05
SYN-01234,결과_실패,2026-01-05
SYN-01234,종결,2026-01-05
SYN-01235,제출,2025-09-09
SYN-01235,종결,2026-02-17
SYN-01235,결과_실패,2026-02-17
SYN-01236,제출,2025-12-06
SYN-01236,종결,2026-03-29
SYN-01236,결과_실패,2026-03-29
SYN-01237,제출,2026-03-06
SYN-01237,종결,2026-04-17
SYN-01237,결과_성공,2026-04-17
SYN-01238,제출,2026-04-19
SYN-01238,종결,2026-08-30
SYN-01238,결과_성공,2026-08-30
SYN-01239,제출,2026-05-10
SYN-01239,종결,2026-07-10
SYN-01239,결과_실패,2026-07-10
SYN-01240,제출,2025-12-08
SYN-01240,종결,2026-03-29
SYN-01240,결과_성공,2026-03-29
SYN-01241,제출,2026-06-21
SYN-01241,종결,2026-12-22
SYN-01241,결과_성공,2026-12-22
SYN-01242,제출,2026-01-13
SYN-01242,종결,2026-03-08
SYN-01242,결과_성공,2026-03-08
SYN-01243,제출,2025-09-09
SYN-01243,종결,2026-02-14
SYN-01243,결과_성공,2026-02-14
SYN-01244,제출,2026-05-29
SYN-01244,종결,2026-08-08
SYN-01244,결과_성공,2026-08-08
SYN-01245,제출,2026-08-25
SYN-01246,제출,2026-04-09
SYN-01246,종결,2026-10-24
SYN-01246,결과_성공,2026-10-24
SYN-01247,제출,2025-12-16
SYN-01247,종결,2026-01-30
SYN-01247,결과_성공,2026-01-30
SYN-01248,제출,2026-03-04
SYN-01248,종결,2026-07-31
SYN-01248,결과_성공,2026-07-31
SYN-01249,제출,2025-09-11
SYN-01249,종결,2025-11-17
SYN-01249,결과_성공,2025-11-17
SYN-01250,제출,2026-01-21
SYN-01250,종결,2026-05-31
SYN-01250,결과_성공,2026-05-31
SYN-01251,제출,2025-11-13
SYN-01251,종결,2026-05-01
SYN-01251,결과_성공,2026-05-01
SYN-01252,제출,2025-11-01
SYN-01252,종결,2025-12-31
SYN-01252,결과_성공,2025-12-31
SYN-01253,제출,2026-01-16
SYN-01253,종결,2026-04-29
SYN-01253,결과_성공,2026-04-29
SYN-01254,제출,2026-02-08
SYN-01254,종결,2026-04-28
SYN-01254,결과_성공,2026-04-28
SYN-01255,제출,2025-09-16
SYN-01255,종결,2025-12-26
SYN-01255,결과_실패,2025-12-26
SYN-01256,제출,2025-12-27
SYN-01256,종결,2026-02-25
SYN-01256,결과_성공,2026-02-25
SYN-01257,제출,2026-08-19
SYN-01258,제출,2026-02-19
SYN-01258,종결,2026-04-25
SYN-01258,결과_성공,2026-04-25
SYN-01258,결과_성공,2026-04-25
SYN-01259,제출,2026-05-02
SYN-01259,종결,2026-10-05
SYN-01259,결과_성공,2026-10-05
SYN-01260,제출,2026-03-07
SYN-01260,종결,2026-07-22
SYN-01260,결과_성공,2026-07-22
SYN-01261,제출,2026-04-26
SYN-01261,종결,2026-09-19
SYN-01261,결과_성공,2026-09-19
SYN-01262,제출,2026-04-06
SYN-01262,종결,2026-07-23
SYN-01262,결과_실패,2026-07-23
SYN-01263,제출,2026-06-24
SYN-01263,종결,2026-12-03
SYN-01263,결과_성공,2026-12-03
SYN-01264,제출,2026-04-24
SYN-01264,종결,2026-08-29
SYN-01264,결과_실패,2026-08-29
SYN-01265,제출,2026-02-28
SYN-01265,종결,2026-04-06
SYN-01265,결과_성공,2026-04-06
SYN-01265,종결,2026-04-06
SYN-01266,제출,2026-04-14
SYN-01266,종결,2026-08-30
SYN-01266,결과_성공,2026-08-30
SYN-01267,제출,2025-12-18
SYN-01267,종결,2026-03-16
SYN-01267,결과_성공,2026-03-16
SYN-01268,제출,2025-12-16
SYN-01268,종결,2026-02-15
SYN-01268,결과_성공,2026-02-15
SYN-01269,제출,2025-11-06
SYN-01269,종결,2025-12-27
SYN-01269,결과_성공,2025-12-27
SYN-01270,제출,2026-02-13
SYN-01270,종결,2026-07-23
SYN-01270,결과_실패,2026-07-23
SYN-01270,결과_실패,2026-07-23
SYN-01271,제출,2025-11-12
SYN-01271,종결,2026-04-10
SYN-01271,결과_성공,2026-04-10
SYN-01272,제출,2025-11-03
SYN-01272,종결,2026-05-10
SYN-01272,결과_성공,2026-05-10
SYN-01273,제출,2026-02-28
SYN-01273,종결,2026-05-29
SYN-01273,결과_성공,2026-05-29
SYN-01274,제출,2026-03-25
SYN-01274,종결,2026-05-09
SYN-01274,결과_성공,2026-05-09
SYN-01275,제출,2026-07-06
SYN-01275,종결,2026-11-20
SYN-01275,결과_성공,2026-11-20
SYN-01276,제출,2026-03-05
SYN-01276,종결,2026-04-05
SYN-01276,결과_성공,2026-04-05
SYN-01277,제출,2026-05-28
SYN-01277,종결,2026-10-31
SYN-01277,결과_실패,2026-10-31
SYN-01278,제출,2026-03-18
SYN-01278,종결,2026-06-02
SYN-01278,결과_성공,2026-06-02
SYN-01279,제출,2026-03-25
SYN-01279,종결,2026-06-03
SYN-01279,결과_성공,2026-06-03
SYN-01280,제출,2026-05-13
SYN-01280,종결,2026-07-24
SYN-01280,결과_성공,2026-07-24
SYN-01281,제출,2026-05-17
SYN-01281,종결,2026-10-01
SYN-01281,결과_성공,2026-10-01
SYN-01282,제출,2026-04-22
SYN-01282,종결,2026-08-31
SYN-01282,결과_성공,2026-08-31
SYN-01283,제출,2025-09-24
SYN-01283,종결,2026-03-22
SYN-01283,결과_실패,2026-03-22
SYN-01283,결과_실패,2026-03-22
SYN-01284,제출,2026-07-23
SYN-01284,종결,2026-10-11
SYN-01284,결과_성공,2026-10-11
SYN-01285,제출,2026-05-14
SYN-01285,종결,2026-07-19
SYN-01285,결과_성공,2026-07-19
SYN-01286,제출,2025-11-11
SYN-01286,종결,2026-04-23
SYN-01286,결과_성공,2026-04-23
SYN-01287,제출,2026-02-22
SYN-01287,종결,2026-05-31
SYN-01287,결과_성공,2026-05-31
SYN-01288,제출,2026-05-25
SYN-01288,종결,2026-10-01
SYN-01288,결과_성공,2026-10-01
SYN-01289,제출,2026-06-01
SYN-01289,종결,2026-08-18
SYN-01289,결과_성공,2026-08-18
SYN-01290,제출,2026-01-26
SYN-01290,종결,2026-02-26
SYN-01290,결과_성공,2026-02-26
SYN-01291,제출,2026-08-24
SYN-01291,종결,2026-12-07
SYN-01291,결과_성공,2026-12-07
SYN-01292,제출,2026-05-04
SYN-01292,종결,2026-10-29
SYN-01292,결과_성공,2026-10-29
SYN-01293,제출,2026-03-07
SYN-01293,종결,2026-05-29
SYN-01293,결과_성공,2026-05-29
SYN-01294,제출,2026-06-06
SYN-01294,종결,2026-07-06
SYN-01294,결과_성공,2026-07-06
SYN-01295,제출,2026-02-17
SYN-01295,종결,2026-08-28
SYN-01295,결과_성공,2026-08-28
SYN-01296,제출,2026-03-18
SYN-01296,종결,2026-05-18
SYN-01296,결과_성공,2026-05-18
SYN-01297,제출,2026-06-02
SYN-01297,종결,2026-07-03
SYN-01297,결과_성공,2026-07-03
SYN-01298,제출,2026-06-09
SYN-01298,종결,2026-11-06
SYN-01298,결과_성공,2026-11-06
SYN-01299,제출,2025-09-13
SYN-01299,종결,2025-11-20
SYN-01299,결과_성공,2025-11-20
SYN-01300,제출,2026-06-25
SYN-01300,종결,2027-01-10
SYN-01300,결과_성공,2027-01-10
SYN-01301,제출,2026-04-27
SYN-01301,종결,2026-08-21
SYN-01301,결과_성공,2026-08-21
SYN-01302,제출,2026-01-15
SYN-01302,종결,2026-03-27
SYN-01302,결과_실패,2026-03-27
SYN-01303,제출,2025-11-07
SYN-01303,종결,2026-05-21
SYN-01303,결과_실패,2026-05-21
SYN-01304,제출,2026-05-04
SYN-01304,종결,2026-06-09
SYN-01304,결과_성공,2026-06-09
SYN-01304,결과_성공,2026-06-09
SYN-01305,제출,2026-04-01
SYN-01305,종결,2026-06-11
SYN-01305,결과_성공,2026-06-11
SYN-01306,제출,2026-08-17
SYN-01306,종결,2026-12-26
SYN-01306,결과_실패,2026-12-26
SYN-01307,제출,2026-02-22
SYN-01307,종결,2026-08-01
SYN-01307,결과_성공,2026-08-01
SYN-01308,제출,2026-07-03
SYN-01308,종결,2026-12-22
SYN-01308,결과_성공,2026-12-22
SYN-01309,제출,2026-01-09
SYN-01309,종결,2026-03-04
SYN-01309,결과_성공,2026-03-04
SYN-01310,제출,2026-05-23
SYN-01310,종결,2026-11-04
SYN-01310,결과_성공,2026-11-04
SYN-01311,제출,2025-09-28
SYN-01311,종결,2026-02-04
SYN-01311,결과_실패,2026-02-04
SYN-01312,제출,2025-10-26
SYN-01312,종결,2026-03-22
SYN-01312,결과_성공,2026-03-22
SYN-01313,제출,2026-04-09
SYN-01313,종결,2026-06-11
SYN-01313,결과_성공,2026-06-11
SYN-01314,제출,2026-05-26
SYN-01314,종결,2026-09-22
SYN-01314,결과_실패,2026-09-22
SYN-01315,제출,2025-12-14
SYN-01315,종결,2026-04-26
SYN-01315,결과_성공,2026-04-26
SYN-01316,제출,2026-07-11
SYN-01316,종결,2026-09-19
SYN-01316,결과_성공,2026-09-19
SYN-01317,제출,2025-09-21
SYN-01317,종결,2025-12-08
SYN-01317,결과_성공,2025-12-08
SYN-01318,제출,2026-02-05
SYN-01318,종결,2026-05-19
SYN-01318,결과_실패,2026-05-19
SYN-01319,제출,2025-12-17
SYN-01319,종결,2026-06-22
SYN-01319,결과_실패,2026-06-22
SYN-01320,제출,2025-12-04
SYN-01320,종결,2026-02-03
SYN-01320,결과_성공,2026-02-03
SYN-01320,결과_성공,2026-02-03
SYN-01321,제출,2025-10-04
SYN-01321,종결,2025-11-03
SYN-01321,결과_성공,2025-11-03
SYN-01322,제출,2026-05-20
SYN-01322,종결,2026-11-13
SYN-01322,결과_실패,2026-11-13
SYN-01323,제출,2025-11-16
SYN-01323,종결,2026-06-02
SYN-01323,결과_성공,2026-06-02
SYN-01324,제출,2026-08-01
SYN-01324,종결,2026-11-30
SYN-01324,결과_성공,2026-11-30
SYN-01325,제출,2025-12-14
SYN-01325,종결,2026-02-02
SYN-01325,결과_성공,2026-02-02
SYN-01326,제출,2025-11-23
SYN-01326,종결,2026-04-13
SYN-01326,결과_성공,2026-04-13
SYN-01327,제출,2026-04-30
SYN-01327,종결,2026-05-30
SYN-01327,결과_실패,2026-05-30
SYN-01328,제출,2025-09-11
SYN-01328,종결,2026-03-13
SYN-01328,결과_성공,2026-03-13
SYN-01329,제출,2026-06-15
SYN-01329,종결,2026-11-09
SYN-01329,결과_성공,2026-11-09
SYN-01330,제출,2026-05-04
SYN-01330,종결,2026-11-06
SYN-01330,결과_성공,2026-11-06
SYN-01331,제출,2026-05-15
SYN-01331,종결,2026-07-28
SYN-01331,결과_실패,2026-07-28
SYN-01332,제출,2026-04-23
SYN-01332,종결,2026-10-06
SYN-01332,결과_성공,2026-10-06
SYN-01333,제출,2026-07-02
SYN-01333,종결,2026-12-02
SYN-01333,결과_실패,2026-12-02
SYN-01334,제출,2025-12-26
SYN-01334,종결,2026-05-05
SYN-01334,결과_실패,2026-05-05
SYN-01335,제출,2026-08-20
SYN-01335,종결,2026-11-11
SYN-01335,결과_성공,2026-11-11
SYN-01336,제출,2026-02-02
SYN-01336,종결,2026-03-11
SYN-01336,결과_성공,2026-03-11
SYN-01337,제출,2025-09-21
SYN-01337,종결,2026-01-10
SYN-01337,결과_성공,2026-01-10
SYN-01338,제출,2025-10-22
SYN-01338,종결,2025-12-28
SYN-01338,결과_성공,2025-12-28
SYN-01339,제출,2026-06-29
SYN-01339,종결,2026-12-06
SYN-01339,결과_성공,2026-12-06
SYN-01339,종결,2026-12-06
SYN-01340,제출,2026-04-19
SYN-01340,종결,2026-10-07
SYN-01340,결과_실패,2026-10-07
SYN-01341,제출,2026-05-11
SYN-01341,종결,2026-08-04
SYN-01341,결과_성공,2026-08-04
SYN-01342,제출,2025-09-28
SYN-01342,종결,2026-02-02
SYN-01342,결과_성공,2026-02-02
SYN-01343,제출,2025-11-25
SYN-01343,종결,2026-03-19
SYN-01343,결과_성공,2026-03-19
SYN-01344,제출,2026-03-21
SYN-01344,종결,2026-05-30
SYN-01344,결과_성공,2026-05-30
SYN-01345,제출,2026-05-17
SYN-01345,종결,2026-11-28
SYN-01345,결과_성공,2026-11-28
SYN-01346,제출,2026-08-21
SYN-01347,제출,2026-07-17
SYN-01348,제출,2026-07-15
SYN-01348,종결,2026-10-26
SYN-01348,결과_성공,2026-10-26
SYN-01349,제출,2026-07-08
SYN-01349,종결,2027-01-07
SYN-01349,결과_성공,2027-01-07
SYN-01350,제출,2025-11-01
SYN-01350,종결,2026-04-04
SYN-01350,결과_성공,2026-04-04
SYN-01351,제출,2026-01-26
SYN-01351,종결,2026-07-21
SYN-01351,결과_성공,2026-07-21
SYN-01352,제출,2026-01-11
SYN-01352,종결,2026-03-05
SYN-01352,결과_성공,2026-03-05
SYN-01353,제출,2025-10-21
SYN-01353,종결,2025-12-12
SYN-01353,결과_성공,2025-12-12
SYN-01354,제출,2025-10-21
SYN-01354,종결,2026-02-12
SYN-01354,결과_성공,2026-02-12
SYN-01355,제출,2026-04-05
SYN-01355,종결,2026-08-31
SYN-01355,결과_성공,2026-08-31
SYN-01356,제출,2025-10-21
SYN-01356,종결,2025-12-24
SYN-01356,결과_성공,2025-12-24
SYN-01357,제출,2026-04-25
SYN-01357,종결,2026-10-30
SYN-01357,결과_성공,2026-10-30
SYN-01358,제출,2026-06-30
SYN-01358,종결,2026-10-26
SYN-01358,결과_성공,2026-10-26
SYN-01359,제출,2025-09-03
SYN-01359,종결,2025-12-20
SYN-01359,결과_성공,2025-12-20
SYN-01360,제출,2025-09-11
SYN-01360,종결,2025-12-31
SYN-01360,결과_실패,2025-12-31
SYN-01361,제출,2026-01-22
SYN-01361,종결,2026-04-08
SYN-01361,결과_성공,2026-04-08
SYN-01362,제출,2026-03-08
SYN-01362,종결,2026-04-19
SYN-01362,결과_성공,2026-04-19
SYN-01362,종결,2026-04-19
SYN-01363,제출,2025-11-22
SYN-01363,종결,2026-01-12
SYN-01363,결과_성공,2026-01-12
SYN-01364,제출,2026-07-24
SYN-01365,제출,2026-06-24
SYN-01365,종결,2026-11-29
SYN-01365,결과_성공,2026-11-29
SYN-01366,제출,2026-08-10
SYN-01366,종결,2026-10-02
SYN-01366,결과_성공,2026-10-02
SYN-01367,제출,2026-02-09
SYN-01367,제출,2026-02-09
SYN-01367,종결,2026-03-27
SYN-01367,결과_성공,2026-03-27
SYN-01368,제출,2026-02-24
SYN-01368,종결,2026-04-27
SYN-01368,결과_성공,2026-04-27
SYN-01369,제출,2026-03-30
SYN-01369,종결,2026-09-04
SYN-01369,결과_성공,2026-09-04
SYN-01370,제출,2026-05-17
SYN-01370,종결,2026-11-01
SYN-01370,결과_성공,2026-11-01
SYN-01371,제출,2025-12-18
SYN-01371,종결,2026-03-05
SYN-01371,결과_성공,2026-03-05
SYN-01372,제출,2026-08-04
SYN-01372,종결,2026-11-25
SYN-01372,결과_성공,2026-11-25
SYN-01373,제출,2025-11-22
SYN-01373,종결,2026-06-07
SYN-01373,결과_실패,2026-06-07
SYN-01374,제출,2025-12-10
SYN-01374,종결,2026-06-04
SYN-01374,결과_성공,2026-06-04
SYN-01375,제출,2025-09-29
SYN-01375,종결,2025-11-19
SYN-01375,결과_성공,2025-11-19
SYN-01376,제출,2026-08-06
SYN-01376,종결,2026-12-13
SYN-01376,결과_성공,2026-12-13
SYN-01377,제출,2026-06-21
SYN-01377,종결,2026-10-30
SYN-01377,결과_성공,2026-10-30
SYN-01378,제출,2026-08-04
SYN-01378,종결,2027-01-01
SYN-01378,결과_성공,2027-01-01
SYN-01379,제출,2025-11-21
SYN-01379,종결,2026-04-01
SYN-01379,결과_성공,2026-04-01
SYN-01379,결과_성공,2026-04-01
SYN-01380,제출,2026-03-03
SYN-01380,종결,2026-09-18
SYN-01380,결과_성공,2026-09-18
SYN-01381,제출,2026-01-02
SYN-01381,종결,2026-06-01
SYN-01381,결과_성공,2026-06-01
SYN-01382,제출,2026-07-20
SYN-01382,종결,2026-10-08
SYN-01382,결과_실패,2026-10-08
SYN-01383,제출,2026-02-20
SYN-01383,종결,2026-05-29
SYN-01383,결과_실패,2026-05-29
SYN-01384,제출,2026-02-02
SYN-01384,종결,2026-07-01
SYN-01384,결과_성공,2026-07-01
SYN-01385,제출,2026-06-05
SYN-01385,종결,2026-09-26
SYN-01385,결과_성공,2026-09-26
SYN-01386,제출,2026-07-04
SYN-01386,종결,2027-01-13
SYN-01386,결과_성공,2027-01-13
SYN-01386,종결,2027-01-13
SYN-01387,제출,2026-03-10
SYN-01387,종결,2026-08-01
SYN-01387,결과_성공,2026-08-01
SYN-01388,제출,2025-11-01
SYN-01388,종결,2026-03-29
SYN-01388,결과_성공,2026-03-29
SYN-01389,제출,2026-03-06
SYN-01389,종결,2026-05-08
SYN-01389,결과_성공,2026-05-08
SYN-01390,제출,2026-05-26
SYN-01390,제출,2026-05-26
SYN-01390,종결,2026-08-19
SYN-01390,결과_성공,2026-08-19
SYN-01391,제출,2026-06-23
SYN-01391,종결,2026-09-24
SYN-01391,결과_성공,2026-09-24
SYN-01392,제출,2026-08-02
SYN-01392,종결,2026-12-22
SYN-01392,결과_실패,2026-12-22
SYN-01393,제출,2026-05-07
SYN-01393,종결,2026-10-24
SYN-01393,결과_성공,2026-10-24
SYN-01394,제출,2026-05-26
SYN-01394,종결,2026-10-02
SYN-01394,결과_성공,2026-10-02
SYN-01395,제출,2025-10-18
SYN-01395,종결,2026-04-05
SYN-01395,결과_성공,2026-04-05
SYN-01396,제출,2026-05-03
SYN-01396,종결,2026-07-01
SYN-01396,결과_성공,2026-07-01
SYN-01397,제출,2026-04-26
SYN-01397,제출,2026-04-26
SYN-01397,종결,2026-07-16
SYN-01397,결과_실패,2026-07-16
SYN-01398,제출,2026-05-28
SYN-01398,종결,2026-11-08
SYN-01398,결과_성공,2026-11-08
SYN-01399,제출,2026-08-14
SYN-01399,종결,2026-10-25
SYN-01399,결과_성공,2026-10-25
SYN-01400,제출,2025-12-03
SYN-01400,종결,2026-06-10
SYN-01400,결과_성공,2026-06-10
SYN-01401,제출,2026-03-30
SYN-01401,종결,2026-09-28
SYN-01401,결과_실패,2026-09-28
SYN-01402,제출,2025-12-23
SYN-01402,종결,2026-01-25
SYN-01402,결과_성공,2026-01-25
SYN-01403,제출,2025-09-14
SYN-01403,종결,2025-10-18
SYN-01403,결과_성공,2025-10-18
SYN-01404,제출,2025-09-20
SYN-01404,종결,2026-01-12
SYN-01404,결과_성공,2026-01-12
SYN-01405,제출,2026-04-14
SYN-01405,종결,2026-06-23
SYN-01405,결과_실패,2026-06-23
SYN-01406,제출,2026-03-10
SYN-01406,종결,2026-09-02
SYN-01406,결과_실패,2026-09-02
SYN-01407,제출,2025-10-03
SYN-01407,종결,2026-03-18
SYN-01407,결과_성공,2026-03-18
SYN-01408,제출,2026-04-21
SYN-01408,종결,2026-05-27
SYN-01408,결과_성공,2026-05-27
SYN-01409,제출,2026-06-29
SYN-01409,종결,2026-12-08
SYN-01409,결과_성공,2026-12-08
SYN-01410,제출,2025-12-07
SYN-01410,종결,2026-04-07
SYN-01410,결과_성공,2026-04-07
SYN-01411,제출,2026-02-27
SYN-01411,종결,2026-07-20
SYN-01411,결과_성공,2026-07-20
SYN-01412,제출,2026-07-13
SYN-01412,종결,2027-01-06
SYN-01412,결과_성공,2027-01-06
SYN-01413,제출,2026-08-03
SYN-01413,종결,2026-10-20
SYN-01413,결과_성공,2026-10-20
SYN-01414,제출,2026-07-03
SYN-01414,종결,2026-11-26
SYN-01414,결과_성공,2026-11-26
SYN-01415,제출,2026-08-07
SYN-01415,종결,2026-12-16
SYN-01415,결과_성공,2026-12-16
SYN-01416,제출,2025-10-26
SYN-01416,종결,2026-03-29
SYN-01416,결과_성공,2026-03-29
SYN-01417,제출,2025-12-20
SYN-01417,종결,2026-03-08
SYN-01417,결과_성공,2026-03-08
SYN-01417,결과_성공,2026-03-08
SYN-01418,제출,2025-12-09
SYN-01418,종결,2026-05-24
SYN-01418,결과_성공,2026-05-24
SYN-01418,결과_성공,2026-05-24
SYN-01419,제출,2026-07-21
SYN-01419,종결,2026-10-19
SYN-01419,결과_실패,2026-10-19
SYN-01420,제출,2026-04-10
SYN-01420,종결,2026-06-27
SYN-01420,결과_성공,2026-06-27
SYN-01421,제출,2026-07-03
SYN-01421,종결,2026-11-05
SYN-01421,결과_성공,2026-11-05
SYN-01422,제출,2026-05-20
SYN-01422,종결,2026-11-12
SYN-01422,결과_성공,2026-11-12
SYN-01422,종결,2026-11-12
SYN-01423,제출,2026-02-08
SYN-01423,종결,2026-04-22
SYN-01423,결과_성공,2026-04-22
SYN-01424,제출,2026-08-24
SYN-01425,제출,2025-09-27
SYN-01425,종결,2026-04-03
SYN-01425,결과_실패,2026-04-03
SYN-01426,제출,2026-06-21
SYN-01426,제출,2026-06-21
SYN-01426,종결,2026-09-20
SYN-01426,결과_성공,2026-09-20
SYN-01427,제출,2026-03-21
SYN-01427,종결,2026-08-04
SYN-01427,결과_성공,2026-08-04
SYN-01428,제출,2026-02-12
SYN-01428,종결,2026-03-17
SYN-01428,결과_성공,2026-03-17
SYN-01429,제출,2025-10-09
SYN-01429,종결,2026-01-15
SYN-01429,결과_실패,2026-01-15
SYN-01430,제출,2026-04-27
SYN-01430,종결,2026-09-18
SYN-01430,결과_실패,2026-09-18
SYN-01431,제출,2025-10-02
SYN-01431,종결,2026-03-31
SYN-01431,결과_성공,2026-03-31
SYN-01432,제출,2026-01-19
SYN-01432,종결,2026-05-10
SYN-01432,결과_성공,2026-05-10
SYN-01433,제출,2026-04-08
SYN-01433,종결,2026-07-07
SYN-01433,결과_성공,2026-07-07
SYN-01434,제출,2026-03-04
SYN-01434,종결,2026-08-24
SYN-01434,결과_성공,2026-08-24
SYN-01435,제출,2026-01-07
SYN-01435,종결,2026-04-12
SYN-01435,결과_실패,2026-04-12
SYN-01436,제출,2026-03-09
SYN-01436,종결,2026-08-11
SYN-01436,결과_성공,2026-08-11
SYN-01437,제출,2026-01-22
SYN-01437,종결,2026-06-07
SYN-01437,결과_성공,2026-06-07
SYN-01438,제출,2026-06-11
SYN-01438,종결,2026-10-12
SYN-01438,결과_성공,2026-10-12
SYN-01439,제출,2026-06-29
SYN-01439,종결,2026-08-02
SYN-01439,결과_성공,2026-08-02
SYN-01440,제출,2025-10-01
SYN-01440,종결,2025-12-19
SYN-01440,결과_성공,2025-12-19
SYN-01441,제출,2026-05-10
SYN-01441,종결,2026-07-08
SYN-01441,결과_성공,2026-07-08
SYN-01442,제출,2026-04-07
SYN-01442,종결,2026-07-01
SYN-01442,결과_성공,2026-07-01
SYN-01443,제출,2026-04-21
SYN-01443,종결,2026-10-18
SYN-01443,결과_성공,2026-10-18
SYN-01444,제출,2025-12-01
SYN-01444,종결,2026-01-25
SYN-01444,결과_실패,2026-01-25
SYN-01445,제출,2026-05-06
SYN-01445,종결,2026-09-07
SYN-01445,결과_성공,2026-09-07
SYN-01446,제출,2025-11-06
SYN-01446,종결,2025-12-27
SYN-01446,결과_성공,2025-12-27
SYN-01447,제출,2026-08-26
SYN-01448,제출,2025-12-02
SYN-01448,종결,2026-03-28
SYN-01448,결과_성공,2026-03-28
SYN-01449,제출,2026-07-13
SYN-01449,종결,2026-12-24
SYN-01449,결과_실패,2026-12-24
SYN-01450,제출,2025-11-06
SYN-01450,종결,2026-01-16
SYN-01450,결과_성공,2026-01-16
SYN-01451,제출,2025-10-15
SYN-01451,종결,2025-11-27
SYN-01451,결과_성공,2025-11-27
SYN-01452,제출,2026-03-13
SYN-01452,종결,2026-09-12
SYN-01452,결과_실패,2026-09-12
SYN-01453,제출,2025-12-04
SYN-01453,종결,2026-03-05
SYN-01453,결과_성공,2026-03-05
SYN-01454,제출,2026-07-02
SYN-01454,종결,2026-08-08
SYN-01454,결과_실패,2026-08-08
SYN-01455,제출,2026-06-26
SYN-01455,종결,2026-10-18
SYN-01455,결과_성공,2026-10-18
SYN-01456,제출,2026-05-11
SYN-01456,종결,2026-08-12
SYN-01456,결과_성공,2026-08-12
SYN-01457,제출,2026-02-03
SYN-01457,종결,2026-07-17
SYN-01457,결과_성공,2026-07-17
SYN-01458,제출,2026-02-13
SYN-01458,종결,2026-06-01
SYN-01458,결과_실패,2026-06-01
SYN-01459,제출,2026-03-30
SYN-01459,종결,2026-06-26
SYN-01459,결과_성공,2026-06-26
SYN-01460,제출,2026-06-17
SYN-01460,종결,2026-10-07
SYN-01460,결과_성공,2026-10-07
SYN-01461,제출,2026-07-01
SYN-01461,종결,2026-09-07
SYN-01461,결과_성공,2026-09-07
SYN-01461,종결,2026-09-07
SYN-01462,제출,2026-06-04
SYN-01462,종결,2026-09-13
SYN-01462,결과_성공,2026-09-13
SYN-01463,제출,2026-07-16
SYN-01463,종결,2026-11-12
SYN-01463,결과_실패,2026-11-12
SYN-01464,제출,2026-04-26
SYN-01464,종결,2026-06-29
SYN-01464,결과_성공,2026-06-29
SYN-01465,제출,2026-04-26
SYN-01465,종결,2026-09-04
SYN-01465,결과_실패,2026-09-04
SYN-01465,종결,2026-09-04
SYN-01466,제출,2025-12-28
SYN-01466,종결,2026-07-12
SYN-01466,결과_실패,2026-07-12
SYN-01467,제출,2025-12-05
SYN-01467,종결,2026-02-09
SYN-01467,결과_성공,2026-02-09
SYN-01468,제출,2026-03-25
SYN-01468,종결,2026-08-09
SYN-01468,결과_성공,2026-08-09
SYN-01469,제출,2025-09-22
SYN-01469,종결,2025-11-03
SYN-01469,결과_성공,2025-11-03
SYN-01470,제출,2025-09-11
SYN-01470,종결,2025-11-10
SYN-01470,결과_성공,2025-11-10
SYN-01471,제출,2026-03-21
SYN-01471,종결,2026-09-21
SYN-01471,결과_성공,2026-09-21
SYN-01471,종결,2026-09-21
SYN-01472,제출,2026-08-24
SYN-01472,종결,2026-10-07
SYN-01472,결과_실패,2026-10-07
SYN-01473,제출,2026-01-03
SYN-01473,종결,2026-02-16
SYN-01473,결과_성공,2026-02-16
SYN-01474,제출,2025-11-27
SYN-01474,종결,2026-03-10
SYN-01474,결과_성공,2026-03-10
SYN-01475,제출,2026-04-14
SYN-01475,종결,2026-10-28
SYN-01475,결과_실패,2026-10-28
SYN-01476,제출,2025-09-12
SYN-01476,종결,2026-03-02
SYN-01476,결과_실패,2026-03-02
SYN-01477,제출,2025-10-21
SYN-01477,종결,2026-04-29
SYN-01477,결과_성공,2026-04-29
SYN-01478,제출,2026-04-28
SYN-01478,종결,2026-10-30
SYN-01478,결과_성공,2026-10-30
SYN-01479,제출,2026-01-25
SYN-01479,종결,2026-07-28
SYN-01479,결과_실패,2026-07-28
SYN-01480,제출,2026-01-07
SYN-01480,종결,2026-04-21
SYN-01480,결과_성공,2026-04-21
SYN-01481,제출,2025-11-05
SYN-01481,종결,2026-01-02
SYN-01481,결과_성공,2026-01-02
SYN-01482,제출,2026-01-29
SYN-01482,종결,2026-04-20
SYN-01482,결과_성공,2026-04-20
SYN-01483,제출,2026-03-08
SYN-01483,종결,2026-06-21
SYN-01483,결과_성공,2026-06-21
SYN-01483,종결,2026-06-21
SYN-01484,제출,2026-02-02
SYN-01484,종결,2026-04-16
SYN-01484,결과_성공,2026-04-16
SYN-01485,제출,2025-11-11
SYN-01485,종결,2026-01-30
SYN-01485,결과_성공,2026-01-30
SYN-01486,제출,2026-03-13
SYN-01486,종결,2026-04-23
SYN-01486,결과_성공,2026-04-23
SYN-01487,제출,2026-05-22
SYN-01487,종결,2026-10-20
SYN-01487,결과_성공,2026-10-20
SYN-01487,결과_성공,2026-10-20
SYN-01488,제출,2025-10-10
SYN-01488,종결,2026-04-23
SYN-01488,결과_성공,2026-04-23
SYN-01489,제출,2025-10-31
SYN-01489,종결,2026-02-07
SYN-01489,결과_실패,2026-02-07
SYN-01490,제출,2026-02-26
SYN-01490,종결,2026-06-30
SYN-01490,결과_성공,2026-06-30
SYN-01491,제출,2025-10-01
SYN-01491,종결,2025-11-02
SYN-01491,결과_실패,2025-11-02
SYN-01492,제출,2026-08-16
SYN-01492,종결,2026-11-12
SYN-01492,결과_실패,2026-11-12
SYN-01493,제출,2025-09-23
SYN-01493,종결,2025-10-24
SYN-01493,결과_실패,2025-10-24
SYN-01493,종결,2025-10-24
SYN-01494,제출,2026-04-29
SYN-01494,종결,2026-11-08
SYN-01494,결과_성공,2026-11-08
SYN-01495,제출,2026-04-18
SYN-01495,종결,2026-07-17
SYN-01495,결과_성공,2026-07-17
SYN-01496,제출,2025-11-13
SYN-01496,종결,2026-03-30
SYN-01496,결과_성공,2026-03-30
SYN-01497,제출,2026-02-06
SYN-01497,종결,2026-07-01
SYN-01497,결과_성공,2026-07-01
SYN-01498,제출,2026-07-22
SYN-01498,종결,2026-10-05
SYN-01498,결과_성공,2026-10-05
SYN-01499,제출,2025-09-11
SYN-01499,종결,2026-01-21
SYN-01499,결과_성공,2026-01-21
SYN-01500,제출,2026-05-10
SYN-01500,종결,2026-07-08
SYN-01500,결과_성공,2026-07-08
SYN-01501,제출,2026-02-13
SYN-01501,종결,2026-05-01
SYN-01501,결과_성공,2026-05-01
SYN-01502,제출,2025-11-11
SYN-01502,제출,2025-11-11
SYN-01502,종결,2026-03-08
SYN-01502,결과_성공,2026-03-08
SYN-01503,제출,2025-11-02
SYN-01503,종결,2026-04-28
SYN-01503,결과_성공,2026-04-28
SYN-01504,제출,2026-01-23
SYN-01504,종결,2026-07-08
SYN-01504,결과_실패,2026-07-08
SYN-01505,제출,2025-10-30
SYN-01505,종결,2025-12-14
SYN-01505,결과_실패,2025-12-14
SYN-01506,제출,2025-11-13
SYN-01506,종결,2026-03-19
SYN-01506,결과_성공,2026-03-19
SYN-01507,제출,2026-04-19
SYN-01507,종결,2026-07-11
SYN-01507,결과_성공,2026-07-11
SYN-01508,제출,2025-12-23
SYN-01508,종결,2026-01-25
SYN-01508,결과_성공,2026-01-25
SYN-01509,제출,2026-03-19
SYN-01509,종결,2026-08-19
SYN-01509,결과_성공,2026-08-19
SYN-01510,제출,2026-04-24
SYN-01510,종결,2026-09-14
SYN-01510,결과_실패,2026-09-14
SYN-01511,제출,2025-09-23
SYN-01511,종결,2026-03-21
SYN-01511,결과_성공,2026-03-21
SYN-01512,제출,2026-02-20
SYN-01512,종결,2026-07-12
SYN-01512,결과_성공,2026-07-12
SYN-01513,제출,2026-04-08
SYN-01513,종결,2026-08-29
SYN-01513,결과_성공,2026-08-29
SYN-01514,제출,2026-03-06
SYN-01514,종결,2026-05-12
SYN-01514,결과_성공,2026-05-12
SYN-01515,제출,2026-01-27
SYN-01515,종결,2026-05-06
SYN-01515,결과_성공,2026-05-06
SYN-01516,제출,2025-09-15
SYN-01516,종결,2026-02-14
SYN-01516,결과_성공,2026-02-14
SYN-01517,제출,2026-04-21
SYN-01517,종결,2026-11-03
SYN-01517,결과_성공,2026-11-03
SYN-01518,제출,2025-10-05
SYN-01518,종결,2026-02-12
SYN-01518,결과_성공,2026-02-12
SYN-01519,제출,2026-05-15
SYN-01519,종결,2026-07-25
SYN-01519,결과_성공,2026-07-25
SYN-01520,제출,2025-10-22
SYN-01520,종결,2026-01-18
SYN-01520,결과_실패,2026-01-18
SYN-01521,제출,2025-11-17
SYN-01521,종결,2026-04-03
SYN-01521,결과_성공,2026-04-03
SYN-01522,제출,2025-09-17
SYN-01522,종결,2026-03-06
SYN-01522,결과_성공,2026-03-06
SYN-01523,제출,2026-02-13
SYN-01523,종결,2026-07-14
SYN-01523,결과_실패,2026-07-14
SYN-01524,제출,2026-06-23
SYN-01524,종결,2026-12-20
SYN-01524,결과_성공,2026-12-20
SYN-01525,제출,2026-06-13
SYN-01525,종결,2026-09-22
SYN-01525,결과_성공,2026-09-22
SYN-01526,제출,2026-02-24
SYN-01526,종결,2026-07-20
SYN-01526,결과_성공,2026-07-20
SYN-01527,제출,2025-09-18
SYN-01527,종결,2025-11-18
SYN-01527,결과_성공,2025-11-18
SYN-01528,제출,2025-09-24
SYN-01528,종결,2025-11-01
SYN-01528,결과_성공,2025-11-01
SYN-01529,제출,2026-07-02
SYN-01529,종결,2026-10-10
SYN-01529,결과_성공,2026-10-10
SYN-01530,제출,2026-01-04
SYN-01530,종결,2026-02-27
SYN-01530,결과_성공,2026-02-27
SYN-01531,제출,2026-08-20
SYN-01531,종결,2026-10-08
SYN-01531,결과_성공,2026-10-08
SYN-01532,제출,2025-09-26
SYN-01532,종결,2026-01-12
SYN-01532,결과_성공,2026-01-12
SYN-01533,제출,2025-09-27
SYN-01533,종결,2025-12-31
SYN-01533,결과_성공,2025-12-31
SYN-01534,제출,2026-06-12
SYN-01534,종결,2026-09-10
SYN-01534,결과_실패,2026-09-10
SYN-01535,제출,2026-01-13
SYN-01535,종결,2026-06-29
SYN-01535,결과_실패,2026-06-29
SYN-01536,제출,2026-08-03
SYN-01536,종결,2027-01-03
SYN-01536,결과_성공,2027-01-03
SYN-01537,제출,2025-11-29
SYN-01537,종결,2026-04-07
SYN-01537,결과_성공,2026-04-07
SYN-01538,제출,2025-09-01
SYN-01538,종결,2025-11-24
SYN-01538,결과_성공,2025-11-24
SYN-01539,제출,2026-05-08
SYN-01539,제출,2026-05-08
SYN-01539,종결,2026-10-03
SYN-01539,결과_성공,2026-10-03
SYN-01540,제출,2026-07-14
SYN-01540,종결,2026-12-28
SYN-01540,결과_성공,2026-12-28
SYN-01541,제출,2025-09-01
SYN-01541,종결,2025-11-28
SYN-01541,결과_성공,2025-11-28
SYN-01542,제출,2025-10-18
SYN-01542,종결,2025-11-30
SYN-01542,결과_실패,2025-11-30
SYN-01542,종결,2025-11-30
SYN-01543,제출,2026-05-29
SYN-01543,종결,2026-11-07
SYN-01543,결과_성공,2026-11-07
SYN-01544,제출,2026-08-24
SYN-01544,종결,2026-10-09
SYN-01544,결과_성공,2026-10-09
SYN-01545,제출,2026-08-26
SYN-01545,제출,2026-08-26
SYN-01545,종결,2026-12-27
SYN-01545,결과_성공,2026-12-27
SYN-01546,제출,2026-06-02
SYN-01546,종결,2026-12-09
SYN-01546,결과_성공,2026-12-09
SYN-01547,제출,2025-11-22
SYN-01547,제출,2025-11-22
SYN-01547,종결,2026-01-24
SYN-01547,결과_성공,2026-01-24
SYN-01548,제출,2025-11-02
SYN-01548,종결,2026-03-19
SYN-01548,결과_성공,2026-03-19
SYN-01549,제출,2026-07-08
SYN-01550,제출,2026-08-24
SYN-01550,종결,2027-01-14
SYN-01550,결과_성공,2027-01-14
SYN-01551,제출,2026-04-03
SYN-01551,종결,2026-10-08
SYN-01551,결과_성공,2026-10-08
SYN-01552,제출,2026-01-27
SYN-01552,종결,2026-06-19
SYN-01552,결과_성공,2026-06-19
SYN-01553,제출,2026-08-22
SYN-01554,제출,2026-05-12
SYN-01554,종결,2026-07-21
SYN-01554,결과_성공,2026-07-21
SYN-01555,제출,2026-06-17
SYN-01555,종결,2026-12-26
SYN-01555,결과_성공,2026-12-26
SYN-01556,제출,2026-07-31
SYN-01556,종결,2026-11-02
SYN-01556,결과_성공,2026-11-02
SYN-01557,제출,2026-05-16
SYN-01557,제출,2026-05-16
SYN-01557,종결,2026-06-27
SYN-01557,결과_성공,2026-06-27
SYN-01558,제출,2026-06-03
SYN-01558,종결,2026-10-15
SYN-01558,결과_성공,2026-10-15
SYN-01559,제출,2026-04-29
SYN-01559,종결,2026-09-09
SYN-01559,결과_성공,2026-09-09
SYN-01560,제출,2026-06-02
SYN-01560,종결,2026-10-03
SYN-01560,결과_성공,2026-10-03
SYN-01561,제출,2025-10-07
SYN-01561,종결,2026-03-13
SYN-01561,결과_성공,2026-03-13
SYN-01562,제출,2025-12-23
SYN-01562,종결,2026-02-14
SYN-01562,결과_성공,2026-02-14
SYN-01563,제출,2025-09-07
SYN-01563,종결,2026-01-04
SYN-01563,결과_성공,2026-01-04
SYN-01564,제출,2026-05-09
SYN-01564,종결,2026-10-02
SYN-01564,결과_실패,2026-10-02
SYN-01565,제출,2025-09-27
SYN-01565,종결,2026-03-18
SYN-01565,결과_성공,2026-03-18
SYN-01566,제출,2026-03-24
SYN-01566,종결,2026-05-13
SYN-01566,결과_성공,2026-05-13
SYN-01567,제출,2026-03-31
SYN-01567,종결,2026-10-12
SYN-01567,결과_성공,2026-10-12
SYN-01568,제출,2026-02-28
SYN-01568,종결,2026-04-11
SYN-01568,결과_성공,2026-04-11
SYN-01569,제출,2026-04-20
SYN-01569,종결,2026-10-02
SYN-01569,결과_성공,2026-10-02
SYN-01570,제출,2026-07-08
SYN-01570,종결,2026-08-15
SYN-01570,결과_성공,2026-08-15
SYN-01571,제출,2026-03-23
SYN-01571,종결,2026-06-04
SYN-01571,결과_성공,2026-06-04
SYN-01572,제출,2026-05-29
SYN-01572,종결,2026-09-27
SYN-01572,결과_성공,2026-09-27
SYN-01573,제출,2026-02-25
SYN-01573,제출,2026-02-25
SYN-01573,종결,2026-09-11
SYN-01573,결과_실패,2026-09-11
SYN-01574,제출,2026-05-24
SYN-01574,종결,2026-08-26
SYN-01574,결과_실패,2026-08-26
SYN-01575,제출,2026-02-05
SYN-01575,종결,2026-03-11
SYN-01575,결과_성공,2026-03-11
SYN-01576,제출,2026-05-13
SYN-01576,종결,2026-10-16
SYN-01576,결과_성공,2026-10-16
SYN-01577,제출,2025-10-07
SYN-01577,종결,2026-04-11
SYN-01577,결과_실패,2026-04-11
SYN-01578,제출,2026-01-12
SYN-01578,종결,2026-04-15
SYN-01578,결과_성공,2026-04-15
SYN-01579,제출,2026-01-07
SYN-01579,종결,2026-05-20
SYN-01579,결과_성공,2026-05-20
SYN-01580,제출,2026-07-19
SYN-01580,제출,2026-07-19
SYN-01580,종결,2026-09-08
SYN-01580,결과_성공,2026-09-08
SYN-01581,제출,2025-09-29
SYN-01581,종결,2025-11-28
SYN-01581,결과_성공,2025-11-28
SYN-01581,결과_성공,2025-11-28
SYN-01582,제출,2026-08-19
SYN-01582,종결,2027-01-08
SYN-01582,결과_성공,2027-01-08
SYN-01583,제출,2026-06-25
SYN-01583,종결,2026-08-26
SYN-01583,결과_성공,2026-08-26
SYN-01584,제출,2026-04-13
SYN-01584,종결,2026-07-25
SYN-01584,결과_성공,2026-07-25
SYN-01585,제출,2026-08-03
SYN-01585,종결,2026-10-11
SYN-01585,결과_성공,2026-10-11
SYN-01586,제출,2025-09-03
SYN-01586,종결,2026-03-11
SYN-01586,결과_성공,2026-03-11
SYN-01586,결과_성공,2026-03-11
SYN-01587,제출,2026-06-11
SYN-01587,종결,2026-12-02
SYN-01587,결과_성공,2026-12-02
SYN-01588,제출,2026-08-06
SYN-01589,제출,2026-02-21
SYN-01589,종결,2026-09-07
SYN-01589,결과_성공,2026-09-07
SYN-01590,제출,2025-10-26
SYN-01590,종결,2025-12-13
SYN-01590,결과_성공,2025-12-13
SYN-01591,제출,2026-04-25
SYN-01591,제출,2026-04-25
SYN-01591,종결,2026-10-22
SYN-01591,결과_성공,2026-10-22
SYN-01592,제출,2026-06-23
SYN-01592,종결,2026-09-30
SYN-01592,결과_실패,2026-09-30
SYN-01593,제출,2026-06-17
SYN-01593,종결,2026-08-03
SYN-01593,결과_성공,2026-08-03
SYN-01594,제출,2026-03-18
SYN-01594,종결,2026-09-05
SYN-01594,결과_성공,2026-09-05
SYN-01595,제출,2026-01-26
SYN-01595,종결,2026-08-03
SYN-01595,결과_성공,2026-08-03
SYN-01596,제출,2026-06-06
SYN-01596,종결,2026-07-06
SYN-01596,결과_실패,2026-07-06
SYN-01597,제출,2026-03-19
SYN-01597,종결,2026-08-17
SYN-01597,결과_성공,2026-08-17
SYN-01598,제출,2026-06-20
SYN-01598,종결,2026-08-15
SYN-01598,결과_성공,2026-08-15
SYN-01599,제출,2026-01-24
SYN-01599,종결,2026-04-25
SYN-01599,결과_실패,2026-04-25
SYN-01600,제출,2025-11-22
SYN-01600,종결,2026-02-01
SYN-01600,결과_성공,2026-02-01
SYN-01601,제출,2025-11-08
SYN-01601,종결,2026-05-06
SYN-01601,결과_성공,2026-05-06
SYN-01602,제출,2026-07-05
SYN-01602,종결,2026-08-06
SYN-01602,결과_성공,2026-08-06
SYN-01602,종결,2026-08-06
SYN-01603,제출,2025-09-13
SYN-01603,종결,2026-02-24
SYN-01603,결과_성공,2026-02-24
SYN-01604,제출,2025-11-10
SYN-01604,종결,2026-05-21
SYN-01604,결과_성공,2026-05-21
SYN-01605,제출,2026-01-31
SYN-01605,종결,2026-03-10
SYN-01605,결과_실패,2026-03-10
SYN-01606,제출,2026-08-10
SYN-01606,종결,2026-10-19
SYN-01606,결과_성공,2026-10-19
SYN-01607,제출,2025-10-04
SYN-01607,종결,2026-01-02
SYN-01607,결과_성공,2026-01-02
SYN-01608,제출,2026-01-29
SYN-01608,종결,2026-04-23
SYN-01608,결과_성공,2026-04-23
SYN-01609,제출,2026-04-22
SYN-01609,종결,2026-08-14
SYN-01609,결과_성공,2026-08-14
SYN-01610,제출,2026-06-22
SYN-01610,종결,2026-10-22
SYN-01610,결과_성공,2026-10-22
SYN-01611,제출,2025-12-10
SYN-01611,종결,2026-03-19
SYN-01611,결과_성공,2026-03-19
SYN-01612,제출,2026-07-18
SYN-01612,종결,2027-01-06
SYN-01612,결과_실패,2027-01-06
SYN-01613,제출,2026-01-05
SYN-01613,종결,2026-03-21
SYN-01613,결과_성공,2026-03-21
SYN-01613,결과_성공,2026-03-21
SYN-01614,제출,2026-02-28
SYN-01614,종결,2026-05-10
SYN-01614,결과_성공,2026-05-10
SYN-01615,제출,2026-03-22
SYN-01615,종결,2026-09-23
SYN-01615,결과_성공,2026-09-23
SYN-01616,제출,2026-04-06
SYN-01616,종결,2026-07-07
SYN-01616,결과_성공,2026-07-07
SYN-01617,제출,2026-04-28
SYN-01617,종결,2026-06-02
SYN-01617,결과_성공,2026-06-02
SYN-01618,제출,2025-12-13
SYN-01618,종결,2026-06-24
SYN-01618,결과_성공,2026-06-24
SYN-01619,제출,2026-05-18
SYN-01619,종결,2026-09-13
SYN-01619,결과_성공,2026-09-13
SYN-01620,제출,2026-08-17
SYN-01620,종결,2026-12-31
SYN-01620,결과_실패,2026-12-31
SYN-01621,제출,2025-10-24
SYN-01621,종결,2025-11-29
SYN-01621,결과_성공,2025-11-29
SYN-01622,제출,2025-12-26
SYN-01622,종결,2026-05-01
SYN-01622,결과_성공,2026-05-01
SYN-01623,제출,2025-10-10
SYN-01623,종결,2025-11-15
SYN-01623,결과_성공,2025-11-15
SYN-01624,제출,2026-06-20
SYN-01624,종결,2026-10-25
SYN-01624,결과_실패,2026-10-25
SYN-01625,제출,2026-07-20
SYN-01625,종결,2026-11-01
SYN-01625,결과_성공,2026-11-01
SYN-01626,제출,2026-07-11
SYN-01626,종결,2026-10-10
SYN-01626,결과_실패,2026-10-10
SYN-01627,제출,2025-11-13
SYN-01627,종결,2026-03-19
SYN-01627,결과_성공,2026-03-19
SYN-01628,제출,2025-11-18
SYN-01628,종결,2026-03-20
SYN-01628,결과_성공,2026-03-20
SYN-01628,종결,2026-03-20
SYN-01629,제출,2026-02-10
SYN-01629,종결,2026-06-27
SYN-01629,결과_성공,2026-06-27
SYN-01630,제출,2026-01-21
SYN-01630,종결,2026-07-18
SYN-01630,결과_성공,2026-07-18
SYN-01631,제출,2026-04-11
SYN-01631,종결,2026-07-23
SYN-01631,결과_성공,2026-07-23
SYN-01632,제출,2025-12-19
SYN-01632,종결,2026-01-19
SYN-01632,결과_성공,2026-01-19
SYN-01633,제출,2025-12-05
SYN-01633,종결,2026-05-25
SYN-01633,결과_성공,2026-05-25
SYN-01634,제출,2025-12-29
SYN-01634,종결,2026-02-13
SYN-01634,결과_실패,2026-02-13
SYN-01635,제출,2026-04-14
SYN-01635,종결,2026-06-13
SYN-01635,결과_성공,2026-06-13
SYN-01636,제출,2026-08-05
SYN-01636,종결,2026-09-22
SYN-01636,결과_성공,2026-09-22
SYN-01637,제출,2026-05-14
SYN-01637,종결,2026-08-23
SYN-01637,결과_성공,2026-08-23
SYN-01638,제출,2026-07-27
SYN-01638,종결,2026-10-14
SYN-01638,결과_성공,2026-10-14
SYN-01639,제출,2025-09-11
SYN-01639,종결,2026-03-19
SYN-01639,결과_성공,2026-03-19
SYN-01640,제출,2025-10-09
SYN-01640,종결,2026-01-03
SYN-01640,결과_성공,2026-01-03
SYN-01641,제출,2025-09-09
SYN-01641,종결,2026-03-27
SYN-01641,결과_성공,2026-03-27
SYN-01642,제출,2025-12-02
SYN-01642,종결,2026-05-03
SYN-01642,결과_성공,2026-05-03
SYN-01643,제출,2026-06-14
SYN-01643,종결,2026-12-20
SYN-01643,결과_성공,2026-12-20
SYN-01644,제출,2026-02-18
SYN-01644,종결,2026-07-15
SYN-01644,결과_실패,2026-07-15
SYN-01645,제출,2025-11-19
SYN-01645,종결,2026-04-19
SYN-01645,결과_성공,2026-04-19
SYN-01646,제출,2026-03-10
SYN-01646,종결,2026-09-04
SYN-01646,결과_실패,2026-09-04
SYN-01647,제출,2026-07-16
SYN-01647,종결,2027-01-05
SYN-01647,결과_성공,2027-01-05
SYN-01648,제출,2026-04-29
SYN-01648,종결,2026-07-07
SYN-01648,결과_성공,2026-07-07
SYN-01649,제출,2025-10-29
SYN-01649,종결,2026-04-30
SYN-01649,결과_성공,2026-04-30
SYN-01650,제출,2026-04-04
SYN-01650,종결,2026-06-09
SYN-01650,결과_성공,2026-06-09
SYN-01651,제출,2025-09-12
SYN-01651,종결,2025-11-05
SYN-01651,결과_성공,2025-11-05
SYN-01652,제출,2026-04-08
SYN-01652,종결,2026-09-07
SYN-01652,결과_성공,2026-09-07
SYN-01652,종결,2026-09-07
SYN-01653,제출,2026-05-08
SYN-01653,종결,2026-10-10
SYN-01653,결과_성공,2026-10-10
SYN-01654,제출,2026-06-12
SYN-01654,종결,2026-08-20
SYN-01654,결과_실패,2026-08-20
SYN-01655,제출,2026-05-31
SYN-01655,종결,2026-08-07
SYN-01655,결과_성공,2026-08-07
SYN-01656,제출,2025-10-11
SYN-01656,종결,2026-01-24
SYN-01656,결과_성공,2026-01-24
SYN-01657,제출,2026-08-21
SYN-01657,종결,2027-01-03
SYN-01657,결과_실패,2027-01-03
SYN-01658,제출,2026-04-05
SYN-01658,종결,2026-06-23
SYN-01658,결과_성공,2026-06-23
SYN-01659,제출,2025-10-10
SYN-01659,종결,2025-11-21
SYN-01659,결과_성공,2025-11-21
SYN-01660,제출,2026-04-02
SYN-01660,종결,2026-09-02
SYN-01660,결과_성공,2026-09-02
SYN-01661,제출,2026-04-26
SYN-01661,종결,2026-10-31
SYN-01661,결과_성공,2026-10-31
SYN-01662,제출,2026-01-31
SYN-01662,종결,2026-03-18
SYN-01662,결과_성공,2026-03-18
SYN-01663,제출,2026-02-24
SYN-01663,종결,2026-08-25
SYN-01663,결과_성공,2026-08-25
SYN-01664,제출,2025-10-17
SYN-01664,종결,2026-04-24
SYN-01664,결과_성공,2026-04-24
SYN-01665,제출,2025-11-14
SYN-01665,종결,2026-05-26
SYN-01665,결과_성공,2026-05-26
SYN-01666,제출,2026-04-18
SYN-01666,종결,2026-06-23
SYN-01666,결과_성공,2026-06-23
SYN-01667,제출,2026-03-25
SYN-01667,종결,2026-05-27
SYN-01667,결과_성공,2026-05-27
SYN-01667,결과_성공,2026-05-27
SYN-01668,제출,2025-10-31
SYN-01668,종결,2026-02-25
SYN-01668,결과_실패,2026-02-25
SYN-01669,제출,2026-04-30
SYN-01669,종결,2026-07-08
SYN-01669,결과_실패,2026-07-08
SYN-01670,제출,2026-06-08
SYN-01670,종결,2026-10-12
SYN-01670,결과_성공,2026-10-12
SYN-01671,제출,2026-01-08
SYN-01671,종결,2026-02-12
SYN-01671,결과_성공,2026-02-12
SYN-01672,제출,2026-03-09
SYN-01672,종결,2026-06-04
SYN-01672,결과_실패,2026-06-04
SYN-01673,제출,2026-04-13
SYN-01673,종결,2026-06-08
SYN-01673,결과_성공,2026-06-08
SYN-01674,제출,2025-12-11
SYN-01674,종결,2026-01-22
SYN-01674,결과_성공,2026-01-22
SYN-01675,제출,2025-09-11
SYN-01675,종결,2026-03-14
SYN-01675,결과_실패,2026-03-14
SYN-01676,제출,2025-09-24
SYN-01676,종결,2026-03-14
SYN-01676,결과_성공,2026-03-14
SYN-01677,제출,2025-10-02
SYN-01677,종결,2026-04-03
SYN-01677,결과_성공,2026-04-03
SYN-01678,제출,2026-02-24
SYN-01678,종결,2026-06-04
SYN-01678,결과_성공,2026-06-04
SYN-01678,결과_성공,2026-06-04
SYN-01679,제출,2025-10-09
SYN-01679,종결,2026-03-02
SYN-01679,결과_성공,2026-03-02
SYN-01680,제출,2026-08-14
SYN-01680,제출,2026-08-14
SYN-01680,종결,2026-12-07
SYN-01680,결과_성공,2026-12-07
SYN-01681,제출,2026-06-11
SYN-01681,종결,2026-08-23
SYN-01681,결과_성공,2026-08-23
SYN-01682,제출,2025-09-24
SYN-01682,종결,2026-02-28
SYN-01682,결과_성공,2026-02-28
SYN-01683,제출,2026-04-29
SYN-01683,종결,2026-10-19
SYN-01683,결과_성공,2026-10-19
SYN-01684,제출,2025-11-24
SYN-01684,종결,2026-04-28
SYN-01684,결과_실패,2026-04-28
SYN-01685,제출,2026-07-19
SYN-01685,제출,2026-07-19
SYN-01685,종결,2026-10-25
SYN-01685,결과_성공,2026-10-25
SYN-01686,제출,2026-03-31
SYN-01686,종결,2026-06-21
SYN-01686,결과_성공,2026-06-21
SYN-01687,제출,2026-01-06
SYN-01687,종결,2026-02-08
SYN-01687,결과_성공,2026-02-08
SYN-01687,결과_성공,2026-02-08
SYN-01688,제출,2025-09-07
SYN-01688,종결,2025-11-18
SYN-01688,결과_성공,2025-11-18
SYN-01689,제출,2025-09-17
SYN-01689,종결,2025-12-23
SYN-01689,결과_성공,2025-12-23
SYN-01690,제출,2025-12-25
SYN-01690,종결,2026-01-31
SYN-01690,결과_성공,2026-01-31
SYN-01691,제출,2026-05-19
SYN-01691,종결,2026-11-08
SYN-01691,결과_성공,2026-11-08
SYN-01692,제출,2026-04-13
SYN-01692,종결,2026-05-15
SYN-01692,결과_성공,2026-05-15
SYN-01693,제출,2026-05-29
SYN-01693,종결,2026-09-10
SYN-01693,결과_성공,2026-09-10
SYN-01694,제출,2026-07-23
SYN-01695,제출,2025-09-11
SYN-01695,종결,2026-02-21
SYN-01695,결과_실패,2026-02-21
SYN-01696,제출,2026-08-02
SYN-01697,제출,2025-10-02
SYN-01697,종결,2025-11-01
SYN-01697,결과_성공,2025-11-01
SYN-01698,제출,2025-10-26
SYN-01698,종결,2026-01-03
SYN-01698,결과_성공,2026-01-03
SYN-01699,제출,2026-03-21
SYN-01699,종결,2026-06-05
SYN-01699,결과_실패,2026-06-05
SYN-01700,제출,2026-04-20
SYN-01700,종결,2026-10-31
SYN-01700,결과_성공,2026-10-31
SYN-01701,제출,2026-07-23
SYN-01701,종결,2026-11-27
SYN-01701,결과_성공,2026-11-27
SYN-01702,제출,2026-08-18
SYN-01703,제출,2025-11-07
SYN-01703,종결,2026-01-30
SYN-01703,결과_성공,2026-01-30
SYN-01704,제출,2025-09-25
SYN-01704,종결,2026-01-01
SYN-01704,결과_실패,2026-01-01
SYN-01705,제출,2026-04-12
SYN-01705,종결,2026-08-16
SYN-01705,결과_성공,2026-08-16
SYN-01706,제출,2025-09-07
SYN-01706,종결,2025-10-27
SYN-01706,결과_성공,2025-10-27
SYN-01707,제출,2026-02-11
SYN-01707,종결,2026-04-30
SYN-01707,결과_실패,2026-04-30
SYN-01708,제출,2025-10-23
SYN-01708,종결,2026-05-06
SYN-01708,결과_실패,2026-05-06
SYN-01709,제출,2026-08-07
SYN-01709,종결,2027-01-04
SYN-01709,결과_성공,2027-01-04
SYN-01710,제출,2026-08-02
SYN-01710,종결,2026-11-14
SYN-01710,결과_실패,2026-11-14
SYN-01711,제출,2025-12-13
SYN-01711,종결,2026-02-03
SYN-01711,결과_성공,2026-02-03
SYN-01712,제출,2026-04-20
SYN-01712,종결,2026-08-22
SYN-01712,결과_성공,2026-08-22
SYN-01713,제출,2026-03-20
SYN-01713,종결,2026-08-10
SYN-01713,결과_성공,2026-08-10
SYN-01714,제출,2025-10-13
SYN-01714,종결,2025-12-07
SYN-01714,결과_성공,2025-12-07
SYN-01715,제출,2025-12-08
SYN-01715,종결,2026-01-23
SYN-01715,결과_성공,2026-01-23
SYN-01716,제출,2026-06-20
SYN-01716,종결,2026-08-03
SYN-01716,결과_성공,2026-08-03
SYN-01717,제출,2026-01-27
SYN-01717,제출,2026-01-27
SYN-01717,종결,2026-06-25
SYN-01717,결과_성공,2026-06-25
SYN-01718,제출,2025-09-19
SYN-01718,종결,2025-12-14
SYN-01718,결과_실패,2025-12-14
SYN-01719,제출,2026-07-07
SYN-01719,종결,2026-10-16
SYN-01719,결과_성공,2026-10-16
SYN-01720,제출,2026-08-17
SYN-01720,종결,2026-09-16
SYN-01720,결과_성공,2026-09-16
SYN-01721,제출,2026-01-25
SYN-01721,종결,2026-08-08
SYN-01721,결과_실패,2026-08-08
SYN-01722,제출,2025-11-06
SYN-01722,종결,2026-05-01
SYN-01722,결과_실패,2026-05-01
SYN-01723,제출,2025-12-14
SYN-01723,종결,2026-03-13
SYN-01723,결과_성공,2026-03-13
SYN-01724,제출,2026-08-17
SYN-01724,종결,2026-12-06
SYN-01724,결과_성공,2026-12-06
SYN-01725,제출,2026-03-01
SYN-01725,종결,2026-07-19
SYN-01725,결과_성공,2026-07-19
SYN-01725,결과_성공,2026-07-19
SYN-01726,제출,2026-08-07
SYN-01726,종결,2026-11-10
SYN-01726,결과_성공,2026-11-10
SYN-01726,종결,2026-11-10
SYN-01727,제출,2026-05-12
SYN-01727,종결,2026-07-31
SYN-01727,결과_성공,2026-07-31
SYN-01728,제출,2026-05-07
SYN-01728,종결,2026-09-01
SYN-01728,결과_성공,2026-09-01
SYN-01729,제출,2025-12-21
SYN-01729,종결,2026-05-31
SYN-01729,결과_성공,2026-05-31
SYN-01730,제출,2025-09-06
SYN-01730,종결,2025-10-09
SYN-01730,결과_실패,2025-10-09
SYN-01731,제출,2025-12-02
SYN-01731,종결,2026-06-12
SYN-01731,결과_성공,2026-06-12
SYN-01732,제출,2025-09-07
SYN-01732,종결,2025-11-23
SYN-01732,결과_성공,2025-11-23
SYN-01733,제출,2025-09-02
SYN-01733,종결,2026-02-02
SYN-01733,결과_성공,2026-02-02
SYN-01734,제출,2025-12-16
SYN-01734,종결,2026-01-24
SYN-01734,결과_성공,2026-01-24
SYN-01735,제출,2026-05-06
SYN-01735,종결,2026-10-07
SYN-01735,결과_성공,2026-10-07
SYN-01736,제출,2025-09-10
SYN-01736,종결,2026-02-14
SYN-01736,결과_성공,2026-02-14
SYN-01736,결과_성공,2026-02-14
SYN-01737,제출,2026-05-14
SYN-01737,종결,2026-09-09
SYN-01737,결과_성공,2026-09-09
SYN-01738,제출,2025-09-03
SYN-01738,종결,2026-02-13
SYN-01738,결과_성공,2026-02-13
SYN-01739,제출,2026-08-26
SYN-01740,제출,2025-11-19
SYN-01740,종결,2026-01-26
SYN-01740,결과_실패,2026-01-26
SYN-01741,제출,2025-11-07
SYN-01741,종결,2026-01-23
SYN-01741,결과_성공,2026-01-23
SYN-01742,제출,2026-07-22
SYN-01743,제출,2026-05-07
SYN-01743,종결,2026-06-30
SYN-01743,결과_성공,2026-06-30
SYN-01744,제출,2026-03-17
SYN-01744,종결,2026-06-22
SYN-01744,결과_성공,2026-06-22
SYN-01745,제출,2026-05-25
SYN-01745,종결,2026-09-19
SYN-01745,결과_성공,2026-09-19
SYN-01746,제출,2025-10-12
SYN-01746,종결,2026-01-30
SYN-01746,결과_성공,2026-01-30
SYN-01747,제출,2025-11-14
SYN-01747,종결,2026-02-27
SYN-01747,결과_성공,2026-02-27
SYN-01748,제출,2025-12-24
SYN-01748,종결,2026-03-26
SYN-01748,결과_성공,2026-03-26
SYN-01749,제출,2025-10-30
SYN-01749,종결,2025-12-08
SYN-01749,결과_성공,2025-12-08
SYN-01750,제출,2026-06-28
SYN-01750,종결,2026-10-09
SYN-01750,결과_실패,2026-10-09
SYN-01751,제출,2026-04-14
SYN-01751,종결,2026-06-14
SYN-01751,결과_실패,2026-06-14
SYN-01752,제출,2026-02-01
SYN-01752,종결,2026-08-04
SYN-01752,결과_성공,2026-08-04
SYN-01752,결과_성공,2026-08-04
SYN-01753,제출,2026-06-09
SYN-01753,종결,2026-07-29
SYN-01753,결과_성공,2026-07-29
SYN-01754,제출,2026-04-17
SYN-01754,종결,2026-10-26
SYN-01754,결과_성공,2026-10-26
SYN-01755,제출,2026-08-24
SYN-01755,종결,2026-11-17
SYN-01755,결과_성공,2026-11-17
SYN-01756,제출,2026-03-29
SYN-01756,종결,2026-06-19
SYN-01756,결과_성공,2026-06-19
SYN-01757,제출,2026-02-12
SYN-01757,종결,2026-07-07
SYN-01757,결과_성공,2026-07-07
SYN-01758,제출,2026-02-22
SYN-01758,종결,2026-09-06
SYN-01758,결과_성공,2026-09-06
SYN-01759,제출,2026-05-27
SYN-01759,종결,2026-09-07
SYN-01759,결과_실패,2026-09-07
SYN-01760,제출,2025-11-25
SYN-01760,종결,2026-01-02
SYN-01760,결과_실패,2026-01-02
SYN-01761,제출,2026-03-10
SYN-01761,종결,2026-08-14
SYN-01761,결과_실패,2026-08-14
SYN-01762,제출,2025-11-18
SYN-01762,종결,2026-05-06
SYN-01762,결과_실패,2026-05-06
SYN-01763,제출,2026-04-20
SYN-01763,종결,2026-05-27
SYN-01763,결과_성공,2026-05-27
SYN-01764,제출,2026-08-01
SYN-01764,종결,2026-09-16
SYN-01764,결과_성공,2026-09-16
SYN-01765,제출,2025-12-17
SYN-01765,종결,2026-04-26
SYN-01765,결과_성공,2026-04-26
SYN-01766,제출,2025-11-11
SYN-01766,종결,2025-12-27
SYN-01766,결과_성공,2025-12-27
SYN-01767,제출,2026-03-16
SYN-01767,종결,2026-05-04
SYN-01767,결과_성공,2026-05-04
SYN-01768,제출,2026-04-03
SYN-01768,종결,2026-07-29
SYN-01768,결과_성공,2026-07-29
SYN-01769,제출,2026-02-03
SYN-01769,종결,2026-03-18
SYN-01769,결과_성공,2026-03-18
SYN-01770,제출,2026-01-24
SYN-01770,종결,2026-03-28
SYN-01770,결과_성공,2026-03-28
SYN-01771,제출,2026-06-04
SYN-01771,종결,2026-09-08
SYN-01771,결과_실패,2026-09-08
SYN-01772,제출,2026-03-31
SYN-01772,종결,2026-07-29
SYN-01772,결과_실패,2026-07-29
SYN-01773,제출,2026-04-23
SYN-01773,종결,2026-07-14
SYN-01773,결과_성공,2026-07-14
SYN-01774,제출,2026-06-14
SYN-01774,종결,2026-10-23
SYN-01774,결과_성공,2026-10-23
SYN-01775,제출,2025-12-27
SYN-01775,종결,2026-03-18
SYN-01775,결과_성공,2026-03-18
SYN-01776,제출,2026-03-29
SYN-01776,종결,2026-10-08
SYN-01776,결과_성공,2026-10-08
SYN-01777,제출,2025-09-09
SYN-01777,종결,2026-03-11
SYN-01777,결과_성공,2026-03-11
SYN-01778,제출,2026-06-29
SYN-01778,종결,2026-12-04
SYN-01778,결과_성공,2026-12-04
SYN-01779,제출,2025-09-15
SYN-01779,종결,2025-11-05
SYN-01779,결과_성공,2025-11-05
SYN-01780,제출,2025-10-12
SYN-01780,종결,2026-01-13
SYN-01780,결과_성공,2026-01-13
SYN-01781,제출,2026-05-21
SYN-01781,종결,2026-08-24
SYN-01781,결과_성공,2026-08-24
SYN-01782,제출,2025-12-10
SYN-01782,종결,2026-03-26
SYN-01782,결과_성공,2026-03-26
SYN-01783,제출,2026-07-05
SYN-01783,종결,2026-12-30
SYN-01783,결과_성공,2026-12-30
SYN-01784,제출,2025-10-11
SYN-01784,종결,2026-04-20
SYN-01784,결과_성공,2026-04-20
SYN-01785,제출,2026-07-23
SYN-01785,종결,2026-10-15
SYN-01785,결과_성공,2026-10-15
SYN-01786,제출,2026-06-03
SYN-01786,종결,2026-07-23
SYN-01786,결과_성공,2026-07-23
SYN-01787,제출,2026-06-06
SYN-01787,종결,2026-10-22
SYN-01787,결과_실패,2026-10-22
SYN-01788,제출,2025-09-02
SYN-01788,종결,2025-11-21
SYN-01788,결과_성공,2025-11-21
SYN-01789,제출,2025-12-15
SYN-01789,종결,2026-03-30
SYN-01789,결과_성공,2026-03-30
SYN-01790,제출,2025-09-26
SYN-01790,종결,2025-11-25
SYN-01790,결과_성공,2025-11-25
SYN-01791,제출,2026-06-26
SYN-01791,종결,2026-08-06
SYN-01791,결과_성공,2026-08-06
SYN-01792,제출,2026-04-25
SYN-01792,종결,2026-06-22
SYN-01792,결과_성공,2026-06-22
SYN-01793,제출,2026-01-25
SYN-01793,종결,2026-04-17
SYN-01793,결과_성공,2026-04-17
SYN-01794,제출,2025-09-14
SYN-01794,종결,2026-01-24
SYN-01794,결과_성공,2026-01-24
SYN-01795,제출,2026-01-24
SYN-01795,종결,2026-05-02
SYN-01795,결과_성공,2026-05-02
SYN-01796,제출,2026-08-26
SYN-01797,제출,2025-10-28
SYN-01797,종결,2026-01-03
SYN-01797,결과_성공,2026-01-03
SYN-01798,제출,2026-04-11
SYN-01798,종결,2026-10-10
SYN-01798,결과_성공,2026-10-10
SYN-01799,제출,2025-09-25
SYN-01799,종결,2026-02-19
SYN-01799,결과_성공,2026-02-19
SYN-01800,제출,2026-01-11
SYN-01800,종결,2026-06-16
SYN-01800,결과_성공,2026-06-16
SYN-01801,제출,2026-01-06
SYN-01801,종결,2026-07-02
SYN-01801,결과_성공,2026-07-02
SYN-01802,제출,2025-11-29
SYN-01802,종결,2026-05-13
SYN-01802,결과_성공,2026-05-13
SYN-01803,제출,2026-07-28
SYN-01803,종결,2026-12-08
SYN-01803,결과_실패,2026-12-08
SYN-01804,제출,2026-03-20
SYN-01804,종결,2026-05-24
SYN-01804,결과_성공,2026-05-24
SYN-01805,제출,2026-08-17
SYN-01805,제출,2026-08-17
SYN-01806,제출,2025-12-11
SYN-01806,종결,2026-03-13
SYN-01806,결과_실패,2026-03-13
SYN-01807,제출,2026-06-30
SYN-01807,종결,2026-12-05
SYN-01807,결과_성공,2026-12-05
SYN-01808,제출,2026-06-12
SYN-01808,종결,2026-10-13
SYN-01808,결과_성공,2026-10-13
SYN-01809,제출,2026-07-07
SYN-01810,제출,2026-03-16
SYN-01810,종결,2026-06-28
SYN-01810,결과_성공,2026-06-28
SYN-01811,제출,2026-02-28
SYN-01811,종결,2026-08-19
SYN-01811,결과_성공,2026-08-19
SYN-01812,제출,2025-10-01
SYN-01812,종결,2025-11-16
SYN-01812,결과_성공,2025-11-16
SYN-01813,제출,2026-03-24
SYN-01813,종결,2026-10-09
SYN-01813,결과_실패,2026-10-09
SYN-01814,제출,2026-03-03
SYN-01814,종결,2026-07-03
SYN-01814,결과_실패,2026-07-03
SYN-01815,제출,2026-03-11
SYN-01815,종결,2026-06-04
SYN-01815,결과_실패,2026-06-04
SYN-01816,제출,2026-06-20
SYN-01816,종결,2026-08-09
SYN-01816,결과_성공,2026-08-09
SYN-01817,제출,2026-07-18
SYN-01817,종결,2026-09-29
SYN-01817,결과_실패,2026-09-29
SYN-01818,제출,2026-08-06
SYN-01818,종결,2026-12-18
SYN-01818,결과_실패,2026-12-18
SYN-01819,제출,2026-07-04
SYN-01819,종결,2026-09-23
SYN-01819,결과_성공,2026-09-23
SYN-01820,제출,2026-03-18
SYN-01820,종결,2026-05-18
SYN-01820,결과_성공,2026-05-18
SYN-01821,제출,2026-03-16
SYN-01821,종결,2026-09-15
SYN-01821,결과_성공,2026-09-15
SYN-01822,제출,2025-12-03
SYN-01822,종결,2026-05-10
SYN-01822,결과_성공,2026-05-10
SYN-01823,제출,2025-12-07
SYN-01823,종결,2026-01-17
SYN-01823,결과_성공,2026-01-17
SYN-01824,제출,2025-12-20
SYN-01824,종결,2026-04-06
SYN-01824,결과_실패,2026-04-06
SYN-01825,제출,2026-01-13
SYN-01825,제출,2026-01-13
SYN-01825,종결,2026-06-24
SYN-01825,결과_실패,2026-06-24
SYN-01825,결과_실패,2026-06-24
SYN-01826,제출,2026-06-03
SYN-01826,종결,2026-08-18
SYN-01826,결과_실패,2026-08-18
SYN-01827,제출,2025-11-25
SYN-01827,종결,2026-02-27
SYN-01827,결과_성공,2026-02-27
SYN-01828,제출,2026-06-11
SYN-01828,종결,2026-08-22
SYN-01828,결과_성공,2026-08-22
SYN-01829,제출,2026-01-22
SYN-01829,종결,2026-04-06
SYN-01829,결과_성공,2026-04-06
SYN-01830,제출,2026-05-02
SYN-01830,종결,2026-10-21
SYN-01830,결과_실패,2026-10-21
SYN-01831,제출,2026-06-16
SYN-01831,종결,2026-08-11
SYN-01831,결과_성공,2026-08-11
SYN-01832,제출,2025-12-07
SYN-01832,종결,2026-01-28
SYN-01832,결과_성공,2026-01-28
SYN-01833,제출,2025-09-21
SYN-01833,종결,2025-10-25
SYN-01833,결과_성공,2025-10-25
SYN-01834,제출,2025-10-28
SYN-01834,종결,2026-02-13
SYN-01834,결과_실패,2026-02-13
SYN-01835,제출,2026-01-19
SYN-01835,종결,2026-05-27
SYN-01835,결과_성공,2026-05-27
SYN-01836,제출,2026-05-15
SYN-01836,종결,2026-06-14
SYN-01836,결과_성공,2026-06-14
SYN-01837,제출,2025-11-21
SYN-01837,종결,2026-02-11
SYN-01837,결과_성공,2026-02-11
SYN-01838,제출,2025-09-01
SYN-01838,제출,2025-09-01
SYN-01838,종결,2026-03-02
SYN-01838,결과_실패,2026-03-02
SYN-01839,제출,2026-07-07
SYN-01839,종결,2026-11-26
SYN-01839,결과_성공,2026-11-26
SYN-01840,제출,2026-02-12
SYN-01840,종결,2026-07-26
SYN-01840,결과_성공,2026-07-26
SYN-01841,제출,2025-12-29
SYN-01841,종결,2026-03-16
SYN-01841,결과_성공,2026-03-16
SYN-01842,제출,2026-01-28
SYN-01842,종결,2026-06-01
SYN-01842,결과_실패,2026-06-01
SYN-01843,제출,2026-05-02
SYN-01843,종결,2026-09-14
SYN-01843,결과_실패,2026-09-14
SYN-01844,제출,2025-10-22
SYN-01844,종결,2026-01-24
SYN-01844,결과_실패,2026-01-24
SYN-01845,제출,2026-06-03
SYN-01845,종결,2026-08-15
SYN-01845,결과_성공,2026-08-15
SYN-01846,제출,2026-01-15
SYN-01846,종결,2026-07-06
SYN-01846,결과_성공,2026-07-06
SYN-01847,제출,2026-08-03
SYN-01847,종결,2026-11-27
SYN-01847,결과_성공,2026-11-27
SYN-01848,제출,2025-10-10
SYN-01848,종결,2026-04-25
SYN-01848,결과_성공,2026-04-25
SYN-01849,제출,2026-06-10
SYN-01849,종결,2026-12-14
SYN-01849,결과_성공,2026-12-14
SYN-01850,제출,2026-01-25
SYN-01850,종결,2026-05-23
SYN-01850,결과_실패,2026-05-23
SYN-01851,제출,2026-04-19
SYN-01851,종결,2026-05-24
SYN-01851,결과_실패,2026-05-24
SYN-01852,제출,2026-06-04
SYN-01852,종결,2026-08-05
SYN-01852,결과_성공,2026-08-05
SYN-01853,제출,2026-08-12
SYN-01853,종결,2026-11-20
SYN-01853,결과_성공,2026-11-20
SYN-01854,제출,2025-12-05
SYN-01854,종결,2026-01-23
SYN-01854,결과_성공,2026-01-23
SYN-01855,제출,2026-07-02
SYN-01855,제출,2026-07-02
SYN-01855,종결,2026-09-18
SYN-01855,결과_성공,2026-09-18
SYN-01856,제출,2025-11-02
SYN-01856,종결,2026-05-09
SYN-01856,결과_실패,2026-05-09
SYN-01857,제출,2026-05-25
SYN-01857,종결,2026-07-02
SYN-01857,결과_성공,2026-07-02
SYN-01858,제출,2026-03-27
SYN-01858,제출,2026-03-27
SYN-01858,종결,2026-07-05
SYN-01858,결과_실패,2026-07-05
SYN-01859,제출,2025-12-23
SYN-01859,종결,2026-02-18
SYN-01859,결과_성공,2026-02-18
SYN-01859,결과_성공,2026-02-18
SYN-01860,제출,2026-08-05
SYN-01860,종결,2027-01-07
SYN-01860,결과_성공,2027-01-07
SYN-01861,제출,2026-05-05
SYN-01861,종결,2026-10-19
SYN-01861,결과_성공,2026-10-19
SYN-01862,제출,2026-05-04
SYN-01862,종결,2026-10-20
SYN-01862,결과_성공,2026-10-20
SYN-01863,제출,2026-01-13
SYN-01863,종결,2026-03-31
SYN-01863,결과_실패,2026-03-31
SYN-01864,제출,2025-10-05
SYN-01864,종결,2026-02-13
SYN-01864,결과_실패,2026-02-13
SYN-01864,결과_실패,2026-02-13
SYN-01865,제출,2026-08-10
SYN-01865,종결,2026-11-10
SYN-01865,결과_성공,2026-11-10
SYN-01866,제출,2025-11-21
SYN-01866,종결,2026-05-22
SYN-01866,결과_성공,2026-05-22
SYN-01867,제출,2026-05-20
SYN-01867,종결,2026-11-12
SYN-01867,결과_성공,2026-11-12
SYN-01868,제출,2026-01-04
SYN-01868,종결,2026-04-09
SYN-01868,결과_실패,2026-04-09
SYN-01869,제출,2026-07-21
SYN-01869,종결,2026-10-01
SYN-01869,결과_성공,2026-10-01
SYN-01870,제출,2026-04-18
SYN-01870,종결,2026-07-09
SYN-01870,결과_성공,2026-07-09
SYN-01871,제출,2026-02-20
SYN-01871,제출,2026-02-20
SYN-01871,종결,2026-07-07
SYN-01871,결과_성공,2026-07-07
SYN-01872,제출,2026-04-01
SYN-01872,종결,2026-07-18
SYN-01872,결과_성공,2026-07-18
SYN-01873,제출,2026-03-14
SYN-01873,종결,2026-04-30
SYN-01873,결과_실패,2026-04-30
SYN-01874,제출,2026-08-19
SYN-01875,제출,2025-09-09
SYN-01875,종결,2026-01-15
SYN-01875,결과_실패,2026-01-15
SYN-01875,종결,2026-01-15
SYN-01876,제출,2026-08-20
SYN-01876,종결,2026-11-19
SYN-01876,결과_성공,2026-11-19
SYN-01877,제출,2026-03-01
SYN-01877,종결,2026-07-30
SYN-01877,결과_성공,2026-07-30
SYN-01878,제출,2026-06-28
SYN-01878,종결,2026-12-11
SYN-01878,결과_성공,2026-12-11
SYN-01879,제출,2026-02-14
SYN-01879,종결,2026-04-01
SYN-01879,결과_성공,2026-04-01
SYN-01880,제출,2026-07-04
SYN-01880,종결,2026-08-18
SYN-01880,결과_성공,2026-08-18
SYN-01881,제출,2025-10-26
SYN-01881,종결,2026-01-08
SYN-01881,결과_성공,2026-01-08
SYN-01882,제출,2026-05-03
SYN-01882,종결,2026-11-16
SYN-01882,결과_성공,2026-11-16
SYN-01883,제출,2026-07-23
SYN-01884,제출,2026-04-18
SYN-01884,종결,2026-05-20
SYN-01884,결과_성공,2026-05-20
SYN-01885,제출,2026-01-28
SYN-01885,종결,2026-05-04
SYN-01885,결과_성공,2026-05-04
SYN-01886,제출,2026-02-15
SYN-01886,종결,2026-07-04
SYN-01886,결과_실패,2026-07-04
SYN-01887,제출,2026-02-02
SYN-01887,종결,2026-07-29
SYN-01887,결과_성공,2026-07-29
SYN-01888,제출,2025-12-05
SYN-01888,종결,2026-01-28
SYN-01888,결과_성공,2026-01-28
SYN-01889,제출,2025-11-26
SYN-01889,종결,2026-01-01
SYN-01889,결과_성공,2026-01-01
SYN-01890,제출,2025-11-03
SYN-01890,종결,2026-03-09
SYN-01890,결과_실패,2026-03-09
SYN-01890,종결,2026-03-09
SYN-01891,제출,2026-02-25
SYN-01891,종결,2026-05-31
SYN-01891,결과_성공,2026-05-31
SYN-01892,제출,2026-06-03
SYN-01892,종결,2026-11-16
SYN-01892,결과_성공,2026-11-16
SYN-01893,제출,2026-07-16
SYN-01893,종결,2027-01-11
SYN-01893,결과_성공,2027-01-11
SYN-01894,제출,2026-03-06
SYN-01894,종결,2026-06-19
SYN-01894,결과_성공,2026-06-19
SYN-01895,제출,2025-10-23
SYN-01895,종결,2026-04-19
SYN-01895,결과_성공,2026-04-19
SYN-01896,제출,2026-04-06
SYN-01896,종결,2026-06-04
SYN-01896,결과_성공,2026-06-04
SYN-01897,제출,2025-11-30
SYN-01897,종결,2026-05-16
SYN-01897,결과_성공,2026-05-16
SYN-01898,제출,2025-09-28
SYN-01898,종결,2026-04-09
SYN-01898,결과_성공,2026-04-09
SYN-01899,제출,2025-10-27
SYN-01899,종결,2026-05-07
SYN-01899,결과_실패,2026-05-07
SYN-01900,제출,2025-10-26
SYN-01900,종결,2025-11-25
SYN-01900,결과_성공,2025-11-25
SYN-01901,제출,2026-04-01
SYN-01901,종결,2026-08-29
SYN-01901,결과_성공,2026-08-29
SYN-01902,제출,2025-12-21
SYN-01902,종결,2026-05-04
SYN-01902,결과_성공,2026-05-04
SYN-01903,제출,2026-06-17
SYN-01903,종결,2026-07-31
SYN-01903,결과_성공,2026-07-31
SYN-01904,제출,2025-09-27
SYN-01904,종결,2026-04-05
SYN-01904,결과_성공,2026-04-05
SYN-01905,제출,2025-11-07
SYN-01905,종결,2026-01-07
SYN-01905,결과_성공,2026-01-07
SYN-01906,제출,2026-07-18
SYN-01906,종결,2026-12-24
SYN-01906,결과_성공,2026-12-24
SYN-01907,제출,2026-05-31
SYN-01907,종결,2026-08-16
SYN-01907,결과_성공,2026-08-16
SYN-01908,제출,2026-06-04
SYN-01908,종결,2026-12-08
SYN-01908,결과_성공,2026-12-08
SYN-01909,제출,2026-04-22
SYN-01909,종결,2026-09-02
SYN-01909,결과_성공,2026-09-02
SYN-01910,제출,2025-10-02
SYN-01910,종결,2026-01-19
SYN-01910,결과_성공,2026-01-19
SYN-01911,제출,2025-10-27
SYN-01911,종결,2026-04-15
SYN-01911,결과_성공,2026-04-15
SYN-01912,제출,2026-07-31
SYN-01912,종결,2026-12-01
SYN-01912,결과_성공,2026-12-01
SYN-01913,제출,2026-08-17
SYN-01913,종결,2026-09-17
SYN-01913,결과_성공,2026-09-17
SYN-01914,제출,2026-04-30
SYN-01914,종결,2026-08-09
SYN-01914,결과_성공,2026-08-09
SYN-01915,제출,2026-03-22
SYN-01915,종결,2026-05-11
SYN-01915,결과_성공,2026-05-11
SYN-01916,제출,2025-11-27
SYN-01916,종결,2026-06-04
SYN-01916,결과_성공,2026-06-04
SYN-01917,제출,2025-12-11
SYN-01917,종결,2026-05-30
SYN-01917,결과_성공,2026-05-30
SYN-01918,제출,2026-05-24
SYN-01918,종결,2026-07-15
SYN-01918,결과_성공,2026-07-15
SYN-01919,제출,2025-10-29
SYN-01919,종결,2026-02-06
SYN-01919,결과_성공,2026-02-06
SYN-01920,제출,2026-08-07
SYN-01921,제출,2025-10-04
SYN-01921,종결,2025-12-04
SYN-01921,결과_성공,2025-12-04
SYN-01922,제출,2025-11-18
SYN-01922,종결,2026-04-14
SYN-01922,결과_성공,2026-04-14
SYN-01923,제출,2026-02-07
SYN-01923,종결,2026-08-03
SYN-01923,결과_실패,2026-08-03
SYN-01924,제출,2026-04-02
SYN-01924,종결,2026-08-28
SYN-01924,결과_성공,2026-08-28
SYN-01925,제출,2026-05-16
SYN-01925,종결,2026-10-19
SYN-01925,결과_성공,2026-10-19
SYN-01926,제출,2026-07-13
SYN-01926,종결,2026-12-09
SYN-01926,결과_성공,2026-12-09
SYN-01927,제출,2026-01-31
SYN-01927,종결,2026-05-20
SYN-01927,결과_성공,2026-05-20
SYN-01928,제출,2025-09-13
SYN-01928,종결,2026-02-26
SYN-01928,결과_성공,2026-02-26
SYN-01929,제출,2026-06-09
SYN-01929,제출,2026-06-09
SYN-01929,종결,2026-07-26
SYN-01929,결과_실패,2026-07-26
SYN-01930,제출,2026-05-16
SYN-01930,종결,2026-07-06
SYN-01930,결과_성공,2026-07-06
SYN-01931,제출,2026-08-16
SYN-01931,종결,2027-01-14
SYN-01931,결과_성공,2027-01-14
SYN-01932,제출,2026-05-22
SYN-01932,종결,2026-07-27
SYN-01932,결과_성공,2026-07-27
SYN-01933,제출,2026-07-04
SYN-01933,종결,2026-11-12
SYN-01933,결과_실패,2026-11-12
SYN-01934,제출,2025-12-11
SYN-01934,종결,2026-05-09
SYN-01934,결과_성공,2026-05-09
SYN-01935,제출,2025-11-04
SYN-01935,종결,2026-01-16
SYN-01935,결과_성공,2026-01-16
SYN-01936,제출,2026-03-10
SYN-01936,종결,2026-08-29
SYN-01936,결과_성공,2026-08-29
SYN-01937,제출,2026-07-08
SYN-01937,종결,2026-12-30
SYN-01937,결과_성공,2026-12-30
SYN-01938,제출,2026-08-01
SYN-01938,종결,2026-09-06
SYN-01938,결과_실패,2026-09-06
SYN-01939,제출,2025-11-16
SYN-01939,종결,2026-03-16
SYN-01939,결과_성공,2026-03-16
SYN-01940,제출,2026-06-15
SYN-01940,종결,2026-11-24
SYN-01940,결과_성공,2026-11-24
SYN-01941,제출,2026-07-23
SYN-01941,종결,2026-11-30
SYN-01941,결과_실패,2026-11-30
SYN-01942,제출,2026-04-03
SYN-01942,종결,2026-06-19
SYN-01942,결과_성공,2026-06-19
SYN-01943,제출,2025-12-06
SYN-01943,종결,2026-04-09
SYN-01943,결과_성공,2026-04-09
SYN-01944,제출,2026-06-17
SYN-01944,종결,2026-12-17
SYN-01944,결과_성공,2026-12-17
SYN-01945,제출,2026-07-04
SYN-01945,종결,2026-09-10
SYN-01945,결과_실패,2026-09-10
SYN-01946,제출,2025-10-05
SYN-01946,종결,2026-02-20
SYN-01946,결과_성공,2026-02-20
SYN-01947,제출,2026-07-22
SYN-01947,종결,2026-12-15
SYN-01947,결과_성공,2026-12-15
SYN-01948,제출,2026-03-06
SYN-01948,종결,2026-06-13
SYN-01948,결과_실패,2026-06-13
SYN-01949,제출,2025-12-09
SYN-01949,종결,2026-01-10
SYN-01949,결과_실패,2026-01-10
SYN-01950,제출,2025-10-13
SYN-01950,종결,2026-04-26
SYN-01950,결과_실패,2026-04-26
SYN-01951,제출,2026-01-22
SYN-01951,종결,2026-07-07
SYN-01951,결과_성공,2026-07-07
SYN-01952,제출,2026-01-16
SYN-01952,종결,2026-03-24
SYN-01952,결과_성공,2026-03-24
SYN-01953,제출,2026-05-06
SYN-01953,종결,2026-07-30
SYN-01953,결과_실패,2026-07-30
SYN-01954,제출,2026-07-01
SYN-01954,종결,2026-10-28
SYN-01954,결과_성공,2026-10-28
SYN-01955,제출,2026-08-06
SYN-01956,제출,2026-04-08
SYN-01956,종결,2026-09-21
SYN-01956,결과_성공,2026-09-21
SYN-01957,제출,2026-08-05
SYN-01957,종결,2026-10-19
SYN-01957,결과_성공,2026-10-19
SYN-01958,제출,2026-03-21
SYN-01958,종결,2026-06-27
SYN-01958,결과_성공,2026-06-27
SYN-01959,제출,2026-03-13
SYN-01959,종결,2026-07-09
SYN-01959,결과_성공,2026-07-09
SYN-01959,결과_성공,2026-07-09
SYN-01960,제출,2025-09-20
SYN-01960,종결,2025-10-28
SYN-01960,결과_성공,2025-10-28
SYN-01961,제출,2026-01-14
SYN-01961,종결,2026-06-14
SYN-01961,결과_성공,2026-06-14
SYN-01962,제출,2026-04-16
SYN-01962,종결,2026-09-20
SYN-01962,결과_성공,2026-09-20
SYN-01963,제출,2026-04-24
SYN-01963,종결,2026-08-22
SYN-01963,결과_성공,2026-08-22
SYN-01964,제출,2026-08-06
SYN-01964,종결,2026-09-09
SYN-01964,결과_성공,2026-09-09
SYN-01965,제출,2025-10-14
SYN-01965,종결,2025-11-22
SYN-01965,결과_성공,2025-11-22
SYN-01966,제출,2026-01-02
SYN-01966,종결,2026-07-05
SYN-01966,결과_성공,2026-07-05
SYN-01967,제출,2026-04-05
SYN-01967,종결,2026-06-10
SYN-01967,결과_실패,2026-06-10
SYN-01968,제출,2026-03-09
SYN-01968,종결,2026-05-04
SYN-01968,결과_성공,2026-05-04
SYN-01969,제출,2026-08-26
SYN-01970,제출,2025-09-03
SYN-01970,종결,2026-01-12
SYN-01970,결과_성공,2026-01-12
SYN-01971,제출,2026-06-18
SYN-01971,종결,2026-10-02
SYN-01971,결과_성공,2026-10-02
SYN-01972,제출,2025-09-21
SYN-01972,종결,2026-01-11
SYN-01972,결과_실패,2026-01-11
SYN-01973,제출,2025-11-17
SYN-01973,종결,2026-05-04
SYN-01973,결과_성공,2026-05-04
SYN-01974,제출,2025-11-06
SYN-01974,종결,2026-05-12
SYN-01974,결과_성공,2026-05-12
SYN-01975,제출,2026-04-03
SYN-01975,종결,2026-10-12
SYN-01975,결과_성공,2026-10-12
SYN-01976,제출,2026-04-04
SYN-01976,종결,2026-10-03
SYN-01976,결과_성공,2026-10-03
SYN-01977,제출,2025-09-21
SYN-01977,종결,2026-03-27
SYN-01977,결과_성공,2026-03-27
SYN-01978,제출,2026-08-15
SYN-01978,종결,2026-11-24
SYN-01978,결과_성공,2026-11-24
SYN-01979,제출,2026-05-23
SYN-01979,종결,2026-11-19
SYN-01979,결과_성공,2026-11-19
SYN-01980,제출,2026-01-26
SYN-01980,종결,2026-07-13
SYN-01980,결과_성공,2026-07-13
SYN-01981,제출,2026-07-07
SYN-01981,종결,2026-09-03
SYN-01981,결과_성공,2026-09-03
SYN-01982,제출,2026-05-16
SYN-01982,종결,2026-06-21
SYN-01982,결과_실패,2026-06-21
SYN-01983,제출,2025-11-24
SYN-01983,종결,2026-02-08
SYN-01983,결과_성공,2026-02-08
SYN-01984,제출,2025-10-06
SYN-01984,종결,2025-12-03
SYN-01984,결과_실패,2025-12-03
SYN-01985,제출,2026-03-31
SYN-01985,제출,2026-03-31
SYN-01985,종결,2026-08-18
SYN-01985,결과_실패,2026-08-18
SYN-01986,제출,2026-05-20
SYN-01986,종결,2026-10-30
SYN-01986,결과_성공,2026-10-30
SYN-01986,결과_성공,2026-10-30
SYN-01987,제출,2025-09-18
SYN-01987,종결,2025-12-30
SYN-01987,결과_성공,2025-12-30
SYN-01988,제출,2025-09-02
SYN-01988,종결,2026-01-16
SYN-01988,결과_성공,2026-01-16
SYN-01989,제출,2025-10-11
SYN-01989,종결,2026-03-20
SYN-01989,결과_성공,2026-03-20
SYN-01990,제출,2025-12-13
SYN-01990,종결,2026-02-07
SYN-01990,결과_성공,2026-02-07
SYN-01991,제출,2025-12-12
SYN-01991,종결,2026-02-02
SYN-01991,결과_실패,2026-02-02
SYN-01992,제출,2026-08-16
SYN-01992,종결,2026-11-20
SYN-01992,결과_성공,2026-11-20
SYN-01993,제출,2026-04-16
SYN-01993,종결,2026-07-11
SYN-01993,결과_성공,2026-07-11
SYN-01994,제출,2026-03-24
SYN-01994,종결,2026-05-11
SYN-01994,결과_실패,2026-05-11
SYN-01995,제출,2026-02-14
SYN-01995,종결,2026-07-09
SYN-01995,결과_성공,2026-07-09
SYN-01996,제출,2026-05-27
SYN-01996,종결,2026-09-01
SYN-01996,결과_성공,2026-09-01
SYN-01997,제출,2026-02-04
SYN-01997,종결,2026-05-07
SYN-01997,결과_성공,2026-05-07
SYN-01998,제출,2026-07-10
SYN-01998,종결,2026-08-31
SYN-01998,결과_성공,2026-08-31
SYN-01999,제출,2025-12-22
SYN-01999,종결,2026-05-11
SYN-01999,결과_성공,2026-05-11
SYN-02000,제출,2025-09-19
SYN-02000,종결,2026-04-04
SYN-02000,결과_성공,2026-04-04
